loan_id,account_id,loan_date,amount_loan,duration,payments,status,target,min_balance,mean_balance,std_balance,total_tx_count,history_days,total_inflow,total_outflow,min_balance_90d,mean_balance_90d,min_balance_180d,mean_balance_180d,months_history,avg_monthly_inflow,dsti_ratio,balance_trend_90d,balance_trend_180d,balance_trend_90d_vs_180d,k_sym_household_payment,k_sym_insurance_payment,k_sym_interest_credited,k_sym_other_unknown,k_sym_sanction_interest,k_sym_statement_payment,op_count_collection_other_bank,op_count_credit_card_withdrawal,op_count_credit_in_cash,op_count_other_unknown,op_count_remittance_to_other_bank,op_count_withdrawal_in_cash,salary_electronic,cash_deposits,cash_reliance_ratio
5314,1787,1993-07-05,96396.0,12,8033.0,B,1,1100.0,12250.0,8330.8663014919,4,105,20100.0,0.0,11000.0,15966.666666666666,1100.0,12250.0,3.4539473684210527,5819.428571428572,1.3803760777536742,1.3034013594802165,0.9999999991836734,1.3034013594802165,0.0,0.0,0.0,20100.0,0.0,0.0,0,0,4,0,0,0,0.0,20100.0,0.9999999995024875
5316,1801,1993-07-11,165960.0,36,4610.0,A,0,700.0,52083.85945945946,29122.05945394563,37,148,229893.7,177684.8,23795.0,56036.57586206897,700.0,52083.85945945946,4.868421052631579,47221.408648648656,0.09762521133845237,1.0758913880974443,0.9999999998080019,1.0758913880974443,8334.0,2868.0,842.7,395490.0,0.0,43.8,0,0,12,5,8,12,0.0,229051.0,0.9999999999563417
6863,9188,1993-07-28,127080.0,60,2118.0,A,0,800.0,30060.954166666666,11520.18445104369,24,170,75146.0,54873.0,20272.8,35160.92941176471,800.0,30060.954166666666,5.592105263157895,13437.87294117647,0.15761423014604195,1.169654469552954,0.9999999996673425,1.169654469552954,7936.0,66.0,741.0,121276.0,0.0,0.0,5,0,2,8,3,6,69905.0,4500.0,0.06047980645649085
5325,1843,1993-08-03,105804.0,36,2939.0,A,0,1000.0,41297.48,14151.260443037105,25,185,120309.8,86017.2,34129.2,46378.6375,18632.0,42976.541666666664,6.085526315789474,19769.826594594593,0.14866088908017858,1.1230379550706147,1.040657726724732,1.0791616935799289,13988.0,0.0,801.8000000000001,191508.0,0.0,29.2,6,0,2,5,2,10,114608.0,4900.0,0.041001439230762673
7240,11013,1993-09-06,274740.0,60,4579.0,A,0,600.0,57188.21111111111,25256.6658167142,27,204,276327.1,235214.0,40960.1,60804.54705882353,35844.0,59364.68076923077,6.710526315789474,41178.15607843136,0.11119973391150531,1.0632356890837846,1.0380580124024235,1.0242545948313515,756.0,0.0,1141.1,509584.0,0.0,60.0,6,0,1,6,3,11,274586.0,600.0,0.002180343476696476
6687,8261,1993-09-13,87840.0,24,3660.0,A,0,500.0,46318.55294117647,20670.97738216307,17,124,102647.8,58800.0,42707.0,57919.48181818182,500.0,46318.55294117647,4.078947368421053,25165.26709677419,0.14543855165418734,1.2504596566139203,0.9999999997841037,1.2504596566139203,0.0,0.0,1232.8000000000002,160215.0,0.0,0.0,4,0,2,8,0,3,98815.0,2600.0,0.025637233148386604
7284,11265,1993-09-15,52788.0,12,4399.0,A,0,1000.0,22198.17906976744,6652.642956340849,43,244,90384.8,69355.8,14716.8,20615.732,14716.8,23153.08918918919,8.026315789473685,11261.057049180326,0.3906382835005541,0.9287127527856659,1.043017497335721,0.8904095614472886,2024.0,0.0,631.8,157041.0,0.0,43.8,0,0,14,7,8,14,0.0,89753.0,0.9999999998885831
6111,5428,1993-09-24,174744.0,24,7281.0,B,1,1000.0,37485.45625,28302.653142986743,32,163,213997.6,155856.8,9239.8,21443.410526315787,1000.0,37485.45625,5.361842105263158,39911.20883435583,0.1824299541613525,0.5720461391101601,0.9999999997332297,0.5720461391101601,18600.0,0.0,847.6,350363.0,0.0,43.8,0,0,11,5,0,16,0.0,213150.0,0.9999999999530848
7235,10973,1993-10-13,154416.0,48,3217.0,A,0,8897.0,46715.8,20286.965558464442,32,176,182543.8,129141.0,20149.5,44006.81764705882,8897.0,46715.8,5.7894736842105265,31530.292727272725,0.10202886559937029,0.9420114316278154,0.9999999997859396,0.9420114316278154,0.0,0.0,921.8,310643.0,0.0,120.0,0,0,10,6,0,16,0.0,181622.0,0.9999999999449406
5997,4894,1993-11-04,117024.0,24,4876.0,A,0,800.0,44131.16923076923,19844.247591152816,13,137,118393.5,65200.0,40555.1,54099.455555555556,800.0,44131.16923076923,4.506578947368421,26271.258394160584,0.18560207223373004,1.225878590716727,0.9999999997734027,1.225878590716727,0.0,0.0,573.5,183020.0,0.0,0.0,4,0,1,4,0,4,117020.0,800.0,0.006790018671975045
7121,10364,1993-11-10,21924.0,36,609.0,A,0,1100.0,34272.21333333333,10171.031845987452,45,297,158586.5,109503.0,29854.8,36219.47647058823,24950.4,36239.13529411765,9.769736842105264,16232.422895622894,0.037517504536494245,1.0568175480161592,1.0573911562431062,0.9994575247625407,31310.0,0.0,1110.0,235596.5,0.0,73.0,0,0,12,9,5,19,0.0,157476.5,0.9999999999364986
6077,5270,1993-11-22,79608.0,24,3317.0,A,0,800.0,69954.5716981132,24870.23292768019,53,313,518282.4,414536.6,51088.6,83870.44375,31251.7,72354.01351351352,10.296052631578949,50337.97111821086,0.06589459061732142,1.1989272709716678,1.034299999940133,1.1591678148268014,0.0,0.0,2868.4,929863.0,0.0,87.6,11,0,1,10,0,31,514614.0,800.0,0.0015521503102059286
6228,6034,1993-12-01,464520.0,60,7742.0,B,1,200.0,51760.01617647059,27848.686707573845,68,257,497102.3,409732.0,12514.7,43871.446153846155,12514.7,47970.96599999999,8.453947368421053,58801.20591439688,0.1316639663811352,0.8475933623319382,0.9267958075434101,0.9145416447252853,0.0,0.0,1749.3,904875.0,0.0,210.0,0,0,22,9,0,37,0.0,495353.0,0.9999999999798124
6356,6701,1993-12-08,95400.0,36,2650.0,A,0,200.0,41562.323404255316,23576.743344256894,47,268,257545.0,229878.0,27562.0,45949.529411764706,4092.6,38904.394594594596,8.81578947368421,29214.059701492537,0.09070974818872965,1.1055572845093793,0.9360495612054958,1.1810884060470146,0.0,0.0,1396.0,485847.0,0.0,180.0,0,0,13,9,0,25,0.0,256149.0,0.9999999999609602
5523,2705,1993-12-08,93888.0,36,2608.0,A,0,600.0,37510.494736842105,14598.865783434976,19,156,85016.4,50300.0,34578.2,45788.18333333333,600.0,37510.494736842105,5.131578947368421,16567.29846153846,0.15741854379459477,1.2206766037706844,0.9999999997334078,1.2206766037706844,0.0,0.0,771.4,134445.0,0.0,100.0,5,0,2,5,0,7,78245.0,6000.0,0.071220843958547
6456,7123,1993-12-09,47016.0,12,3918.0,A,0,200.0,60382.08571428571,23888.321559448163,42,239,286683.4,227910.0,37588.5,68390.96818181819,25441.9,65828.11081081082,7.861842105263158,36465.16887029289,0.10744499807095176,1.1326367309354353,1.0901927288731383,1.0389325673948575,58324.0,0.0,1484.4,454385.0,0.0,400.0,0,0,14,8,4,16,0.0,285199.0,0.9999999999649367
7104,10320,1993-12-13,259740.0,60,4329.0,A,0,800.0,45198.15294117647,19487.23966632132,17,155,144433.5,77214.0,35539.4,54402.88181818181,800.0,45198.15294117647,5.098684210526316,28327.60258064516,0.15281914472457328,1.2036527660090088,0.999999999778752,1.2036527660090088,12414.0,0.0,781.5,208452.0,0.0,0.0,5,0,1,4,1,6,142852.0,800.0,0.005569014005682551
6820,9034,1993-12-16,38148.0,12,3179.0,A,0,900.0,37462.09310344827,13293.431805243708,29,171,145221.5,97495.6,24134.8,41406.25263157895,900.0,37462.09310344827,5.625,25817.155555555557,0.12313517621752733,1.105284013527658,0.9999999997330634,1.105284013527658,4697.0,18230.0,795.5,218980.0,0.0,14.6,6,0,2,10,4,7,141726.0,2700.0,0.01869469485974169
6876,9236,1993-12-21,86616.0,12,7218.0,A,0,800.0,25714.04666666667,11715.975172745155,15,125,58553.2,21300.0,16535.8,29641.558333333334,800.0,25714.04666666667,4.111842105263158,14240.138239999998,0.5068771014213995,1.1527379842640852,0.9999999996111075,1.1527379842640852,0.0,0.0,376.2,79477.0,0.0,0.0,0,0,6,6,0,3,0.0,58177.0,0.9999999998281107
7097,10266,1993-12-23,75624.0,24,3151.0,B,1,400.0,50009.90869565217,20688.41804888367,23,196,175155.0,133200.0,36309.2,55333.049999999996,26688.1,53311.6619047619,6.447368421052632,27166.897959183672,0.11598674252666924,1.1064417318911481,1.06602198013484,1.0379164335276212,13500.0,0.0,1777.0,293078.0,0.0,0.0,0,0,6,9,0,8,0.0,173378.0,0.9999999999423226
4959,2,1994-01-05,80952.0,24,3373.0,A,0,1100.0,32590.624074074072,12061.705681876094,54,313,228685.3,200844.6,16858.9,30317.13157894737,10508.0,31380.980487804878,10.296052631578949,22210.96843450479,0.1518619059059765,0.9302409030504672,0.9628836933852916,0.9660989267390188,36330.0,0.0,1289.3,391823.0,0.0,87.6,10,0,2,10,5,27,222596.0,4800.0,0.021108550721160066
6499,7401,1994-01-05,80952.0,24,3373.0,A,0,1100.0,33312.53888888889,12270.895742079612,54,313,228693.9,199944.6,21156.8,33058.01052631579,11098.5,32092.8525,10.296052631578949,22211.803706070285,0.15185619516165758,0.9923593823531236,0.9633865673645915,1.030073924280026,36330.0,0.0,1297.9,390923.0,0.0,87.6,10,0,2,10,5,27,222596.0,4800.0,0.021108550721160066
5479,2486,1994-01-10,24516.0,12,2043.0,A,0,200.0,55582.22602739726,29534.218113303323,73,317,630685.0,552028.8,34595.4,71925.38518518518,424.2,56628.94666666667,10.427631578947368,60482.09463722398,0.03377859202655393,1.2940357073283064,1.018831930706862,1.2701169526577338,0.0,0.0,1771.0,1180826.0,0.0,116.8,0,0,21,10,0,42,0.0,628914.0,0.9999999999840996
5170,1071,1994-01-20,253200.0,60,4220.0,C,0,800.0,47302.546341463414,26552.739504598183,41,255,284778.7,203628.0,15124.2,31870.088888888888,15124.2,43804.6875,8.388157894736842,33950.088156862745,0.1243001190235189,0.6737499637353648,0.9260534765829747,0.7275497372652958,0.0,0.0,1713.6999999999998,486543.0,0.0,150.0,0,0,13,8,0,20,0.0,283065.0,0.9999999999646724
6721,8475,1994-01-21,21072.0,24,878.0,A,0,1100.0,21575.686666666665,9070.837344626276,15,135,39167.1,8300.0,15740.5,24937.608333333334,1100.0,21575.686666666665,4.440789473684211,8819.850666666665,0.09954817061957645,1.1558199146589605,0.9999999995365153,1.1558199146589605,0.0,0.0,453.1,47014.0,0.0,0.0,0,0,7,6,0,2,0.0,38714.0,0.9999999997416954
7259,11111,1994-01-31,108144.0,36,3004.0,A,0,900.0,54652.89818181818,25585.472260311017,55,256,386925.0,365003.6,21421.3,38051.142857142855,21421.3,48260.1027027027,8.421052631578947,45947.34375,0.06537918743879961,0.6962328461263433,0.8830291585511468,0.7884596326631373,28416.0,0.0,1604.0,721821.0,0.0,87.6,0,0,15,8,6,26,0.0,385321.0,0.9999999999740475
5285,1603,1994-02-06,78936.0,12,6578.0,A,0,900.0,25900.31960784314,7684.869705311071,51,273,95405.0,70804.0,16007.1,24061.321739130435,16007.1,26970.32195121951,8.980263157894738,10623.853479853478,0.6191726953202479,0.9289970971074122,1.041312321591554,0.8921406935270587,9436.0,0.0,996.0,155704.0,0.0,73.0,0,0,15,9,9,18,0.0,94409.0,0.9999999998940778
5189,1166,1994-02-07,149040.0,48,3105.0,A,0,200.0,36845.58888888889,12658.246764300018,54,292,189931.6,170898.0,18921.5,34261.94,18921.5,37517.809302325586,9.605263157894738,19773.700821917806,0.15702675115768167,0.9298790173776595,1.0182442572781614,0.9132180323957255,21985.0,0.0,1222.6,337549.0,0.0,73.0,9,0,2,9,5,29,186309.0,2400.0,0.012717994371613544
6650,8073,1994-02-17,49320.0,12,4110.0,B,1,900.0,46576.27755102041,24439.877180919786,49,167,266271.6,250598.0,13173.0,43604.364285714284,900.0,46576.27755102041,5.493421052631579,48470.99784431137,0.0847929727453388,0.9361925548598732,0.9999999997852984,0.9361925548598732,3475.0,0.0,964.6,511930.0,0.0,500.0,0,0,12,5,10,22,0.0,265307.0,0.9999999999623077
7226,10940,1994-02-23,197748.0,36,5493.0,A,0,300.0,44735.43125,19635.357674451083,16,163,135994.6,92700.0,38197.6,54845.4,300.0,44735.43125,5.361842105263158,25363.410061349692,0.2165718247092038,1.2259946636311916,0.9999999997764635,1.2259946636311916,0.0,0.0,602.6,228092.0,0.0,0.0,0,0,7,4,0,5,0.0,135392.0,0.9999999999261405
6087,5313,1994-02-27,300660.0,60,5011.0,C,0,800.0,45854.89090909091,30520.960807281426,66,304,358263.0,324344.0,7691.0,26740.62962962963,7691.0,49881.51111111111,10.0,35826.3,0.13986931384489346,0.5831576325590303,1.087812229215091,0.5360829900422227,28955.0,4790.0,1294.0,647495.0,0.0,73.0,0,0,15,9,15,27,0.0,356969.0,0.9999999999719863
7262,11135,1994-03-01,182628.0,36,5073.0,A,0,500.0,33229.10769230769,14579.421766566596,13,142,76660.9,31000.0,30008.4,41278.25555555555,500.0,33229.10769230769,4.671052631578948,16411.91098591549,0.3091047716053628,1.2422318385843645,0.999999999699059,1.2422318385843645,0.0,0.0,549.9,107111.0,0.0,0.0,0,0,6,4,0,3,0.0,76111.0,0.9999999998686129
5519,2694,1994-03-08,91632.0,12,7636.0,A,0,700.0,40976.94285714286,10641.422753595749,70,365,237174.6,204112.8,26515.8,40211.088461538464,26515.8,40388.1,12.006578947368421,19753.72010958904,0.38656009874452246,0.9813101136390902,0.9856298975486767,0.9956172350663262,28256.0,0.0,2068.6,410846.0,0.0,116.8,0,0,15,12,8,35,0.0,235106.0,0.999999999957466
6577,7753,1994-03-11,51696.0,24,2154.0,A,0,600.0,58226.50490196078,26115.030058226144,102,396,728065.9,689863.6,20808.9,45650.269230769234,20808.9,49139.246666666666,13.026315789473685,55891.92767676768,0.038538660038200036,0.7840118396217156,0.8439326169579615,0.9289981495065502,0.0,0.0,2891.9,1414877.0,0.0,160.6,0,5,31,13,0,53,0.0,725174.0,0.9999999999862103
6509,7445,1994-03-15,55368.0,24,2307.0,A,0,200.0,46061.3193877551,24131.83891162098,98,362,432628.6,420214.0,2235.7,19824.41153846154,2235.7,34659.39818181818,11.907894736842106,36331.24154696132,0.06349906860141317,0.43039174295618904,0.7524621229913656,0.5719779503598351,0.0,0.0,3617.6,849079.0,0.0,146.0,0,0,25,22,0,51,0.0,429011.0,0.9999999999766905
6520,7485,1994-03-16,91200.0,24,3800.0,A,0,700.0,32558.533333333333,15743.433555304437,36,231,196349.0,163633.8,8884.6,28178.886363636364,8884.6,33989.68387096774,7.598684210526316,25839.868398268398,0.147059572439001,0.8654838983834712,1.0439562345312907,0.8290423194966785,30837.0,0.0,858.0,328244.0,0.0,43.8,8,0,3,7,3,15,193791.0,1700.0,0.008696052503250992
6699,8330,1994-03-30,7656.0,24,319.0,A,0,600.0,46444.63950617284,12923.560345495733,81,367,278859.2,242506.2,32748.6,46095.01034482759,32748.6,48890.45510204081,12.072368421052632,23098.96370572207,0.013810143343481506,0.9924721307994326,1.0526608799496935,0.9428222797106923,29664.0,0.0,3325.2,488274.0,0.0,102.2,0,0,14,22,8,37,0.0,275534.0,0.9999999999637068
6336,6555,1994-03-31,212400.0,36,5900.0,A,0,300.0,51034.361971830986,27309.501085647138,71,391,433316.2,369095.0,27728.0,58723.74210526316,22246.4,55253.13428571428,12.86184210526316,33690.05749360614,0.17512585128026187,1.1506706427753464,1.0826653286149681,1.0628128676099027,0.0,0.0,2219.2,799922.0,0.0,270.0,0,0,19,12,0,40,0.0,431097.0,0.9999999999768033
7055,10079,1994-04-06,167100.0,60,2785.0,C,0,1100.0,63707.626582278484,26493.59158887542,79,335,585785.2,546475.0,20795.2,52862.92,20795.2,53840.47906976745,11.019736842105264,53157.821134328355,0.05239116163994889,0.8297738093166872,0.8451182684035672,0.9818434178804548,0.0,0.0,2894.2000000000003,1129220.0,0.0,146.0,0,0,22,11,0,46,0.0,582891.0,0.9999999999828442
6103,5385,1994-04-07,149340.0,60,2489.0,C,0,500.0,29069.116071428572,10432.344642413836,56,321,173575.3,150037.0,10014.4,22474.572727272727,10014.4,28526.588372093025,10.55921052631579,16438.283862928347,0.1514148325482473,0.7731426254694785,0.9813366286124485,0.7878464969677438,52524.0,0.0,1079.3,269829.0,0.0,180.0,10,0,3,10,6,27,164296.0,8200.0,0.04753733419629804
6202,5891,1994-04-18,65184.0,12,5432.0,A,0,900.0,47426.55,18172.768250468802,82,448,524877.5,456882.0,25145.6,39965.694444444445,21632.9,43955.978571428575,14.73684210526316,35616.6875,0.15251277925480497,0.8426860995796148,0.9268221821355411,0.9092209008703532,0.0,0.0,2473.5,979140.0,0.0,146.0,15,0,1,14,0,52,521504.0,900.0,0.001722804572673203
7066,10131,1994-05-02,215388.0,36,5983.0,B,1,1000.0,32702.726666666666,10504.310470160513,15,156,61162.9,30500.0,28768.6,32258.212499999998,1000.0,32702.726666666666,5.131578947368421,11918.924102564102,0.5019748379548065,0.9864074277028457,0.9999999996942152,0.9864074277028457,0.0,0.0,692.9,90970.0,0.0,0.0,0,0,3,7,0,5,0.0,60470.0,0.9999999998346287
6696,8321,1994-05-09,89040.0,60,1484.0,C,0,800.0,30045.399999999998,8832.079278613892,87,392,164345.4,135039.4,16890.3,25425.622727272726,16890.3,27406.832000000002,12.894736842105264,12745.153469387755,0.11643641658768691,0.8462401139212767,0.9121806330046596,0.9277111166294453,56328.0,0.0,2977.4,239948.0,0.0,131.4,0,0,18,26,8,35,0.0,161368.0,0.9999999999380299
6072,5256,1994-05-10,193968.0,36,5388.0,A,0,800.0,63579.21724137931,30034.313435862332,29,197,286180.0,205400.0,39210.7,74918.93333333333,10300.0,65821.33214285715,6.480263157894737,44161.78680203045,0.12200593293322573,1.1783557044610833,1.0352649024069134,1.1382166067278734,0.0,0.0,1554.0,489926.0,0.0,100.0,0,0,12,8,0,9,0.0,284626.0,0.9999999999648661
5130,813,1994-05-11,24312.0,12,2026.0,A,0,1100.0,29380.839743589742,7695.862800862465,78,455,207260.4,178798.6,22660.8,31829.4,20296.4,29990.645714285718,14.967105263157896,13847.727824175823,0.14630559065436613,1.0833386746922744,1.020755225712072,1.0613109265008356,0.0,0.0,1896.4,384002.0,0.0,160.6,15,0,7,15,0,41,194464.0,10900.0,0.053076488573796946
5568,2933,1994-05-17,272520.0,60,4542.0,C,0,1100.0,44602.64166666666,24196.754530887032,84,333,467695.6,437685.4,26239.8,42060.242105263154,21342.8,44563.50909090909,10.953947368421053,42696.53525525525,0.10637865512464895,0.9429989015037749,0.999122639729699,0.9438269775843378,59070.0,0.0,1720.6000000000001,844459.0,0.0,131.4,0,0,23,11,10,40,0.0,465975.0,0.9999999999785396
6678,8173,1994-05-20,80340.0,12,6695.0,A,0,1100.0,61531.59038461539,26678.258714234544,52,319,446745.7,357403.0,38213.6,66299.92,21980.0,62083.7375,10.493421052631579,42573.884890282134,0.1572560271556433,1.0774940087653233,1.0089733923963866,1.0679112221509035,0.0,0.0,2625.7,801450.0,0.0,73.0,10,0,3,9,0,30,428820.0,15300.0,0.034450148607708495
6998,9833,1994-05-21,97632.0,12,8136.0,A,0,1100.0,53379.12769230769,22871.826586869844,65,301,515264.19999999995,473934.0,30394.6,55673.362499999996,21477.7,51733.967307692306,9.901315789473685,52039.97235880398,0.15634135895270437,1.0429799979214183,0.9691797062741386,1.0761471695784766,39186.0,0.0,1596.1999999999998,948343.0,0.0,73.0,10,0,1,9,12,33,512568.0,1100.0,0.002141461021474153
6580,7769,1994-05-22,196080.0,48,4085.0,A,0,900.0,49143.96595744681,23182.39661204049,47,231,289532.4,202675.0,22037.1,47158.3294117647,17227.4,48049.755,7.598684210526316,38102.9651948052,0.10720950398592173,0.9595955166297038,0.9777345815319092,0.9814478638226193,0.0,0.0,1354.4,490780.0,0.0,73.0,0,0,13,7,0,27,0.0,288178.0,0.9999999999652992
6316,6473,1994-05-26,76908.0,12,6409.0,B,1,1100.0,52890.40392156863,23250.780434566495,102,485,666797.7,651909.2,7888.6,36690.14705882353,7888.6,51251.92222222222,15.953947368421053,41795.154804123704,0.15334313339675024,0.693701396311786,0.9690211912265535,0.7158784580328644,0.0,0.0,3128.7,1315403.0,0.0,175.2,0,0,26,16,0,60,0.0,663669.0,0.9999999999849323
6407,6930,1994-05-26,25944.0,24,1081.0,A,0,600.0,56927.45405405405,17426.036797826957,37,260,232737.4,163338.4,42000.5,62244.35333333334,42000.5,63065.46896551723,8.552631578947368,27212.372923076924,0.03972457685548007,1.093397805271544,1.107821700484915,0.9869799486862983,0.0,0.0,1903.9,394113.5,0.0,58.4,0,0,11,8,0,18,0.0,230833.5,0.9999999999566788
6512,7454,1994-05-26,63312.0,48,1319.0,A,0,500.0,22551.77926829268,5522.432869014776,82,402,96737.2,68183.8,17502.8,24357.790476190476,12051.5,21872.43,13.223684210526317,7315.449950248755,0.18030333160192222,1.0800828695426343,0.9698760230884934,1.1136298282840167,18448.0,0.0,1113.2,145243.0,0.0,116.8,0,0,23,12,17,30,0.0,95624.0,0.9999999998954237
5002,173,1994-05-31,104808.0,12,8734.0,A,0,500.0,38709.829999999994,11517.175248212317,30,186,113646.0,85630.6,28015.4,42186.01,24170.0,40027.410344827586,6.11842105263158,18574.399999999998,0.47021707270748075,1.0898009624196747,1.0340373578103343,1.0539280364639445,12512.0,1470.0,611.0,184669.0,0.0,14.6,0,0,7,5,8,10,0.0,113035.0,0.9999999999115318
6647,8051,1994-06-01,208320.0,48,4340.0,A,0,200.0,43944.88941176471,16039.860835602089,85,479,423055.2,378872.0,36300.7,52955.44210526315,19909.6,46281.55238095238,15.756578947368421,26849.432317327766,0.16164215120416833,1.2050421061939403,1.053172575695011,1.1442019415842986,0.0,0.0,2815.2,798782.0,0.0,330.0,15,0,3,15,0,52,416640.0,3600.0,0.008566533409276447
7137,10439,1994-06-03,151560.0,24,6315.0,A,0,300.0,53976.29285714286,22844.00616457968,28,194,247759.3,226436.2,21323.2,54678.98888888889,21323.2,55964.3037037037,6.381578947368421,38824.13773195876,0.16265654222566628,1.0130186047321856,1.0368311851548258,0.9770333098149475,10134.0,0.0,1174.3,462858.0,0.0,29.2,6,0,1,6,1,14,246285.0,300.0,0.0012166190157058775
5918,4576,1994-06-04,300204.0,36,8339.0,A,0,300.0,34084.460563380286,11447.547499735838,71,364,250489.6,216556.8,16770.7,32240.640000000003,13241.5,30493.480000000003,11.973684210526317,20920.010549450548,0.39861356552866956,0.945904363972235,0.8946446411950901,1.0572961823126465,45800.0,0.0,1859.6,419270.0,0.0,116.8,0,0,15,12,0,44,0.0,248630.0,0.9999999999597796
6903,9337,1994-06-04,52128.0,24,2172.0,A,0,144.2,33459.68028169014,20087.36502977943,71,264,243548.7,184703.8,2007.4,37712.987499999996,144.2,32283.614035087718,8.68421052631579,28045.00181818182,0.07744695519389853,1.127117389384207,0.9648512404676352,1.1681773746684476,0.0,0.0,3390.7,424787.0,1.8,73.0,0,0,13,26,0,32,0.0,240158.0,0.9999999999583608
6642,8027,1994-06-05,77640.0,12,6470.0,A,0,700.0,55570.305,23174.95183686821,60,333,413086.9,382261.0,30825.8,65109.705882352944,23157.9,54062.943181818184,10.953947368421053,37711.23651651652,0.1715669014313716,1.1716636406914862,0.9728746885965343,1.2043315076528531,0.0,0.0,2697.9,792470.0,0.0,180.0,10,0,2,10,0,38,407589.0,2800.0,0.006822794957788274
6210,5927,1994-06-06,87216.0,48,1817.0,B,1,200.0,28362.248484848486,8425.332672368242,33,192,77528.3,55837.2,20452.2,30873.48,16556.0,29242.318750000002,6.315789473684211,12275.314166666667,0.14802065135357717,1.0885413406348103,1.0310296362896392,1.0557808446514587,10100.0,0.0,1252.3,121984.0,0.0,29.2,6,0,3,12,0,12,70876.0,5400.0,0.07079553200603131
6279,6273,1994-06-07,87360.0,24,3640.0,A,0,200.0,36783.95,13552.449489852383,30,321,136713.2,107655.2,28934.4,40692.525,28217.8,40927.21578947368,10.55921052631579,12947.29370716511,0.2811398335062256,1.106257620210375,1.1126378700043715,0.9942656544089495,0.0,0.0,1584.2,242755.0,0.0,29.2,0,0,6,10,0,14,0.0,135129.0,0.9999999999259968
7249,11065,1994-06-12,69360.0,48,1445.0,A,0,1100.0,33857.106410256405,9598.252851868401,78,450,204511.1,165846.0,33781.2,38736.294117647056,15182.9,34366.15,14.80263157894737,13815.860977777776,0.10458993480596841,1.1441111841285845,1.0150350586203385,1.1271642039150562,0.0,0.0,1805.1,368406.0,0.0,146.0,0,0,17,14,0,47,0.0,202706.0,0.9999999999506676
6736,8558,1994-06-14,288360.0,60,4806.0,C,0,800.0,33211.759999999995,16686.231188764257,10,107,64650.4,21200.0,11300.0,36813.066666666666,800.0,33211.759999999995,3.5197368421052633,18367.964112149533,0.2616512079422318,1.1084346826420015,0.9999999996989017,1.1084346826420015,0.0,0.0,176.39999999999998,85674.0,0.0,0.0,0,0,4,4,0,2,0.0,64474.0,0.9999999998448986
6112,5442,1994-06-17,174744.0,24,7281.0,B,1,-1369.2,26252.81440677966,23430.521918399387,118,452,438627.5,431696.6,-1369.2,6594.56,-1369.2,10787.883720930233,14.868421052631579,29500.610619469026,0.24680845055887743,0.2511944013052194,0.41092294142890395,0.6112932030489502,113540.0,14238.0,1632.5,740708.0,1.2,204.4,0,0,23,15,42,38,0.0,436995.0,0.9999999999771164
5319,1811,1994-06-23,239460.0,60,3991.0,C,0,300.0,40061.580434782605,16062.53213841481,46,274,240982.9,204742.4,12922.6,34471.54583333333,12922.6,41613.51081081081,9.013157894736842,26736.788905109486,0.14926998199640223,0.8604639520112269,1.0387386206135139,0.8283738899553315,16824.0,0.0,1231.9,427611.0,0.0,58.4,9,0,1,8,8,20,239451.0,300.0,0.0012512982218530352
6596,7844,1994-06-25,91584.0,24,3816.0,A,0,1000.0,50765.41612903226,18234.74108903289,31,211,257465.2,207622.2,33392.4,51843.01052631579,33392.4,53121.99642857143,6.940789473684211,37094.51222748815,0.10287235954388707,1.0212269389131432,1.0464209784685927,0.9759236098414595,0.0,0.0,968.2,464090.0,0.0,29.2,7,0,1,6,0,17,255497.0,1000.0,0.003898681076039927
5837,4260,1994-06-29,244560.0,60,4076.0,C,0,1000.0,38426.728571428575,15757.722747155978,42,258,224210.9,202884.8,19433.3,33060.87391304348,19433.3,39619.48333333333,8.486842105263158,26418.648682170544,0.1542849540676154,0.860361397743903,1.031039716258365,0.8344599960212894,48024.0,0.0,1032.9,377995.0,0.0,43.8,8,0,3,7,4,20,220078.0,3100.0,0.013890257999718152
5533,2762,1994-07-05,111384.0,24,4641.0,A,0,500.0,65097.22434210526,26285.863067554485,152,472,1054061.2,1001742.4,20377.5,63160.37857142858,20377.5,56422.2564516129,15.526315789473685,67888.68745762711,0.06836190495232468,0.970246876115632,0.8667382828249295,1.1194231236462509,96488.0,0.0,3888.2000000000003,1955223.0,0.0,204.4,0,0,39,16,28,69,0.0,1050173.0,0.9999999999904777
5657,3354,1994-07-05,4980.0,12,415.0,A,0,800.0,30533.371739130438,8705.183539928967,46,242,101697.8,79197.4,21602.2,30588.232000000004,21602.2,32593.06923076923,7.960526315789474,12775.26082644628,0.032484659633410774,1.0017967308465083,1.0674572562297333,0.9384888478602849,1467.0,6160.0,1029.8,172180.0,0.0,58.4,0,0,11,8,10,17,0.0,100668.0,0.9999999999006636
6232,6051,1994-07-08,276660.0,36,7685.0,B,1,500.0,19256.894827586206,6029.338312664938,58,314,111371.0,91587.6,12507.3,19988.68,6855.5,18071.561904761904,10.328947368421053,10782.415286624204,0.712734557943251,1.0380012026126597,0.9384463101231288,1.106084802978324,21900.0,0.0,728.0,180243.0,0.0,87.6,0,0,20,10,0,28,0.0,110643.0,0.9999999999096192
6066,5228,1994-07-11,173808.0,24,7242.0,A,0,1000.0,61218.65866666667,24967.390839870233,75,383,699587.9,605156.0,44750.9,67919.68947368422,24365.5,58931.41219512195,12.598684210526317,55528.64793733681,0.1304191668212107,1.109460594888395,0.9626380823920845,1.1525209889299253,0.0,0.0,3052.9,1300891.0,0.0,800.0,13,0,1,12,0,49,695535.0,1000.0,0.0014356780348232943
6888,9265,1994-07-11,39576.0,12,3298.0,A,0,300.0,48944.827826086956,26896.8541402657,115,522,487779.4,463878.2,23901.1,44265.145454545454,5435.8,53849.835999999996,17.17105263157895,28407.076168582375,0.11609783348581787,0.9043886231000045,1.100215045813208,0.8220107754149028,113916.0,0.0,5456.4,832110.0,0.0,175.2,0,0,21,32,23,39,0.0,482323.0,0.9999999999792669
5549,2824,1994-07-16,50460.0,60,841.0,C,0,800.0,37570.62790697674,10371.123781863109,43,269,158214.4,116683.4,28898.6,38797.23809523809,28898.6,39919.08,8.848684210526317,17879.991672862452,0.047035816062827286,1.032648114930948,1.0625076612563635,0.9718970999712196,36445.0,0.0,1064.4,237330.0,0.0,58.4,0,0,11,8,5,19,0.0,157150.0,0.9999999999363666
5060,426,1994-07-19,252060.0,60,4201.0,D,1,900.0,57340.50819672131,21418.913855883657,61,232,389614.5,319518.0,28523.5,58548.27096774193,28523.5,60568.260714285716,7.631578947368421,51052.93448275862,0.08228714062647804,1.02106299366351,1.0562909644247982,0.9666493682930895,37485.0,0.0,1276.5,670298.0,0.0,73.0,0,0,19,7,10,25,0.0,388338.0,0.9999999999742492
6004,4937,1994-07-23,143904.0,24,5996.0,A,0,700.0,49727.45611510792,23416.563215441554,139,518,658169.3,619833.0,32244.5,58702.023076923084,17960.4,50076.8568627451,17.039473684210527,38626.15196911197,0.15523161621800904,1.180475086624908,1.0070263143314255,1.1722385697268536,42992.0,0.0,3285.3,1231506.0,0.0,219.0,0,0,30,17,32,60,0.0,654884.0,0.9999999999847302
5126,790,1994-07-24,208128.0,48,4336.0,B,1,-1069.7,36369.975,22812.186440376034,64,439,342886.4,261411.8,27105.2,44496.21333333333,-1069.7,29752.931034482757,14.44078947368421,23744.297403189066,0.18261226788675225,1.2234326067339614,0.8180630046158164,1.4955236936760388,0.0,0.0,1824.4,602357.0,0.0,116.8,0,0,16,13,0,35,0.0,341062.0,0.9999999999706798
7220,10911,1994-07-28,131292.0,36,3647.0,A,0,1000.0,36635.115662650605,12494.312333486101,83,425,344177.4,312816.0,19705.6,32362.22,17896.6,31998.115384615383,13.980263157894738,24618.80696470588,0.148138778769704,0.8833661203411874,0.873427442417033,1.0113789390685768,73120.0,0.0,1806.4,581797.0,0.0,270.0,14,0,2,13,10,44,339171.0,3200.0,0.009346586013145195
5395,2176,1994-07-30,299088.0,36,8308.0,B,1,500.0,51992.85476190476,33855.698025767204,126,419,812759.3,793310.6,5250.5,26920.385714285712,5250.5,43887.14705882353,13.782894736842106,58968.6938424821,0.14088831644776714,0.5177708712550365,0.844099583516978,0.6134002210731389,13020.0,0.0,2462.3,1590427.0,0.0,160.6,0,0,33,13,24,56,0.0,810297.0,0.9999999999876589
6668,8129,1994-07-30,74736.0,36,2076.0,A,0,700.0,37912.99850746268,10605.68811295336,67,399,291052.7,257808.8,24393.9,35171.566666666666,24393.9,36658.84102564103,13.125,22175.44380952381,0.0936170665577497,0.9276915053412798,0.9669201186700125,0.9594293129035808,49472.0,0.0,1784.7,497488.0,0.0,116.8,0,0,14,12,8,33,0.0,289268.0,0.9999999999654299
6836,9093,1994-08-03,189300.0,60,3155.0,C,0,800.0,32354.031372549023,12250.079572479322,102,413,273115.4,248563.4,12805.3,31853.800000000003,12805.3,30556.35,13.585526315789474,20103.409588377726,0.15693855236649,0.9845388237207796,0.944437175037215,1.0424608956755437,11799.0,0.0,2827.4,506921.0,0.0,131.4,0,0,16,26,18,42,0.0,270288.0,0.9999999999630024
6064,5215,1994-08-04,14628.0,12,1219.0,A,0,200.0,32788.14215686275,9015.76816505543,102,399,226196.2,191293.4,24236.9,35422.64615384616,14203.6,31760.18909090909,13.125,17233.99619047619,0.07073228900713799,1.0803492913253854,0.968648633072216,1.1153159712399898,16.0,2976.0,1778.2,412588.0,0.0,131.4,0,0,16,13,33,40,0.0,224418.0,0.9999999999554403
6919,9403,1994-08-05,120888.0,36,3358.0,A,0,600.0,40838.755208333336,21557.464543439626,96,496,472459.6,420445.0,20849.5,35122.5105263158,18541.3,32348.772222222222,16.315789473684212,28957.201290322577,0.11596424547984865,0.8600289195530767,0.792109652933305,1.0857447780145018,38700.0,0.0,2577.6,851237.0,0.0,390.0,0,0,21,15,12,48,0.0,469882.0,0.999999999978718
6841,9104,1994-08-07,172080.0,48,3585.0,A,0,200.0,60743.95714285715,21110.31187474146,42,198,267848.9,209639.4,40925.8,71833.26400000001,35676.9,64860.799999999996,6.5131578947368425,41124.275555555556,0.08717478790076698,1.1825581896029185,1.0677737019467326,1.1074988897596858,0.0,0.0,2170.9,475259.0,0.0,58.4,0,0,12,13,0,17,0.0,265678.0,0.9999999999623603
6038,5120,1994-08-10,323472.0,48,6739.0,A,0,200.0,45414.07368421053,26516.428001628443,57,415,388617.3,319437.6,18707.2,48282.61304347827,7618.0,44074.490243902444,13.651315789473685,28467.38775903614,0.2367270244349565,1.0631641056599028,0.9705029005033111,1.0954775146651463,15040.0,0.0,1690.3,691237.0,0.0,87.6,0,0,19,9,5,24,0.0,386927.0,0.9999999999741553
6729,8519,1994-08-11,74688.0,12,6224.0,A,0,1100.0,48484.62410714286,20930.650934412955,112,496,661350.4,632417.2,25101.2,48359.60952380953,11374.1,41004.040425531915,16.315789473684212,40534.379354838704,0.15354866899476866,0.9974215620805621,0.8457122473809998,1.1793864460709016,164532.0,0.0,6695.4,1122365.0,0.0,175.2,16,0,1,32,12,51,653555.0,1100.0,0.0016802743429488775
7198,10788,1994-08-23,45768.0,12,3814.0,A,0,800.0,32555.818518518518,14361.643030576995,27,274,103427.6,49000.0,28255.3,40484.354545454546,25196.6,38212.742105263154,9.013157894736842,11475.17897810219,0.332369543338232,1.2435366817759697,1.1737607540657975,1.0594464648294384,0.0,0.0,1115.6,151312.0,0.0,0.0,0,0,10,12,0,5,0.0,102312.0,0.9999999999022597
6686,8260,1994-08-25,224604.0,36,6239.0,A,0,200.0,57496.98924731183,21234.856010411902,93,519,696151.5,655864.2,15574.1,50128.23181818182,15574.1,55631.92368421053,17.072368421052634,40776.50404624277,0.15300477920801123,0.8718409862096747,0.9675623785316007,0.901069538664875,0.0,0.0,3405.5,1348435.0,0.0,175.2,17,0,1,16,0,59,692546.0,200.0,0.00028870610584126496
7061,10105,1994-08-27,121896.0,24,5079.0,A,0,600.0,54422.596774193546,21910.827556377593,93,486,636169.6,594252.4,22951.2,64089.52692307692,22951.2,59112.47708333333,15.98684210526316,39793.32477366255,0.12763447205309222,1.177627138543507,1.086175239262047,1.0841962657373547,0.0,0.0,3010.6,1227280.0,0.0,131.4,0,0,24,15,0,54,0.0,633159.0,0.9999999999842062
5836,4259,1994-08-27,79632.0,24,3318.0,A,0,900.0,63494.2,29061.53705517541,16,141,244462.5,154716.0,38043.9,73610.88181818182,900.0,63494.2,4.6381578947368425,52706.80851063829,0.06295201878331862,1.1593323769192856,0.9999999998425052,1.1593323769192856,9516.0,0.0,957.5,388705.0,0.0,0.0,5,0,1,4,1,5,242605.0,900.0,0.003696022668787252
5595,3050,1994-09-02,82896.0,12,6908.0,A,0,900.0,57141.73095238096,24685.92139144404,126,482,702299.6,654213.6,43294.6,73764.41481481482,14782.2,57353.362068965514,15.855263157894738,44294.41460580912,0.15595645771407182,1.290902700574075,1.0037036173567069,1.2861393323943968,106876.0,451.0,3855.6,1245170.0,0.0,160.6,15,2,4,15,33,57,683844.0,14600.0,0.0209036085925156
5723,3674,1994-09-10,23628.0,12,1969.0,A,0,1000.0,47420.84181818181,27950.21068970953,110,547,577410.2,513313.8,18864.4,61428.45714285714,18864.4,61022.8,17.99342105263158,32090.07327239488,0.06135853859455736,1.2953894274046969,1.2868350212149684,1.006647632242222,114036.0,0.0,3055.2,973443.0,0.0,189.79999999999998,0,0,31,18,12,49,0.0,574355.0,0.9999999999825893
6120,5481,1994-09-11,209184.0,48,4358.0,A,0,1000.0,46230.339705882354,19403.334950613862,68,391,513026.6,468771.8,22169.2,44168.0,22169.2,46209.943243243244,12.86184210526316,39887.49012787723,0.10925731313090656,0.9553899078276977,0.9995588076409461,0.955811604397503,0.0,0.0,2006.6,979675.0,0.0,116.8,13,0,1,12,0,42,510020.0,1000.0,0.0019568705725420362
6895,9307,1994-09-19,41904.0,12,3492.0,A,0,900.0,36080.38671328671,20303.817120135827,143,603,500146.8,460942.0,33389.7,53972.15416666667,14573.4,44010.4375,19.835526315789476,25214.697711442783,0.13849065487826073,1.4958862436979479,1.2197884085204425,1.226348957662672,69810.0,0.0,4302.8,886757.0,0.0,219.0,0,0,26,37,30,50,0.0,495844.0,0.9999999999798324
5882,4427,1994-09-26,87816.0,12,7318.0,A,0,800.0,25533.214285714286,6896.753585410004,84,476,198466.6,182801.0,15597.8,22691.89,15597.8,24373.078048780488,15.657894736842106,12675.17781512605,0.5773489020006886,0.8887204617950824,0.9545636427322617,0.9310227434251033,55055.0,0.0,1482.6,324584.0,0.0,146.0,0,0,27,14,11,32,0.0,196984.0,0.9999999999492345
6594,7824,1994-09-28,189696.0,24,7904.0,B,1,600.0,14900.0,8889.038193190532,5,134,22500.0,0.0,19000.0,20600.0,600.0,14900.0,4.407894736842105,5104.477611940299,1.5484444414109422,1.3825503346425836,0.9999999993288591,1.3825503346425836,0.0,0.0,0.0,22500.0,0.0,0.0,0,0,5,0,0,0,0.0,22500.0,0.9999999995555555
5754,3834,1994-09-28,23052.0,12,1921.0,A,0,700.0,23771.966081871346,8912.019358254425,171,617,323632.8,295101.0,11708.4,22938.275862068964,8988.5,21964.976785714283,20.29605263157895,15945.60311183144,0.12047208157149734,0.964929689594019,0.9239865436803333,1.0443114088126233,46710.0,47835.0,1921.8,522048.0,0.0,219.0,0,0,29,19,61,62,0.0,321711.0,0.9999999999689162
6738,8566,1994-09-29,230220.0,36,6395.0,B,1,-2719.7,27658.48780487805,29524.489997327957,82,356,297905.8,291580.1,5952.2,10382.626666666667,4136.5,10309.077142857142,11.710526315789474,25439.146966292134,0.25138421527890786,0.3753866348789194,0.3727274322391438,1.0071344420765287,4995.0,0.0,1766.8,582518.0,60.1,146.0,0,0,17,21,19,25,0.0,296139.0,0.999999999966232
6624,7965,1994-09-30,71460.0,12,5955.0,A,0,200.0,47991.53023255814,19235.72960061234,43,326,262679.5,185958.4,18825.0,42440.15555555556,18825.0,49522.484375,10.723684210526317,24495.26625766871,0.24310819629097077,0.8843259496218415,1.0319005067082487,0.8569876104279286,29072.0,0.0,1667.5,417840.0,0.0,58.4,0,0,12,8,4,19,0.0,261012.0,0.9999999999616876
6216,5952,1994-09-30,141240.0,24,5885.0,A,0,1000.0,57219.57450980392,19476.293991224597,102,388,499448.5,453576.8,27037.6,54350.79666666666,27037.6,55087.64745762712,12.763157894736842,39132.047422680414,0.15038824661868444,0.9498636982673758,0.962741298234594,0.986624028528474,24224.0,33156.0,3180.5,892348.0,0.0,116.8,13,0,2,12,34,41,494368.0,1900.0,0.0038285764948812217
6229,6040,1994-10-02,11736.0,24,489.0,A,0,1100.0,42224.43909774436,11703.03977104676,133,528,414676.4,387691.8,26984.4,37589.68148148148,26984.4,40697.46923076923,17.36842105263158,23875.30787878788,0.020481411267146005,0.8902351878627364,0.9638368227206345,0.923636830071623,34255.0,65195.0,2672.4,700056.0,0.0,189.79999999999998,0,0,19,17,38,59,0.0,412004.0,0.9999999999757283
5887,4448,1994-10-03,192744.0,36,5354.0,A,0,700.0,37265.65526315789,16917.161794126067,76,488,304978.10000000003,275959.0,24294.1,33695.68,19632.4,33718.64848484848,16.05263157894737,18998.635737704917,0.2818097083969188,0.9042019992137557,0.9048183437991419,0.9993188192328647,0.0,0.0,2186.1,578605.0,0.0,146.0,0,0,19,14,0,43,0.0,302792.0,0.999999999966974
6808,8982,1994-10-12,227880.0,36,6330.0,A,0,1100.0,45134.72168674698,29551.483054320095,83,382,365365.3,311648.6,25605.9,57112.665,15520.5,41867.677777777775,12.56578947368421,29076.191413612563,0.21770389071174753,1.2653820130703566,0.9276157291736513,1.3641230662349422,0.0,0.0,3480.3,673373.0,0.0,160.6,0,0,21,24,0,38,0.0,361885.0,0.9999999999723669
6297,6363,1994-10-25,17508.0,12,1459.0,A,0,900.0,39290.618055555555,9324.209981583175,72,450,198353.1,150326.0,35724.3,41003.52352941177,34809.5,41633.58823529412,14.80263157894737,13399.853866666666,0.10888178434099009,1.0435957882107698,1.059631797235395,0.9848664325503201,0.0,0.0,2133.1,346400.0,0.0,146.0,0,0,17,14,0,41,0.0,196220.0,0.9999999999490369
5161,1012,1994-10-28,98184.0,24,4091.0,A,0,500.0,41660.392857142855,19672.650902026955,14,111,99656.2,30700.0,23793.1,46475.041666666664,500.0,41660.392857142855,3.6513157894736845,27293.229549549545,0.14989065295750653,1.1155689725461295,0.9999999997599638,1.1155689725461295,0.0,0.0,976.2,129380.0,0.0,0.0,4,0,1,6,0,3,98180.0,500.0,0.005066882853154957
5390,2167,1994-10-30,170256.0,24,7094.0,A,0,200.0,40091.18311688312,13589.38398884065,77,448,371594.3,328291.4,27857.0,42441.3,19754.7,41581.167567567565,14.73684210526316,25215.327499999996,0.2813368177425668,1.0586192945635722,1.0371648907434048,1.0206856245878113,59220.0,0.0,2174.3,638360.0,0.0,131.4,0,0,18,13,10,36,0.0,369420.0,0.9999999999729305
6150,5622,1994-11-02,83016.0,12,6918.0,A,0,700.0,67891.93520408163,25921.044106424713,196,632,1348329.3,1280923.8,53146.6,91662.17272727271,38711.8,83192.37321428572,20.789473684210527,64856.34607594937,0.10666650863790693,1.3501187208500847,1.2253645878845207,1.1018098074946427,113886.0,0.0,5662.3,2509442.0,0.0,262.8,0,0,46,21,36,93,0.0,1342667.0,0.9999999999925521
5032,290,1994-11-03,123696.0,48,2577.0,A,0,300.0,49084.381967213114,20572.457529737083,61,336,285666.8,260479.6,22488.1,38545.634999999995,22488.1,46492.73333333333,11.052631578947368,25846.04380952381,0.09970578158864543,0.7852932734875705,0.9472001369991185,0.8290679473575652,15918.0,0.0,2166.8,527974.0,0.0,87.6,0,0,12,10,12,27,0.0,283500.0,0.9999999999647265
6223,5991,1994-11-03,61056.0,48,1272.0,A,0,900.0,36039.0515625,9064.78033824496,64,347,197445.5,163920.2,21258.1,32975.51739130435,21258.1,35540.516279069765,11.414473684210527,17297.81902017291,0.07353528197868336,0.9149940398672057,0.9861668031849471,0.9278288791051055,11868.0,0.0,1569.5,347826.0,0.0,102.2,0,0,12,11,12,29,0.0,195876.0,0.9999999999489474
6253,6148,1994-11-04,59760.0,24,2490.0,A,0,300.0,40204.46481481482,12827.193914171468,54,312,244535.8,203402.6,26482.4,41126.70476190476,14421.1,41040.50487804878,10.263157894736842,23826.565128205126,0.10450520188524219,1.0229387442690374,1.0207947066793919,1.0021003609505077,39235.0,0.0,1536.8,407079.0,0.0,87.6,0,0,12,10,5,27,0.0,242999.0,0.9999999999588476
6645,8041,1994-11-06,140400.0,36,3900.0,A,0,400.0,43563.619999999995,18981.79097613385,45,392,261444.69999999998,233173.0,26565.4,34808.771428571425,26565.4,41579.7,12.894736842105264,20275.30326530612,0.19235223991692016,0.799033033080839,0.9544592481170161,0.837157829907379,0.0,0.0,2763.7,491781.0,0.0,73.0,0,0,9,13,0,23,0.0,258681.0,0.9999999999613424
6460,7133,1994-11-06,48672.0,36,1352.0,A,0,300.0,23050.189690721647,5423.587576531727,97,415,88063.5,64953.4,23024.6,25182.715384615385,18363.9,24008.863636363636,13.651315789473685,6450.916626506024,0.20958261843735074,1.0925166218405125,1.0415907178244166,1.0488924322092827,24147.0,1035.0,1206.5,126497.0,0.0,131.4,0,0,21,13,36,27,0.0,86857.0,0.9999999998848682
5176,1106,1994-11-12,192552.0,24,8023.0,B,1,800.0,23979.011764705883,13015.026674865436,51,440,158360.4,136135.0,3918.8,18405.957142857143,2310.2,19224.87,14.473684210526317,10941.264,0.7332790793337233,0.767586142239296,0.801737376862179,0.9574034640173437,0.0,0.0,1466.4,292849.0,0.0,180.0,0,0,12,14,0,25,0.0,156894.0,0.9999999999362628
5269,1527,1994-11-19,164052.0,36,4557.0,B,1,-2564.7,41752.161538461536,30609.38988808058,65,367,394206.7,373395.4,-566.6,21406.094444444447,-2564.7,18076.563333333335,12.072368421052632,32653.634005449592,0.13955567695295176,0.5126942809798839,0.43294916150273927,1.184190492289512,0.0,0.0,1983.7,764618.0,0.4,1000.0,0,0,16,12,0,37,0.0,392223.0,0.9999999999745043
5351,1978,1994-12-04,205200.0,36,5700.0,A,0,900.0,58336.31162790698,17204.070909560676,129,541,623544.1,568958.0,44012.9,66783.40833333334,44012.9,69137.37755102041,17.79605263157895,35038.33759704251,0.16267895080885147,1.144799978919775,1.1851516767147632,0.9659522922226914,91013.0,4628.0,4108.1,1092363.0,0.0,390.0,17,0,2,17,39,54,615636.0,3800.0,0.006134612776685007
5861,4337,1994-12-08,51408.0,24,2142.0,A,0,900.0,52299.2859375,27533.493654127193,64,387,453745.7,404546.8,19986.6,55895.719999999994,19986.6,57917.1875,12.730263157894738,35643.0730749354,0.060095828294483386,1.0687664083236286,1.1074183222719227,0.965097277735543,0.0,0.0,2195.7,855980.0,0.0,116.8,0,0,19,12,0,33,0.0,451550.0,0.999999999977854
5450,2345,1994-12-11,199680.0,60,3328.0,C,0,500.0,33658.61756756757,11909.168772706618,74,412,282042.6,262118.4,19801.6,33047.534999999996,17666.6,32720.21707317073,13.55263157894737,20810.91029126213,0.159916118604296,0.9818446917447126,0.972120052101538,1.0100035374458936,32508.0,0.0,1675.6,509846.0,0.0,131.4,13,0,2,13,9,37,279567.0,800.0,0.002853402861147945
7142,10451,1994-12-19,482940.0,60,8049.0,D,1,900.0,26358.754615384616,9885.477724726501,130,477,273163.9,254724.6,2036.4,19420.57,2036.4,21999.328070175437,15.69078947368421,17409.18775681342,0.46234207521981885,0.7367787392086103,0.8346118161815254,0.8827801435217801,26829.0,7579.0,3114.9,490205.0,0.0,160.6,0,0,26,30,34,40,0.0,270049.0,0.9999999999629696
6306,6425,1994-12-20,36684.0,12,3057.0,A,0,700.0,30229.797599999998,7937.353315967115,125,631,315586.8,280493.6,22241.0,31750.04444444444,16782.2,28393.25263157895,20.75657894736842,15204.1818066561,0.2010631046684191,1.0502896795425962,0.939247195693645,1.1182249827182469,91700.0,0.0,2422.8,501724.0,0.0,233.6,0,0,30,20,0,75,0.0,313164.0,0.9999999999680678
6272,6226,1994-12-20,398640.0,60,6644.0,C,0,400.0,63383.57558139535,21947.881092045613,86,512,741435.8,682119.0,29272.1,64982.77272727273,29272.1,62542.311111111114,16.842105263157894,44022.75062500001,0.150921964306286,1.0252304657942723,0.9867274057603269,1.0390209693632162,0.0,0.0,3588.8,1419606.0,0.0,360.0,17,0,1,16,0,52,737447.0,400.0,0.000542117810324605
7192,10738,1994-12-21,115992.0,36,3222.0,A,0,200.0,25666.407086614174,17591.055950194852,127,613,399447.5,389778.0,9669.5,35015.873076923075,2188.5,26256.425,20.164473684210527,19809.468189233277,0.16264949505937304,1.3642685922153184,1.0229879430013271,1.3336116041535342,2976.0,0.0,1946.5,783823.0,0.0,480.0,0,0,26,20,32,49,0.0,397501.0,0.9999999999748428
5044,344,1994-12-21,100980.0,60,1683.0,C,0,600.0,35614.74428571429,9576.327716908689,70,385,207705.6,160567.8,30921.8,38015.08947368421,21976.8,34405.93076923077,12.664473684210527,16400.64997402597,0.10261788414722715,1.067397512615548,0.9660586212146697,1.1048993185974818,42651.0,0.0,1659.6,323846.0,0.0,116.8,0,0,15,12,9,34,0.0,206046.0,0.9999999999514672
5576,2962,1994-12-21,31248.0,12,2604.0,A,0,1000.0,64493.09916666667,28994.626431825105,120,570,857688.8,803766.2,22786.3,48869.245,22786.3,72881.91489361702,18.75,45743.40266666667,0.05692624176662482,0.7577437838137059,1.1300730748567498,0.6705263584886226,0.0,0.0,4429.8,1656850.0,0.0,175.2,0,0,33,18,0,69,0.0,853259.0,0.9999999999882803
5739,3747,1995-01-02,76380.0,12,6365.0,A,0,1100.0,26122.84888888889,8289.780093711837,45,246,91939.2,68782.4,15755.4,25133.24,15755.4,27436.737837837838,8.092105263157896,11361.59219512195,0.560220775846063,0.9621171143040612,1.050296540933743,0.9160433043967228,9556.0,6000.0,773.2,144334.0,0.0,58.4,0,0,12,8,12,13,0.0,91166.0,0.99999999989031
6526,7523,1995-01-03,288468.0,36,8013.0,A,0,600.0,36999.52352941177,16205.72181108147,17,127,95840.5,47000.0,33082.1,44811.458333333336,600.0,36999.52352941177,4.177631578947369,22941.348031496058,0.34928200319816316,1.2111360916742704,0.9999999997297262,1.2111360916742704,0.0,0.0,491.5,142349.0,0.0,0.0,0,0,6,8,0,3,0.0,95349.0,0.9999999998951221
5624,3166,1995-01-03,177744.0,48,3703.0,D,1,-2485.5,26746.525263157895,21147.08070284783,95,511,326642.5,312411.9,2810.0,22588.6375,2810.0,25209.239999999998,16.80921052631579,19432.352250489235,0.19055850523712006,0.8445447499929779,0.9425239257265065,0.896045953429756,0.0,0.0,1811.5,637016.0,22.5,204.4,0,0,21,15,0,59,0.0,324831.0,0.9999999999692147
5131,816,1995-01-08,48624.0,24,2026.0,A,0,200.0,63857.236752136756,25825.858181660515,117,521,736573.0,688579.2,47993.6,74135.36153846154,28332.6,65597.608,17.138157894736842,42978.539731285986,0.04713980540510981,1.1609547374342237,1.0272540956375231,1.1301534276548622,54168.0,0.0,4089.0,1366720.0,0.0,175.2,0,0,32,17,12,56,0.0,732484.0,0.9999999999863479
6244,6118,1995-01-08,270648.0,36,7518.0,B,1,200.0,60819.976388888885,29717.34457286979,72,307,492006.60000000003,441010.0,20235.1,72076.3962962963,19055.6,57209.09347826087,10.098684210526317,48719.871791530946,0.1543107508703206,1.1850776761829367,0.9406299848433682,1.2598765668448522,34200.0,0.0,4329.6,894277.0,0.0,210.0,0,0,16,20,0,36,0.0,487677.0,0.9999999999794946
6960,9640,1995-01-11,76416.0,24,3184.0,A,0,8686.4,31375.160784313724,11990.873356406239,153,669,505472.8,493209.8,10398.7,24195.021739130436,9255.0,26630.75777777778,22.00657894736842,22969.16759342302,0.13862060893863212,0.7711521192750483,0.848784742566298,0.9085367353021689,190746.0,0.0,3228.8,804445.0,0.0,262.8,22,0,13,22,36,60,458544.0,43700.0,0.0870095013561733
6358,6715,1995-01-14,137880.0,60,2298.0,D,1,200.0,24523.073033707864,11727.066048624869,89,486,278052.9,258086.0,12011.2,23287.338095238094,6939.4,22339.8875,15.98684210526316,17392.609382716048,0.13212508532287243,0.9496092946317413,0.9109742266062358,1.0424107142354224,0.0,0.0,1543.9,534265.0,0.0,330.0,16,0,7,15,0,51,241309.0,35200.0,0.12730146215395152
5418,2245,1995-01-16,347952.0,48,7249.0,C,0,300.0,54157.19416666667,23422.026500661654,120,657,835259.0,777712.4,32155.5,62784.83157894737,32155.5,70333.14358974359,21.611842105263158,38648.2094368341,0.18756366992815,1.1593073188787515,1.2986851453254613,0.8926777386241593,0.0,0.0,4170.0,1608597.0,0.0,204.4,0,0,31,19,0,70,0.0,831089.0,0.9999999999879676
6598,7857,1995-01-18,68112.0,12,5676.0,A,0,300.0,47220.13401360544,19532.468493474174,147,532,747246.1,707829.8,17186.1,46945.11212121212,16817.1,44093.335,17.5,42699.77714285714,0.13292809420716625,0.9941757492205372,0.9337825042588326,1.0646759223489302,106041.0,1918.0,3619.1,1343308.0,0.0,189.79999999999998,18,0,2,17,41,69,743127.0,500.0,0.0006723801045326168
5464,2419,1995-01-30,95808.0,12,7984.0,A,0,900.0,59701.78666666667,24705.82136034003,90,429,758891.5,686391.0,20545.5,48395.01176470588,20545.5,60267.91904761905,14.11184210526316,53776.926806526804,0.14846515917950048,0.8106124533056925,1.0094826704939073,0.8029978887845439,0.0,0.0,2942.5,1442194.0,0.0,146.0,0,0,27,13,0,50,0.0,755949.0,0.9999999999867717
6591,7819,1995-02-02,20832.0,48,434.0,C,0,500.0,21368.909933774834,5923.774708486194,151,550,197615.9,179743.4,8184.6,19438.25,8184.6,19859.95573770492,18.092105263157897,10922.769745454543,0.039733511711466024,0.9096509859953211,0.9293855320631598,0.9787660278269424,25389.0,16848.0,1652.9,333265.0,0.0,204.4,0,0,29,18,52,52,0.0,195963.0,0.99999999994897
5724,3678,1995-02-05,316140.0,60,5269.0,D,1,800.0,18632.93381294964,6901.260790646524,139,683,275514.7,262702.8,10378.6,18521.658333333333,10378.6,20211.18048780488,22.467105263157897,12263.026178623719,0.42966555880700935,0.9940280209937068,1.0847019948576944,0.916406557021494,104900.0,0.0,1688.7,431366.0,0.0,262.8,0,0,38,22,0,79,0.0,273826.0,0.9999999999634804
6315,6472,1995-02-06,43164.0,12,3597.0,A,0,800.0,68377.06376811593,22291.65403318662,69,363,505169.9,473819.8,30235.0,65446.024000000005,30235.0,71948.93488372093,11.94078947368421,42306.23955922865,0.0850229194706369,0.957134167275343,1.052237854453589,0.909617690611728,0.0,0.0,3579.9,975293.0,0.0,116.8,12,0,2,12,0,43,499890.0,1700.0,0.0033892222731037457
5876,4413,1995-02-08,221280.0,48,4610.0,C,0,1100.0,37596.9323943662,18388.528003099997,71,389,437805.6,406491.0,16007.9,37635.814999999995,16007.9,34214.1925,12.796052631578949,34214.113727506425,0.13473971692992867,1.0010341959608724,0.9100261726679232,1.1000059401957225,54614.0,0.0,1829.6,787613.0,0.0,240.0,12,0,1,12,7,39,434876.0,1100.0,0.002523074664602568
6986,9750,1995-02-11,151728.0,48,3161.0,D,1,-669.7,30491.098245614037,24000.12499806356,57,271,249499.7,223011.2,-669.7,11812.682142857142,-669.7,26851.604255319147,8.914473684210527,27988.158228782286,0.1129406219956233,0.38741412473334524,0.8806374906609085,0.4399246326639077,0.0,0.0,1762.7,470663.0,12.2,73.0,0,0,14,14,0,29,0.0,247737.0,0.9999999999596346
6294,6353,1995-02-12,79920.0,60,1332.0,C,0,700.0,43846.97789473684,11483.013284673825,95,443,381737.6,350466.0,31271.6,47845.107407407406,31271.6,45287.77,14.572368421052632,26195.988803611737,0.050847479340343796,1.0911836959746009,1.0328595530208138,1.0564686094467164,5860.0,0.0,2481.1,723716.5,0.0,146.0,0,0,15,14,20,46,0.0,379256.5,0.9999999999736325
5132,817,1995-02-17,538500.0,60,8975.0,C,0,200.0,33687.85862068966,13408.02036465337,58,336,258133.6,234862.6,14837.0,27859.75909090909,14837.0,31199.21707317073,11.052631578947368,23354.944761904764,0.3842869288561381,0.8269970316703013,0.9261264544950394,0.892963404070066,32235.0,0.0,1277.6,459396.0,0.0,87.6,0,0,12,10,7,29,0.0,256856.0,0.9999999999610677
5877,4414,1995-02-23,97224.0,24,4051.0,A,0,1000.0,22360.536607142858,7476.937792262856,112,531,230279.8,210800.2,16085.0,24754.859259259258,10361.7,21238.621276595743,17.467105263157894,13183.626967984934,0.30727507739445914,1.1070780492933598,0.9498260994466926,1.1655586737582966,48308.0,0.0,1376.8,391220.0,0.0,175.2,0,0,26,16,26,44,0.0,228903.0,0.9999999999563134
6227,6030,1995-03-04,28248.0,24,1177.0,A,0,400.0,45582.448936170214,11726.617607165179,94,557,398113.6,364384.39999999997,33563.4,46126.229999999996,33563.4,46554.9027027027,18.322368421052634,21728.282657091557,0.0541690302005606,1.0119296147179795,1.02133395153211,0.9907921037801731,0.0,0.0,3192.1,759101.5,0.0,204.4,0,0,20,18,0,56,0.0,394921.5,0.9999999999746785
7241,11021,1995-03-04,168984.0,24,7041.0,B,1,-517.7,56053.9975,28355.36015800731,160,571,920743.1,896438.7999999999,7438.4,25496.136363636364,7438.4,48350.19047619047,18.782894736842106,49020.2981436077,0.14363437729278294,0.45484956463788095,0.8625645381948865,0.5273223560705191,0.0,0.0,7442.1,1809472.0,5.0,262.8,0,0,36,38,0,86,0.0,913301.0,0.9999999999890508
6737,8564,1995-03-11,76680.0,24,3195.0,A,0,1000.0,62933.474825174824,21005.680291887616,143,545,719837.3,692645.8,27191.2,56141.305882352935,27191.2,57049.7737704918,17.92763157894737,40152.392513761464,0.07957184613866425,0.8920738292202863,0.9065091975281412,0.9840758720335273,93210.0,0.0,8409.3,1310674.0,0.0,189.79999999999998,17,0,2,34,26,64,709828.0,1600.0,0.0022489977903280586
7004,9869,1995-03-15,331560.0,60,5526.0,C,0,900.0,36941.99831932773,11038.409511529931,119,571,459626.39999999997,411634.4,30152.5,44551.04285714286,17397.5,38196.33555555555,18.782894736842106,24470.4773380035,0.22582313869127918,1.2059727375867053,1.0339542332021605,1.1663695534531278,82418.0,0.0,2654.4,785984.0,0.0,204.4,0,0,22,18,28,51,0.0,456972.0,0.9999999999781167
6169,5700,1995-03-16,103680.0,60,1728.0,D,1,500.0,28250.109174311925,9371.387579711678,109,604,227466.7,197239.0,5000.3,21104.491304347826,5000.3,27189.923076923078,19.86842105263158,11448.65509933775,0.15093475901729358,0.7470587517611345,0.9624714332793589,0.7761879736429992,0.0,0.0,2144.2,422342.5,0.0,219.0,0,0,25,19,0,65,0.0,225322.5,0.9999999999556192
5208,1247,1995-03-16,99696.0,48,2077.0,D,1,-974.6,46341.29351851852,28762.206936050658,108,646,649189.6,616222.6,-974.6,26197.672000000002,-974.6,30097.67777777778,21.25,30550.09882352941,0.06798668676385579,0.5653202577066154,0.6494785856431825,0.8704217044491881,0.0,0.0,2727.6,1262509.0,0.4,175.2,0,0,31,14,0,63,0.0,646462.0,0.9999999999845313
6694,8316,1995-03-19,134784.0,24,5616.0,A,0,900.0,44005.112727272724,25288.200975246633,55,288,264674.3,248455.6,15467.0,29014.714285714286,15467.0,45908.130952380954,9.473684210526317,27937.842777777772,0.20101766777987898,0.6593487092952852,1.0432453889271907,0.6320168928133919,0.0,0.0,2897.3,510145.0,0.0,87.6,0,0,13,17,0,25,0.0,261777.0,0.9999999999617996
5599,3064,1995-03-21,15420.0,12,1285.0,A,0,1000.0,24577.2,7049.350987979909,151,667,253168.6,221301.2,11341.9,24787.429629629627,11341.9,25811.01568627451,21.940789473684212,11538.7188005997,0.11136418358852572,1.0085538474498352,1.0502016371178367,0.960343053574888,24735.0,0.0,2172.6,447314.0,0.0,248.2,0,0,32,21,34,64,0.0,250996.0,0.9999999999601588
6546,7607,1995-03-27,31728.0,24,1322.0,A,0,600.0,31139.747863247863,9913.02291629028,117,568,319027.3,286224.4,14413.3,25991.15769230769,14413.3,27116.873913043477,18.68421052631579,17074.70056338028,0.07742449094896682,0.8346617897518905,0.8708122500998015,0.9584865042360516,84280.0,0.0,2504.8,518262.5,0.0,204.4,0,0,23,18,14,62,0.0,316522.5,0.9999999999684066
5414,2228,1995-03-29,185952.0,48,3874.0,C,0,700.0,50113.194117647065,31588.379961912357,34,375,250010.1,167625.0,27005.0,69332.42857142857,27005.0,58117.728571428575,12.335526315789474,20267.48544,0.19114359349398224,1.383516452669665,1.159729080995966,1.1929652149823287,4625.0,0.0,2134.1,410876.0,0.0,0.0,0,0,10,10,1,13,0.0,247876.0,0.9999999999596573
5453,2361,1995-04-01,156672.0,36,4352.0,A,0,500.0,22927.502666666667,6686.145590252044,75,400,135886.9,112615.40000000001,11418.8,19649.358333333334,11418.8,21018.741860465117,13.157894736842106,10327.4044,0.4214030774069397,0.8570213080088525,0.9167479841516234,0.9348494050894646,36904.0,0.0,1206.9,210260.0,0.0,131.4,0,0,24,13,8,30,0.0,134680.0,0.9999999999257501
5740,3752,1995-04-02,18564.0,12,1547.0,A,0,200.0,35538.04615384615,14265.870341694039,13,128,77465.7,34200.0,34496.5,42773.34444444444,200.0,35538.04615384615,4.2105263157894735,18398.103750000002,0.08408475243863936,1.2035930238606913,0.9999999997186113,1.2035930238606913,0.0,0.0,455.20000000000005,111210.5,0.0,0.0,0,0,5,4,0,4,0.0,77010.5,0.9999999998701475
5804,4079,1995-04-05,158976.0,48,3312.0,C,0,600.0,49916.09102564103,23319.33818504641,156,518,678171.0,659291.4,12819.7,21258.042307692307,12819.7,43220.8078125,17.039473684210527,39799.99691119691,0.08321608683934535,0.42587554166678765,0.8658692400740982,0.49184740819734835,70126.0,4494.0,3259.0,1259379.0,0.0,204.4,0,0,36,16,42,62,0.0,674912.0,0.9999999999851833
6745,8625,1995-04-10,47304.0,24,1971.0,A,0,400.0,68740.02335329342,30916.763221258978,167,516,1189194.4,1126736.0,21438.0,85916.6303030303,21438.0,76209.809375,16.973684210526315,70061.06542635658,0.028132601006338603,1.2498778164353814,1.1086672021076933,1.1273697047186269,114114.0,0.0,7475.4,2194122.0,0.0,219.0,0,0,42,34,14,77,0.0,1181719.0,0.9999999999915377
6950,9591,1995-04-11,104712.0,24,4363.0,A,0,400.0,57357.84345549738,27075.74205832393,191,691,1155020.5,1133219.2,18723.2,25018.611764705885,18723.2,47004.88863636364,22.730263157894736,50814.215918958034,0.08586179910952066,0.4361846654809363,0.819502369621665,0.5322555267161846,91212.0,0.0,4553.5,2192153.0,0.0,321.2,0,0,50,22,22,97,0.0,1150467.0,0.9999999999913078
6996,9828,1995-04-13,126600.0,24,5275.0,A,0,400.0,47118.99318181818,17179.81146303782,132,693,795503.6,746782.8,17875.8,43536.94375,17875.8,42613.43421052631,22.79605263157895,34896.55041847042,0.15116107280610694,0.9239786506635252,0.904379132997387,1.0216717930945083,0.0,0.0,3903.6,1538120.0,0.0,262.8,23,0,1,22,0,86,791200.0,400.0,0.0005053057099481392
5352,1993,1995-04-15,68400.0,12,5700.0,B,1,800.0,31793.735714285714,12297.15509867766,14,167,62746.2,38800.0,23798.4,27057.933333333334,800.0,31793.735714285714,5.493421052631579,11422.062754491018,0.49903420402488036,0.851046054102572,0.9999999996854726,0.851046054102572,0.0,0.0,670.1999999999999,100876.0,0.0,0.0,0,0,4,5,0,5,0.0,62076.0,0.9999999998389071
6151,5628,1995-04-25,225420.0,60,3757.0,C,0,200.0,31185.156862745098,9614.3623318295,51,312,155236.5,122833.0,18666.1,29055.644444444442,18666.1,32109.47435897436,10.263157894736842,15125.607692307693,0.2483867143682961,0.9317139100184618,1.0296396612658083,0.9048931823225151,0.0,0.0,1047.5,276949.0,0.0,73.0,0,0,13,9,0,29,0.0,154189.0,0.9999999999351447
5310,1762,1995-04-28,248148.0,36,6893.0,A,0,600.0,36063.78833333333,10761.578895609015,120,503,347756.2,306647.6,15263.6,29970.004,15263.6,35321.63770491803,16.54605263157895,21017.47212723658,0.3279652260267636,0.83102761458892,0.9794211680883355,0.8484885169223686,9383.0,21692.0,2520.2,620648.0,0.0,160.6,0,0,22,15,33,50,0.0,345236.0,0.9999999999710343
5045,347,1995-05-01,187224.0,24,7801.0,B,1,-243.3,42084.31136363636,22038.48158908669,88,504,502143.6,451311.4,5133.8,33400.288888888885,5133.8,34810.605882352946,16.578947368421055,30288.02666666666,0.2575605232812921,0.7936517861098336,0.8271634902920136,0.9594859966578785,0.0,0.0,2662.6,950617.0,0.2,175.2,0,0,21,17,0,50,0.0,499481.0,0.9999999999799792
6929,9472,1995-05-08,36396.0,12,3033.0,A,0,800.0,57977.034810126584,25051.25763785537,158,671,949476.7,903996.0,18262.3,36501.705882352944,18262.3,50179.52173913043,22.072368421052634,43016.53007451564,0.0705077790802975,0.629589043240988,0.8655068665517667,0.7274223549766192,97261.0,0.0,5328.7,1750313.0,0.0,570.0,0,0,34,22,19,83,0.0,944148.0,0.9999999999894085
5151,960,1995-05-24,189060.0,60,3151.0,C,0,200.0,72242.89666666667,24683.06321415813,30,203,301974.5,233029.0,38274.6,76755.18947368422,31211.5,75959.85357142857,6.677631578947369,45221.79704433497,0.06967878778045916,1.062460020356229,1.0514508286039204,1.0104704769000517,17820.0,0.0,1692.5,515291.0,0.0,200.0,7,0,1,6,3,13,300082.0,200.0,0.0006660405884912835
5212,1256,1995-05-29,71064.0,36,1974.0,A,0,700.0,34577.3023255814,9923.171541124484,86,403,226245.7,194848.8,26966.3,35211.495652173915,17935.8,33093.4,13.256578947368421,17066.673151364765,0.1156640184842062,1.018341318545834,0.9570844966105292,1.0640035669207115,10602.0,0.0,1537.7,408838.0,0.0,116.8,0,0,17,12,18,39,0.0,224708.0,0.9999999999554978
5138,854,1995-05-30,87216.0,48,1817.0,C,0,700.0,30847.14932432432,6554.760512834303,148,616,232489.30000000002,205694.0,20088.9,25941.308695652173,20088.9,28230.437037037038,20.263157894736842,11473.497922077922,0.15836495642013246,0.8409629173346884,0.9151716656561322,0.9189127554925642,6112.0,45488.0,2280.2999999999997,384084.0,0.0,219.0,0,0,22,19,47,60,0.0,230209.0,0.9999999999565613
5713,3629,1995-05-30,158760.0,60,2646.0,C,0,900.0,24908.761445783133,8944.715311238842,166,672,395880.6,376698.2,8755.4,22102.212499999998,8042.2,22015.921818181818,22.105263157894736,17908.884285714284,0.14774789742950126,0.8873268363517315,0.8838625660799495,1.0039194666701496,32198.0,148614.0,2363.6,589155.0,0.0,248.2,22,0,12,21,51,60,373017.0,20500.0,0.05209431866851764
6704,8377,1995-06-01,417060.0,60,6951.0,C,0,200.0,58445.02702702703,25817.73541355227,74,558,432097.1,351118.4,39322.1,77032.49090909092,25774.5,70419.70980392158,18.355263157894736,23540.773906810035,0.2952749142642425,1.3180332838290598,1.2048879669318684,1.093905259090716,4688.0,0.0,3578.1,774891.0,0.0,58.4,0,0,22,19,8,25,0.0,428519.0,0.9999999999766638
6474,7190,1995-06-06,63360.0,60,1056.0,C,0,700.0,29108.363865546216,6107.706916241164,119,638,202133.0,176497.6,23041.8,29369.75294117647,18781.0,27921.794736842105,20.986842105263158,9631.415673981192,0.10964120277316257,1.008979861140524,0.9592361445054992,1.0518576333456546,86304.0,0.0,2455.0,289638.0,0.0,233.6,0,0,29,20,16,54,0.0,199678.0,0.9999999999499194
6965,9656,1995-06-13,139536.0,24,5814.0,A,0,800.0,63889.87393939393,30644.157075754654,165,576,1210717.2,1174244.2,36472.9,92492.60800000001,18330.3,76072.44310344828,18.947368421052634,63898.963333333326,0.0909873915913314,1.4476880651425577,1.1906807511266018,1.2158490540663196,182257.0,0.0,4188.2,2198268.0,0.0,248.2,0,0,48,19,17,81,0.0,1206529.0,0.9999999999917117
6676,8159,1995-06-13,29784.0,24,1241.0,A,0,200.0,27626.083333333332,13131.977125726578,12,125,60620.2,22700.0,20153.4,33280.555555555555,200.0,27626.083333333332,4.111842105263158,14742.832639999997,0.08417649643469298,1.2046787502212741,0.9999999996380232,1.2046787502212741,0.0,0.0,297.20000000000005,83023.0,0.0,0.0,0,0,6,3,0,3,0.0,60323.0,0.9999999998342257
6725,8489,1995-06-23,265320.0,36,7370.0,A,0,700.0,35566.88108108108,9992.57311449955,148,643,412238.9,376948.6,21515.8,33367.16521739131,19583.8,33825.359615384616,21.151315789473685,19489.988429237947,0.3781428615505205,0.9381526913181772,0.9510353052538761,0.9864541156969857,65195.0,0.0,4900.9,718858.0,0.0,233.6,0,0,24,40,17,67,0.0,407338.0,0.9999999999754503
7166,10630,1995-06-24,198240.0,24,8260.0,A,0,300.0,30953.14375,13022.421614480605,16,160,78047.2,42703.0,30387.0,38053.13,300.0,30953.14375,5.2631578947368425,14828.967999999999,0.5570178581833761,1.2293785178995336,0.9999999996769311,1.2293785178995336,7303.0,0.0,412.2,113035.0,0.0,0.0,0,0,7,4,1,4,0.0,77635.0,0.999999999871192
7138,10440,1995-07-03,60000.0,60,1000.0,C,0,400.0,24643.283941605838,5853.928886719555,137,658,184336.5,167458.2,16810.3,23706.421739130434,16810.3,23032.34318181818,21.644736842105264,8516.458358662614,0.11741970156040761,0.9619830614168469,0.9346296227016172,1.0292666074701295,50320.0,0.0,2018.5,299208.0,0.0,248.2,0,0,27,21,34,55,0.0,182318.0,0.9999999999451509
5970,4774,1995-07-09,465072.0,48,9689.0,C,0,300.0,27778.74563106796,13613.100566191757,103,541,460422.3,423269.8,4670.5,24360.70588235294,2063.4,22245.29722222222,17.79605263157895,25872.158817005544,0.3744952272744458,0.8769548559578657,0.8008027975653041,1.0950946453107653,79100.0,0.0,1803.3,802599.0,0.0,189.79999999999998,0,0,21,17,0,65,0.0,458619.0,0.9999999999781953
6157,5650,1995-07-10,98592.0,24,4108.0,A,0,900.0,54128.56538461538,19656.29438137193,26,183,162431.9,118560.0,41738.7,64255.1875,25018.7,56257.708,6.019736842105264,26983.222732240432,0.152242748734724,1.1870846203212324,1.039334916598333,1.142157933070761,21060.0,0.0,1306.9,258425.0,0.0,200.0,6,0,1,6,2,11,160225.0,900.0,0.005585725368156045
6153,5632,1995-07-25,285600.0,60,4760.0,C,0,1100.0,49651.8918367347,26473.42182373544,49,252,269184.3,240990.0,23994.4,50368.90454545455,16510.5,47034.9447368421,8.289473684210527,32473.02666666666,0.1465831949511585,1.0144407931309671,0.9472941108070849,1.0708826132688565,0.0,0.0,1200.3,508794.0,0.0,180.0,0,0,17,7,0,25,0.0,267984.0,0.9999999999626843
5693,3489,1995-08-01,44088.0,24,1837.0,A,0,1000.0,36548.81875,11906.808161813045,32,236,128071.3,83702.8,26231.3,39691.455555555556,21764.8,39803.264285714286,7.7631578947368425,16497.32,0.11135141943579235,1.085984633763183,1.0890437950152314,0.9971909655618177,10119.0,0.0,1048.8,200562.5,0.0,43.8,0,0,10,7,3,12,0.0,127022.5,0.9999999999212738
5922,4580,1995-08-05,20220.0,12,1685.0,A,0,500.0,41077.635294117645,25420.727566030233,51,343,263406.0,232102.6,11356.0,25062.65263157895,11356.0,42261.81025641025,11.282894736842106,23345.60466472303,0.07217632712783828,0.6101289045980369,1.0288277293355759,0.5930331065704202,43615.0,0.0,1555.0,450251.0,0.0,87.6,0,0,14,9,5,23,0.0,261851.0,0.9999999999618104
5959,4727,1995-08-11,107640.0,24,4485.0,A,0,600.0,50214.50434782609,22727.670225229824,23,179,233781.09999999998,168455.6,29443.4,54416.926666666666,600.0,50214.50434782609,5.8881578947368425,39703.60581005586,0.11296203222263629,1.0836894113082212,0.9999999998008543,1.0836894113082212,3580.0,0.0,858.0999999999999,397784.0,0.0,14.6,6,0,1,5,2,9,232323.0,600.0,0.002575958578475464
5980,4825,1995-08-18,21396.0,12,1783.0,A,0,1000.0,30812.94615384615,7990.971151238132,78,440,193524.1,168742.0,23067.5,30654.81111111111,23067.5,33186.05135135135,14.473684210526317,13370.756,0.13335072442175244,0.9948679022157062,1.0770164973802356,0.9237257779577795,0.0,0.0,1792.1000000000001,360328.0,0.0,146.0,15,0,5,14,0,44,176532.0,15200.0,0.07927732459478454
6764,8776,1995-08-26,33984.0,48,708.0,C,0,600.0,38587.76,9896.492445941623,70,367,183167.9,138702.2,27518.7,41345.4,27518.7,42447.436842105264,12.072368421052632,15172.49089918256,0.046663399189879266,1.0714641116583434,1.1000233449960564,0.9740376113652053,0.0,0.0,2835.9,318932.0,0.0,102.2,0,0,14,22,0,34,0.0,180332.0,0.9999999999445468
5237,1375,1995-08-29,45336.0,24,1889.0,A,0,800.0,48152.95333333333,11574.102240004077,90,489,361660.3,321820.6,39839.5,49726.73809523809,39501.2,49354.51315789474,16.085526315789476,22483.585112474433,0.084016850057946,1.032683036919534,1.0249529827587982,1.007541861999066,71160.0,0.0,2669.3,609491.0,0.0,160.6,0,0,18,15,12,45,0.0,358991.0,0.9999999999721441
6726,8492,1995-09-03,85860.0,60,1431.0,C,0,1000.0,30461.404166666664,7824.866629042196,96,431,181800.0,142433.0,25906.1,38265.67,20535.2,33935.93953488372,14.17763157894737,12823.016241299303,0.11159620887597352,1.2562017751404704,1.1140635322674501,1.1275854009991315,39627.0,0.0,2870.0,281590.0,0.0,146.0,0,0,19,28,9,40,0.0,178930.0,0.9999999999441123
6933,9493,1995-09-09,188688.0,48,3931.0,C,0,400.0,42203.17272727273,20050.27841673887,22,160,131401.4,107821.6,23579.7,46644.62857142858,400.0,42203.17272727273,5.2631578947368425,24966.265999999996,0.15745245998842902,1.1052398562971846,0.9999999997630509,1.1052398562971846,6803.0,0.0,983.4000000000001,231422.0,0.0,14.6,5,0,2,5,1,9,129718.0,700.0,0.005367357266223423
5145,915,1995-09-16,309552.0,48,6449.0,C,0,700.0,56105.5,21979.384405419012,35,241,330907.3,279107.8,35709.2,53453.36111111111,35709.2,60057.496551724136,7.927631578947369,41741.00381742738,0.15450035717067398,0.9527294311891671,1.0704386653896631,0.8900364512559124,57164.0,0.0,1308.3,551499.0,0.0,43.8,8,0,1,7,4,15,328899.0,700.0,0.002123792851248827
7008,9897,1995-09-22,36168.0,12,3014.0,A,0,300.0,39063.76666666666,14039.273386590507,36,202,139338.2,110200.2,25349.1,41395.696,18445.2,40812.19411764706,6.644736842105264,20969.709306930694,0.1437311292420507,1.0596954549374327,1.0447582911154534,1.0142972433809352,3014.0,20859.0,1030.2,224606.0,0.0,29.2,7,0,2,6,8,13,135608.0,2700.0,0.01952164733641426
7227,10942,1995-10-02,314520.0,60,5242.0,C,0,500.0,63527.42,28698.379826165863,130,484,1011187.1,960700.0,49714.6,83352.93939393939,14905.2,68459.57966101695,15.921052631578949,63512.57818181818,0.08253483245741211,1.3120781448517602,1.077638280450246,1.2175496810598692,125664.0,0.0,3853.1,1841980.0,0.0,390.0,0,0,40,16,12,62,0.0,1007334.0,0.9999999999900728
6600,7861,1995-10-08,21852.0,36,607.0,A,0,700.0,38509.05,15001.855573002804,18,169,104539.9,61640.6,39854.4,46398.91818181818,700.0,38509.05,5.559210526315789,18804.810414201183,0.03227897470419647,1.2048834798513424,0.9999999997403207,1.2048834798513424,0.0,26.0,639.4,165500.5,0.0,14.6,0,0,7,5,1,5,0.0,103900.5,0.999999999903754
6712,8405,1995-10-14,266220.0,60,4437.0,C,0,900.0,34922.881250000006,11836.447603426754,144,522,420932.3,382772.2,17480.8,36739.03793103449,15736.1,32704.656896551725,17.17105263157895,24514.064980842908,0.18099813318017297,1.052004777541499,0.9364822064097845,1.123357998709797,5330.0,43472.0,3884.3,750843.0,0.0,175.2,0,0,21,32,39,52,0.0,417048.0,0.9999999999760218
7057,10093,1995-10-20,231696.0,36,6436.0,A,0,800.0,45873.61666666667,20926.369442514395,126,476,692989.9,653115.0,23946.7,41032.62962962963,19523.7,43661.65178571428,15.657894736842106,44258.17848739496,0.145419450562766,0.8944712146600949,0.9517813276737456,0.9397864703244526,30382.0,84984.0,2779.9,1227629.0,0.0,330.0,16,0,3,15,35,57,686410.0,3800.0,0.005505570768237123
7176,10663,1995-10-28,260028.0,36,7223.0,A,0,200.0,50676.8198757764,20993.62804538802,161,689,1042331.3,972480.2,32611.2,56046.94545454546,19576.9,52939.82666666667,22.664473684210527,45989.65387518142,0.15705706370465558,1.1059680852285743,1.0446556588592377,1.0586915177651735,86076.0,0.0,4966.3,1923521.0,0.0,248.2,22,0,4,21,35,79,1018465.0,18900.0,0.018219238165754395
7304,11349,1995-10-29,419880.0,60,6998.0,C,0,200.0,59352.833333333336,27879.396856671145,18,156,232190.5,207486.0,24404.4,63637.333333333336,200.0,59352.833333333336,5.131578947368421,45247.37948717949,0.15466089037125835,1.0721869496139436,0.999999999831516,1.0721869496139436,10886.0,0.0,756.5,428034.0,0.0,0.0,5,0,2,4,1,6,230934.0,500.0,0.002160443150005598
5880,4423,1995-10-31,73836.0,36,2051.0,A,0,900.0,55315.16842105263,32965.14577809675,19,188,192453.1,125000.0,45132.1,57075.32857142857,23684.0,60447.305882352935,6.184210526315789,31120.075744680853,0.06590600923236839,1.0318205691187559,1.0927799299336354,0.9442162513093747,0.0,0.0,1112.1,316341.0,0.0,0.0,0,0,9,5,0,5,0.0,191341.0,0.9999999999477374
6362,6738,1995-10-31,37908.0,12,3159.0,A,0,800.0,42164.027631578945,12938.940496291016,76,460,307505.7,261392.0,42602.0,52225.12142857142,40918.4,50981.37,15.131578947368421,20322.115826086956,0.15544641244443713,1.2386179487528604,1.2091200212981092,1.0243961944986464,0.0,0.0,2241.7,566510.0,0.0,146.0,15,0,2,14,0,45,303264.0,2000.0,0.0065517060640445084
6535,7546,1995-11-02,41952.0,12,3496.0,A,0,500.0,41502.025714285715,13263.348751707794,105,425,321582.8,296910.0,24553.0,40944.36923076923,24553.0,43832.49423076923,13.980263157894738,23002.628517647056,0.15198263084578043,0.9865631500201648,1.0561531266441242,0.9341099551822055,38610.0,490.0,2458.8,576788.0,0.0,146.0,14,0,3,14,30,44,314624.0,4500.0,0.014101101765642787
5449,2343,1995-11-04,99336.0,24,4139.0,A,0,300.0,27019.571153846155,7892.721828749214,52,330,128469.8,97645.6,19654.6,27903.433333333334,17420.8,26441.610526315788,10.855263157894738,11834.793696969697,0.34973148687521927,1.0327119244094385,0.978609555494955,1.0552849379204732,28338.0,0.0,1107.8,196582.0,0.0,87.6,0,0,14,10,6,22,0.0,127362.0,0.9999999999214836
6342,6609,1995-11-12,60156.0,36,1671.0,B,1,400.0,72667.63571428572,34206.987415175485,56,230,480580.3,413867.4,41876.3,83874.09677419355,31534.3,76977.51346153846,7.565789473684211,63520.178782608695,0.026306601016596005,1.1542152973357656,1.05930945316021,1.0895921807763382,15524.0,0.0,1454.3,877411.0,0.0,58.4,0,0,19,7,8,22,0.0,479126.0,0.9999999999791286
5409,2218,1995-11-18,182040.0,60,3034.0,C,0,600.0,67475.90169491526,21927.679528674224,59,362,536797.8,498050.2,38747.5,72519.18888888888,37670.1,69375.91111111111,11.907894736842106,45079.15226519337,0.06730383884502596,1.0747420494805517,1.0281583403583838,1.0453079133229757,0.0,0.0,2703.8,1032042.0,0.0,102.2,12,0,1,11,0,35,533494.0,600.0,0.0011233977539323902
6985,9731,1995-11-22,113796.0,36,3161.0,A,0,500.0,36840.57361111111,11410.835423144199,72,356,249344.1,215290.0,24011.0,33576.63478260869,21161.1,34578.02127659575,11.710526315789474,21292.305168539326,0.1484573874690654,0.9114036911566422,0.9385853117330716,0.9710397973415775,39736.0,0.0,1612.1,422586.0,0.0,700.0,12,0,2,11,16,31,246532.0,1200.0,0.00484394426215249
6955,9627,1995-11-22,244368.0,48,5091.0,C,0,200.0,75924.24097222222,25561.827684429158,144,488,1328954.3,1242760.0,49624.1,76882.14545454545,43963.5,78226.73404255319,16.05263157894737,82787.31704918032,0.06149492676952812,1.0126165827926752,1.0303261913526418,0.9828116485458227,0.0,0.0,4416.3,2565798.0,0.0,1500.0,0,0,49,15,0,80,0.0,1324538.0,0.9999999999924502
5125,789,1995-11-23,73056.0,48,1522.0,C,0,500.0,23255.149019607845,6550.595429955129,51,290,73128.7,51583.0,15853.7,22379.054545454546,15853.7,24516.4925,9.539473684210527,7665.9051034482745,0.19854146085502153,0.9623268600412804,1.054239320022686,0.9128163229844719,10765.0,0.0,862.6999999999999,113011.0,0.0,73.0,0,0,14,9,10,18,0.0,72266.0,0.9999999998616222
6185,5774,1995-11-28,31176.0,24,1299.0,A,0,700.0,46304.15217391304,15340.950971615734,23,173,129137.7,78490.6,32635.1,52665.54,700.0,46304.15217391304,5.690789473684211,22692.405086705203,0.057243822083389774,1.137382664751543,0.9999999997840365,1.137382664751543,1413.0,0.0,959.7,205241.0,0.0,14.6,0,0,7,5,2,9,0.0,128178.0,0.9999999999219835
5805,4081,1995-11-28,137904.0,24,5746.0,B,1,600.0,26886.191666666666,11982.10175488715,12,129,55759.8,20600.0,19907.4,32186.477777777778,600.0,26886.191666666666,4.243421052631579,13140.293953488374,0.4372809326766843,1.1971378529489172,0.9999999996280619,1.1971378529489172,0.0,0.0,247.8,76112.0,0.0,0.0,0,0,6,3,0,3,0.0,55512.0,0.9999999998198587
7243,11042,1995-12-04,217152.0,36,6032.0,A,0,400.0,49107.066666666666,18394.513784863888,57,309,382143.0,339863.6,35225.6,51617.4,25379.2,46669.026829268296,10.164473684210527,37595.94563106796,0.16044283225611805,1.051119594250294,0.9503525660888881,1.106031205188278,50616.0,0.0,1738.0,669565.0,0.0,87.6,10,0,1,10,6,30,380005.0,400.0,0.0010515108896820096
6403,6924,1995-12-05,194880.0,48,4060.0,C,0,300.0,36421.425663716815,13195.884796079004,113,552,478122.4,447115.4,26945.6,39420.73333333333,23781.4,36233.81621621621,18.157894736842106,26331.37855072464,0.15418866090269254,1.0823500893810682,0.9948489260365228,1.0879542217474538,64190.0,0.0,2859.4,857984.0,0.0,204.4,18,0,1,18,14,62,474963.0,300.0,0.0006312294455778963
6578,7765,1995-12-11,27984.0,12,2332.0,A,0,500.0,30639.86315789474,16237.333801572568,76,519,286194.4,267814.0,10204.2,31260.063157894736,7300.9,29144.79459459459,17.072368421052634,16763.60262042389,0.13911090899802794,1.020241604428895,0.9512051158613946,1.0725779193848455,82170.0,0.0,2816.4,468752.0,0.0,270.0,0,0,14,16,10,36,0.0,283378.0,0.9999999999647113
6545,7606,1995-12-12,191880.0,60,3198.0,C,0,400.0,53685.786206896555,26747.651934377307,87,272,566208.9,487687.8,13848.8,61328.52121212121,13848.8,55492.727419354844,8.947368421052632,63282.17117647059,0.05053556064909031,1.1423604930427422,1.033657720782146,1.1051632178323842,34144.0,0.0,1721.9,1017914.0,0.0,116.8,0,0,26,9,16,36,0.0,564487.0,0.9999999999822848
6949,9583,1995-12-12,104712.0,24,4363.0,A,0,300.0,52379.128703703704,25655.51365409269,108,569,664119.3,634004.0,30115.3,75969.588,20342.3,65276.32,18.717105263157897,35481.94502636204,0.12296394674893893,1.4503789938018659,1.246227678906046,1.1638154232401865,147246.0,0.0,3091.3,1147456.0,0.0,330.0,0,0,34,16,11,47,0.0,661028.0,0.9999999999848721
5413,2227,1995-12-12,92976.0,24,3874.0,A,0,300.0,50436.46605504587,26490.316135252076,109,569,666916.9,645385.0,21531.8,73305.03846153847,16721.2,62362.956000000006,18.717105263157897,35631.41258347979,0.10872428899181238,1.4534134561886218,1.236465614374588,1.1754580467574993,147246.0,0.0,3088.9,1161637.0,0.0,330.0,0,0,34,16,11,48,0.0,663828.0,0.9999999999849359
6178,5742,1995-12-16,232560.0,48,4845.0,C,0,600.0,63188.63333333333,26204.030675466118,27,164,197022.6,155779.0,39227.5,70566.32777777777,600.0,63188.63333333333,5.394736842105264,36521.26243902439,0.1326624457947627,1.1167566703707292,0.9999999998417436,1.1167566703707292,0.0,0.0,1341.6,351160.0,0.0,300.0,0,0,9,5,0,13,0.0,195681.0,0.9999999999488964
5160,1011,1995-12-18,204000.0,60,3400.0,C,0,400.0,37809.39846153846,12656.782825432134,65,366,269311.0,231318.2,17219.9,30598.640909090907,17219.9,35897.590476190475,12.039473684210527,22369.00109289617,0.15199605849005898,0.8092866362876534,0.9494356410672037,0.8523870403185407,56680.0,0.0,1573.0,442274.0,0.0,102.2,12,0,2,11,8,32,265238.0,2500.0,0.009337486647045338
6785,8899,1995-12-25,125340.0,60,2089.0,C,0,500.0,51145.515748031496,22705.18278242659,127,476,624607.4,605600.0,19007.0,49732.78695652174,19007.0,58991.7037037037,15.657894736842106,39890.89277310924,0.05236784273939671,0.9723782470355103,1.153409107902878,0.8430471375751921,48269.0,0.0,5041.4,1176507.0,0.0,390.0,0,0,29,28,13,57,0.0,619566.0,0.9999999999838597
6540,7562,1995-12-31,309600.0,48,6450.0,C,0,400.0,58185.58928571428,20963.728475446504,56,348,467021.0,431533.0,35488.1,59041.13157894737,23278.8,57269.16111111111,11.447368421052632,40797.236781609194,0.15809894265502258,1.014703679959053,0.9842499114351898,1.030941093306552,0.0,0.0,2208.0,896166.0,0.0,180.0,11,0,1,10,0,34,464413.0,400.0,0.0008605611288655747
5900,4503,1996-01-01,135360.0,48,2820.0,C,0,200.0,64881.31428571429,30587.603643206054,77,363,603340.4,548471.4,54582.8,80129.05,20352.7,62005.24090909091,11.94078947368421,50527.6808815427,0.055810992118421374,1.2350096614071349,0.9556717767227265,1.2922947933475235,0.0,0.0,2660.4,1149020.0,0.0,131.4,0,0,21,11,0,45,0.0,600680.0,0.9999999999833523
6589,7815,1996-01-01,189696.0,24,7904.0,A,0,700.0,54137.10561797753,23400.63444036177,89,267,559759.2,471127.0,27394.0,50652.06896551724,20241.4,52996.189999999995,8.782894736842106,63732.8826966292,0.1240176132685406,0.9356257298569123,0.9789254409754051,0.9557681213679617,11800.0,17576.0,1912.2,999358.0,0.0,240.0,0,0,21,9,23,36,0.0,557847.0,0.999999999982074
5999,4907,1996-01-03,98832.0,48,2059.0,C,0,500.0,31814.268361581922,12078.55101973188,177,696,401400.3,374230.4,19267.8,29266.028,10732.4,27586.829166666666,22.894736842105264,17532.426896551722,0.1174395313880116,0.9199025939613266,0.8671212816985157,1.060869584270802,70884.0,6175.0,3273.3,695021.0,0.0,277.4,0,0,27,23,55,72,0.0,398127.0,0.9999999999748823
6043,5126,1996-01-11,20352.0,48,424.0,C,0,400.0,31814.41458333333,9092.645216549368,48,283,97274.6,75993.0,21281.5,30707.647619047617,21281.5,33849.53243243243,9.30921052631579,10449.285653710249,0.04057693641896756,0.96521177622053,1.0639684201363728,0.9071808501719133,21040.0,0.0,1214.6,150940.0,0.0,73.0,0,0,13,9,5,21,0.0,96060.0,0.9999999998958984
5482,2496,1996-01-12,165120.0,60,2752.0,C,0,1100.0,24377.37155172414,6878.836566414742,116,601,197974.4,175229.0,15128.8,21778.436842105264,15128.8,26001.08611111111,19.769736842105264,10014.012911813643,0.27481490402366926,0.8933874099987233,1.0666074496701043,0.8375971965425958,74730.0,0.0,1839.4,296415.0,0.0,219.0,0,0,31,19,15,51,0.0,196135.0,0.9999999999490148
7263,11138,1996-01-19,89880.0,24,3745.0,A,0,800.0,62571.28275862069,27471.97500043153,29,154,215539.5,176460.0,38260.8,72420.6,800.0,62571.28275862069,5.065789473684211,42548.05714285714,0.0880181199941939,1.157409546289799,0.9999999998401822,1.157409546289799,0.0,0.0,1101.5,390838.0,0.0,60.0,0,0,8,5,0,16,0.0,214438.0,0.9999999999533665
6013,4995,1996-02-03,128988.0,36,3583.0,D,1,-36.1,34740.70243902439,17311.11971554469,82,551,314909.5,305229.1,2792.8,22780.872727272726,2792.8,33355.64054054054,18.125,17374.31724137931,0.20622393088370441,0.6557401296274731,0.9601314363025278,0.6829691275979275,0.0,0.0,2603.5,617235.0,0.1,300.0,0,0,17,18,0,47,0.0,312306.0,0.9999999999679801
5750,3804,1996-02-08,63252.0,12,5271.0,A,0,13097.7,49291.82256097561,18482.29894648273,164,672,800390.9,750681.8,13097.7,36498.00740740741,13097.7,41913.32978723404,22.105263157894736,36208.15976190476,0.14557492104555841,0.7404475124622079,0.8503100027774945,0.8707971326538698,11574.0,0.0,4890.9,1534345.0,0.0,262.8,23,0,3,22,36,80,790600.0,4900.0,0.006159648020035706
6027,5066,1996-02-10,61656.0,24,2569.0,B,1,400.0,44763.458333333336,24849.149080234965,12,167,125895.5,66200.0,44254.4,55290.5625,400.0,44763.458333333336,5.493421052631579,22917.50419161677,0.11209772134867828,1.235171824212605,0.9999999997766035,1.235171824212605,0.0,0.0,475.5,191620.0,0.0,0.0,0,0,6,3,0,3,0.0,125420.0,0.9999999999202679
6303,6400,1996-02-12,72408.0,24,3017.0,B,1,700.0,45099.26153846154,19929.621714110985,13,126,109163.9,72800.0,25252.5,40138.12857142858,700.0,45099.26153846154,4.144736842105264,26337.95682539682,0.11454950810555325,0.8899952503279468,0.9999999997782668,0.8899952503279468,0.0,0.0,739.9,181224.0,0.0,0.0,0,0,5,4,0,4,0.0,108424.0,0.9999999999077694
7213,10884,1996-02-13,113544.0,36,3154.0,C,0,700.0,33990.41971830986,12325.831191185674,71,358,235792.1,222405.2,13386.8,27106.06071428571,13386.8,30954.602000000003,11.776315789473685,20022.56938547486,0.15752224091243805,0.7974617827890392,0.9106860770600783,0.8756714334601684,9282.0,0.0,1504.1,447309.0,0.0,102.2,11,0,4,11,14,31,227088.0,7200.0,0.03073140749715174
6659,8092,1996-02-20,56100.0,60,935.0,C,0,1000.0,20158.001470588235,8426.832211799325,68,405,138828.1,123420.8,9184.5,14942.304999999998,9184.5,15696.66153846154,13.322368421052632,10420.677135802469,0.08972545516167588,0.7412592470731362,0.7786814359338707,0.9519415930494165,55944.0,0.0,992.1,205196.0,0.0,116.8,0,0,16,12,9,31,0.0,137836.0,0.9999999999274501
6175,5735,1996-02-21,290700.0,60,4845.0,D,1,-2825.2,59647.424000000006,31590.330595889613,100,392,719516.0,707941.1,-2825.2,16704.379999999997,-2825.2,44236.473809523806,12.894736842105264,55799.2,0.0868292018367953,0.28005199348088317,0.7416325942610275,0.3776155411516436,0.0,0.0,2980.0,1424292.0,9.9,175.2,0,0,29,13,0,58,0.0,716536.0,0.999999999986044
5610,3112,1996-02-24,123216.0,48,2567.0,C,0,700.0,70622.83359375,28089.524636349874,128,561,815518.9,737938.0,29207.7,73090.44444444444,29207.7,64724.17543859649,18.453947368421055,44192.11151515151,0.05808729004811224,1.0349406943162276,0.916476614373056,1.1292603410991675,16148.0,0.0,4148.9,1533014.0,0.0,146.0,0,0,30,18,22,58,0.0,811370.0,0.9999999999876752
5563,2912,1996-02-29,380160.0,60,6336.0,C,0,1100.0,64777.0752293578,27227.866078850297,109,579,878170.5,853620.8,22049.6,47981.485,22049.6,54500.7052631579,19.04605263157895,46107.74300518134,0.13741726629112644,0.7407170642191484,0.8413579196308619,0.8803828273325358,0.0,0.0,3890.5,1727711.0,0.0,189.79999999999998,0,0,32,15,0,62,0.0,874280.0,0.999999999988562
5989,4852,1996-03-04,213300.0,36,5925.0,C,0,400.0,27951.91355932203,7864.495893274421,59,326,123704.3,96377.6,12344.2,26495.970370370367,12344.2,28620.578260869566,10.723684210526317,11535.615705521472,0.513626679850973,0.9479125750964829,1.0239219647659978,0.925766423012436,23970.0,0.0,1204.3,194820.0,0.0,87.6,0,0,17,10,5,27,0.0,122500.0,0.9999999999183673
6698,8327,1996-03-10,247728.0,48,5161.0,C,0,200.0,60054.734000000004,23168.339445014884,50,215,329077.8,276526.0,24694.4,62928.67999999999,24694.4,62703.84,7.072368421052632,46530.07032558139,0.11091751984852255,1.0478554444937085,1.0441115264878016,1.0035857451467747,12312.0,0.0,2554.8,590647.0,0.0,90.0,0,0,11,12,6,21,0.0,326523.0,0.9999999999693743
5312,1772,1996-03-13,202788.0,36,5633.0,C,0,1100.0,57124.26835443038,23297.66357464454,79,387,678389.7,596766.0,25107.3,48179.80454545454,25107.3,54343.74565217391,12.730263157894738,53289.52682170542,0.10570557358840274,0.8434209474349207,0.9513250183876696,0.8865749675217953,107946.0,0.0,2504.7,1164465.0,0.0,240.0,13,0,1,12,9,44,674785.0,1100.0,0.0016274958017765228
7189,10728,1996-03-21,154656.0,48,3222.0,C,0,1000.0,31791.328089887644,10868.943277490947,89,454,314688.7,277508.0,15087.7,27462.772727272728,15087.7,29742.195555555558,14.93421052631579,21071.66625550661,0.15290674972744192,0.8638447768204369,0.9355442925223584,0.9233606398270533,38670.0,0.0,1823.7,551557.0,0.0,146.0,15,0,3,14,10,47,309265.0,3600.0,0.011506560337157988
6816,9017,1996-03-26,100224.0,48,2088.0,D,1,700.0,28124.933333333334,9838.648370404879,18,125,60087.1,28700.0,21921.4,30944.32,700.0,28124.933333333334,4.111842105263158,14613.182719999997,0.14288468423196132,1.1002450964860675,0.9999999996444436,1.1002450964860675,0.0,0.0,611.1,88176.0,0.0,0.0,4,0,2,9,0,3,56376.0,3100.0,0.0521218642726273
6137,5574,1996-04-10,44628.0,12,3719.0,A,0,900.0,49477.32123287671,22661.883780456672,146,636,1079599.8,999160.0,27979.8,56772.66086956522,27979.8,61869.176,20.92105263157895,51603.51245283019,0.07206873762088929,1.1474481528795137,1.2504552478961732,0.9176243249205221,190048.0,0.0,3724.8,1884507.0,0.0,480.0,21,0,2,20,16,87,1073475.0,2400.0,0.002230742418940576
5128,808,1996-04-11,215616.0,48,4492.0,D,1,-3424.6,21447.624590163938,13056.987306542755,61,303,165167.3,156526.6,-3424.6,11343.744,-3424.6,19467.16739130435,9.967105263157896,16571.240660066003,0.2710720391692983,0.5289044456658988,0.907660766831752,0.5827115864447717,52200.0,0.0,1657.3,267750.0,13.6,73.0,0,0,12,18,0,31,0.0,163510.0,0.9999999999388417
5470,2456,1996-04-15,200976.0,48,4187.0,C,0,600.0,47938.065714285716,18916.939576271827,35,219,216791.3,169359.8,20757.0,46282.94285714286,20757.0,51561.00666666667,7.203947368421053,30093.40420091324,0.13913347824177377,0.9654737244372301,1.0755754511084819,0.8976345855188211,28662.0,0.0,1537.3,355908.0,0.0,43.8,8,0,2,7,3,15,213554.0,1700.0,0.007897646500975701
5593,3037,1996-04-18,277884.0,36,7719.0,D,1,1000.0,46487.002564102564,28041.875079726327,117,693,632945.0,621331.0,3614.0,4961.766666666666,3592.3,21771.85217391304,22.79605263157895,27765.552669552668,0.278006351578389,0.10673449334052817,0.4683427833233093,0.22789823413980625,81600.0,0.0,3429.0,1169028.0,0.0,219.0,0,0,26,20,0,71,0.0,629516.0,0.9999999999841148
5350,1967,1996-04-21,249312.0,48,5194.0,C,0,900.0,35914.854999999996,23021.04106123776,60,433,327590.7,272164.0,5834.2,26425.517647058823,4557.3,27336.29722222222,14.243421052631579,22999.439445727483,0.22583159080890353,0.7357823841889658,0.7611417953548971,0.9666824084686265,84984.0,0.0,2124.7,512466.0,0.0,180.0,0,0,17,13,6,24,0.0,325466.0,0.9999999999692748
6063,5213,1996-04-25,320976.0,48,6687.0,D,1,1000.0,49482.968,27435.703120029266,50,251,400580.1,354117.8,5400.7,42887.938095238096,5245.2,50826.879069767434,8.256578947368421,48516.474262948206,0.13782947133338033,0.866721213783516,1.0271590632860954,0.8438042797774381,0.0,0.0,2511.1,752143.0,0.0,43.8,8,0,1,14,0,27,397069.0,1000.0,0.0025121272944511595
5452,2352,1996-04-29,49440.0,60,824.0,C,0,300.0,47798.865454545456,12804.463916870107,110,464,327632.7,282611.0,30503.6,41279.00357142858,30503.6,47019.26140350877,15.263157894736842,21465.59068965517,0.038387017228146296,0.8635979781161761,0.9836899044891566,0.8779168861969618,61391.0,40.0,2400.7,546266.0,0.0,146.0,0,0,17,14,32,47,0.0,325232.0,0.9999999999692527
4961,19,1996-04-29,30276.0,12,2523.0,B,1,715.0,25197.0925,15039.248404932323,80,388,242179.2,226324.8,715.0,15123.228571428572,715.0,18059.31666666667,12.763157894736842,18974.865154639174,0.13296537172247028,0.6001973666377023,0.7167222432310175,0.8374197563614555,127400.0,0.0,2834.2,338153.0,0.0,116.8,13,0,9,24,0,34,211945.0,27400.0,0.11447909920347285
6501,7418,1996-04-29,30276.0,12,2523.0,B,1,1000.0,31318.872826086954,12216.3463270595,92,388,243755.4,218824.8,11505.8,26835.837499999998,11505.8,28017.104255319147,12.763157894736842,19098.3612371134,0.13210557530852737,0.8568583435441709,0.8945757531553509,0.9578376568066181,119200.0,0.0,4410.4,338853.0,0.0,116.8,13,0,9,36,0,34,211945.0,27400.0,0.11447909920347285
4973,67,1996-05-02,165960.0,24,6915.0,A,0,700.0,52523.2448,20955.646998372446,125,561,813241.8,789552.4,22495.2,41550.151999999995,22495.2,48935.34,18.453947368421055,44068.71786096256,0.15691402732087154,0.7910812089067502,0.9316892011721847,0.8490827281778193,89502.0,0.0,3486.8,1509601.0,0.0,204.4,18,0,1,18,28,60,809055.0,700.0,0.0008644590030211056
6190,5794,1996-05-06,123600.0,60,2060.0,C,0,300.0,39514.67755102041,23277.873093332153,49,297,231224.8,215719.2,13020.0,14827.5,13020.0,31532.118749999998,9.769736842105264,23667.454276094275,0.08703935687795308,0.3752403136050568,0.7979849690360404,0.4702348139957342,0.0,0.0,1348.8,445493.0,0.0,102.2,0,0,10,10,0,29,0.0,229876.0,0.9999999999564984
6715,8411,1996-05-06,220620.0,60,3677.0,C,0,1100.0,36907.45625,14352.078379313041,128,521,418400.0,391970.8,15102.4,27952.01923076923,15102.4,30441.292156862743,17.138157894736842,24413.35892514395,0.15061426040424203,0.7573542601759687,0.8248006024152567,0.918227093565915,69744.0,0.0,5316.0,735121.0,0.0,189.79999999999998,17,0,3,34,24,50,408184.0,4900.0,0.011861994170389993
5892,4462,1996-05-14,66480.0,24,2770.0,B,1,900.0,34798.28,21490.62646296442,10,139,85491.2,50600.0,27900.0,43168.97142857143,900.0,34798.28,4.572368421052632,18697.35597122302,0.14814928927821647,1.2405489988633327,0.9999999997126294,1.2405489988633327,0.0,0.0,360.2,135731.0,0.0,0.0,0,0,4,3,0,3,0.0,85131.0,0.999999999882534
6550,7614,1996-05-18,320592.0,48,6679.0,C,0,500.0,60781.306818181816,21161.10823723557,88,465,645092.7,575944.0,33264.2,56550.86190476191,33264.2,65306.88695652173,15.296052631578949,42173.80232258064,0.15836845697074495,0.9303989146633743,1.074456775684882,0.8659249358149864,0.0,0.0,3440.7000000000003,1217450.0,0.0,146.0,15,1,1,14,0,57,641152.0,500.0,0.0007792385903764153
5706,3608,1996-05-24,161496.0,36,4486.0,C,0,500.0,33219.9,19260.546243938243,130,633,459573.5,430202.0,20181.0,30137.63125,17741.3,27131.988235294117,20.822368421052634,22071.144391785147,0.20325180780554206,0.9072161939357984,0.8167390096636872,1.1107785753676638,59356.0,0.0,2453.5,827396.0,0.0,570.0,0,0,32,20,19,59,0.0,457120.0,0.9999999999781238
5148,940,1996-05-29,284280.0,60,4738.0,C,0,300.0,64182.6414893617,20167.802429516258,94,561,742462.2,647844.8,36994.1,68165.94705882354,36994.1,72701.33333333333,18.453947368421055,40233.24577540106,0.1177633051350587,1.062062038370631,1.1327257905715262,0.9376161883704203,0.0,0.0,4339.2,1385778.0,0.0,189.79999999999998,18,0,1,17,0,58,737823.0,300.0,0.00040643632564753523
6734,8547,1996-05-30,173016.0,36,4806.0,C,0,300.0,61799.24361702128,26512.878935391018,94,318,679597.9,591266.0,32950.6,66464.32962962963,18865.3,65419.107936507935,10.460526315789474,64967.84955974843,0.07397505122653561,1.0754877524191666,1.0585745730373937,1.0159773148233135,0.0,0.0,3731.9,1266892.0,0.0,240.0,0,0,29,18,0,47,0.0,675866.0,0.9999999999852043
6109,5422,1996-06-03,368880.0,60,6148.0,C,0,1100.0,60030.743406593414,28681.80838333561,182,590,1106097.9,1000385.2,41647.1,77536.709375,12902.1,61155.39333333333,19.407894736842106,56992.16298305084,0.10787448093081915,1.291616677756612,1.0187345658696114,1.267863799676671,13312.0,22960.0,4534.9,2065428.0,0.0,248.2,0,0,38,20,48,76,0.0,1101563.0,0.9999999999909219
6961,9645,1996-06-06,176148.0,36,4893.0,C,0,1100.0,47154.5,21431.237856261745,13,135,141192.7,87600.0,42096.9,57236.73333333333,1100.0,47154.5,4.440789473684211,31794.504296296298,0.15389452066503942,1.2138127500279974,0.9999999997879311,1.2138127500279974,0.0,0.0,568.7,228224.0,0.0,0.0,4,0,1,4,0,4,139524.0,1100.0,0.007822277846752882
6810,9006,1996-06-08,186384.0,48,3883.0,C,0,700.0,61578.30157894737,27339.88746857486,190,645,1146007.0,1125003.0,18272.2,26700.425,18205.2,29638.715789473685,21.217105263157897,54013.353178294565,0.07188963044867022,0.4336011924822628,0.48131752621760365,0.9008630866683548,86279.0,0.0,9358.0,2174773.0,0.0,600.0,0,0,40,42,19,89,0.0,1136649.0,0.9999999999912021
5494,2572,1996-06-13,360000.0,48,7500.0,C,0,600.0,51149.655147058824,26193.21138092937,136,578,1045406.1,980640.6,31347.9,60433.739130434784,730.1,41356.53157894737,19.013157894736842,54983.296608996534,0.13640506228593025,1.181508241744123,0.8085397927309393,1.4612864475943104,0.0,0.0,7309.1,2017330.0,7.6,1400.0,19,0,2,36,0,79,1025197.0,12900.0,0.012426584413475557
5311,1766,1996-06-15,30060.0,60,501.0,C,0,500.0,37213.40752688172,11270.503745870139,186,651,476146.8,427623.2,19111.3,28989.244827586204,12845.5,29454.133870967744,21.414473684210527,22234.812165898617,0.022532234409565106,0.7790000095759934,0.7914925243482779,0.9842165091236332,74001.0,833.0,3654.7999999999997,825033.0,0.0,248.2,0,8,24,21,68,65,0.0,472492.0,0.9999999999788356
5445,2322,1996-06-29,46320.0,24,1930.0,A,0,900.0,43657.81348314606,20752.088935048898,178,544,729496.5,705943.6,9770.7,25486.919230769232,9770.7,29449.72631578947,17.894736842105264,40765.98088235294,0.04734339657118462,0.5837882658683875,0.6745579762122729,0.8654382369743803,53744.0,16304.0,2856.5,1362302.0,0.0,233.6,0,0,31,17,64,66,0.0,726640.0,0.9999999999862381
5301,1698,1996-07-06,141948.0,36,3943.0,C,0,800.0,32592.68,17970.97897715462,10,114,68439.8,21200.0,19827.0,38137.475,800.0,32592.68,3.75,18250.613333333335,0.2160475336266064,1.170123935444976,0.9999999996931827,1.170123935444976,0.0,0.0,345.79999999999995,89294.0,0.0,0.0,0,0,4,3,0,3,0.0,68094.0,0.9999999998531441
7034,10001,1996-07-11,19044.0,36,529.0,C,0,600.0,43121.75507246377,10532.784888113652,69,410,252799.0,202631.4,33942.3,42942.64705882353,33942.3,43048.86666666667,13.48684210526316,18744.120975609752,0.028222182326187725,0.9958464579352644,0.9983097066513709,0.9975325803896085,0.0,0.0,2097.0,453202.0,0.0,131.4,0,0,16,13,0,40,0.0,250702.0,0.999999999960112
6751,8680,1996-07-14,85716.0,36,2381.0,C,0,800.0,31337.257894736842,12288.06300721313,19,153,86717.0,50200.0,28590.0,37477.75833333333,800.0,31337.257894736842,5.032894736842105,17230.044444444444,0.13818884833961223,1.1959488748908151,0.999999999680891,1.1959488748908151,0.0,0.0,739.0,136178.0,0.0,0.0,5,0,2,8,0,4,78578.0,7400.0,0.08606852914861143
6667,8127,1996-07-15,155880.0,24,6495.0,A,0,1000.0,63263.1471830986,26666.145799399845,142,641,891122.4,846557.6,44564.6,67245.40952380953,28869.5,59350.81363636363,21.085526315789476,42262.27918876755,0.15368314542272501,1.0629475849273802,0.9381577785753635,1.133015798645746,132880.0,0.0,4305.4,1600261.0,0.0,233.6,0,0,33,18,16,75,0.0,886817.0,0.9999999999887238
6130,5541,1996-07-18,32640.0,48,680.0,C,0,300.0,25906.40934579439,7545.466318441954,107,482,157742.7,138942.6,10057.0,27058.766666666666,10057.0,25008.212499999998,15.855263157894738,9948.917178423237,0.0683491466580164,1.0444815526168059,0.9653291645531149,1.0819952308005507,34254.0,0.0,1641.7,260629.0,0.0,160.6,0,0,24,15,22,46,0.0,156101.0,0.999999999935939
5429,2268,1996-07-18,20196.0,36,561.0,C,0,200.0,52636.598958333336,15288.688964738765,96,523,440905.8,375221.2,41689.8,63391.78947368421,41689.8,62020.597435897434,17.203947368421055,25628.17652007648,0.021889969399173866,1.2043291306077981,1.1782789665648723,1.0221086555798324,74646.0,0.0,3254.8,738051.0,0.0,175.2,0,0,18,16,13,49,0.0,437651.0,0.9999999999771507
5725,3679,1996-07-23,444864.0,48,9268.0,C,0,800.0,32404.7734375,11798.830196336487,64,343,226733.7,184989.6,12069.8,32323.752380952385,12069.8,30305.37111111111,11.282894736842106,20095.34833819242,0.46120126107859477,0.9974997181610025,0.935213176546653,1.0666014368137944,23214.0,0.0,1340.7,387081.0,0.0,87.6,0,0,17,10,12,25,0.0,225393.0,0.999999999955633
6421,6985,1996-07-25,96768.0,36,2688.0,C,0,900.0,51611.34242424242,22929.24381405384,66,364,455757.7,418361.2,13202.4,48049.044444444444,13202.4,51535.245,11.973684210526317,38063.28043956044,0.07061924164844392,0.9309783892109244,0.9985255676242217,0.9323530805979656,92169.0,0.0,2274.7,779573.0,0.0,102.2,0,0,17,11,7,31,0.0,453483.0,0.9999999999779484
6019,5033,1996-07-25,11400.0,12,950.0,A,0,300.0,27533.66363636364,6234.415407995346,77,357,107628.6,79808.2,23011.5,29255.977777777778,23011.5,27791.169230769232,11.743421052631579,9165.01243697479,0.10365506926437164,1.0625530315738279,1.0093523908664295,1.0527076973378902,14560.0,17568.0,1200.6,154006.0,0.0,102.2,0,0,18,11,23,25,0.0,106428.0,0.9999999999060397
6992,9790,1996-07-27,133968.0,48,2791.0,C,0,200.0,46772.315189873414,22590.104308053575,79,261,409989.8,375260.2,20141.1,41212.23846153846,19350.1,46783.84642857143,8.585526315789474,47753.60122605364,0.05844585387819535,0.8811246200968472,1.0002465396174796,0.8809074413248885,73680.0,19904.0,1284.8,690279.0,0.0,102.2,0,0,15,8,24,32,0.0,408705.0,0.9999999999755325
5136,846,1996-07-28,187104.0,24,7796.0,A,0,300.0,66292.372,34581.40134837078,25,141,288707.0,201829.2,42552.7,77149.27894736842,300.0,66292.372,4.6381578947368425,62246.04822695035,0.1252448986050195,1.1637730949758547,0.999999999849153,1.1637730949758547,0.0,0.0,876.0,489631.0,0.0,29.2,0,0,12,4,0,9,0.0,287831.0,0.9999999999652573
5337,1886,1996-07-31,162468.0,36,4513.0,C,0,700.0,51279.55333333334,24180.888923925817,15,148,150438.8,75800.0,37703.8,64255.200000000004,700.0,51279.55333333334,4.868421052631579,30900.9427027027,0.14604732425023412,1.2530374352091267,0.9999999998049904,1.2530374352091267,0.0,0.0,820.8,225418.0,0.0,0.0,5,0,1,4,0,5,148918.0,700.0,0.004678581453790414
7013,9928,1996-08-02,89340.0,60,1489.0,C,0,500.0,40005.48181818182,10876.871704682686,44,267,123340.5,81113.0,36827.8,45196.50555555555,34307.8,43743.31142857143,8.782894736842106,14043.262921348312,0.10602948953381443,1.129757810433792,1.093432935427277,1.0332209443956897,25080.0,0.0,1420.5,177880.0,0.0,73.0,0,0,11,9,5,19,0.0,121920.0,0.9999999999179789
5495,2580,1996-08-02,89340.0,60,1489.0,C,0,500.0,39644.76363636364,10748.387757632041,44,267,123335.6,81813.0,35921.5,44671.98333333333,34307.8,43289.83714285714,8.782894736842106,14042.70501872659,0.10603370197935606,1.1268066504775542,1.0919433781724117,1.0319277288014692,25080.0,0.0,1415.6,178580.0,0.0,73.0,0,0,11,9,5,19,0.0,121920.0,0.9999999999179789
6012,4994,1996-08-03,258444.0,36,7179.0,C,0,600.0,40688.1375,17230.159617750694,16,205,96392.1,42500.0,31304.2,43012.8875,13200.0,43360.68,6.74342105263158,14294.243121951218,0.5022301589339232,1.0571358172742273,1.0656835788893793,0.9919790808188479,0.0,0.0,1080.1,137812.0,0.0,0.0,0,0,7,5,0,4,0.0,95312.0,0.9999999998950814
6471,7184,1996-08-04,155640.0,24,6485.0,A,0,500.0,45183.34952380953,13513.4703010347,105,412,324426.0,283931.4,35676.1,49493.424000000006,28717.6,44799.84038461539,13.55263157894737,23938.22912621359,0.2709055863363567,1.0953907691806992,0.9915121576166642,1.1047678644397303,30906.0,6219.0,2053.0,569048.0,0.0,131.4,0,0,14,13,36,42,0.0,322373.0,0.9999999999689799
6296,6358,1996-08-06,270384.0,48,5633.0,C,0,700.0,47654.244827586204,18202.53979303858,87,437,568470.1,510635.0,17837.8,38458.23181818182,17837.8,43882.82142857143,14.375,39545.74608695652,0.14244262799314136,0.8070263614344122,0.920858605107091,0.8763846661960165,130760.0,0.0,2418.1,945781.0,0.0,146.0,15,0,3,14,10,45,557652.0,8400.0,0.014839626041161597
7305,11359,1996-08-06,54024.0,12,4502.0,A,0,1000.0,36480.18503401361,15469.988112964207,147,675,652932.4,627249.8,9673.5,30656.454545454544,8615.9,29210.439534883717,22.203947368421055,29406.14068148148,0.15309727472344448,0.8403590746172835,0.8007207063133344,1.0495033632872566,76806.0,0.0,3596.4,1199517.0,0.0,262.8,22,2,1,22,34,66,648336.0,1000.0,0.0015400347431600893
6144,5593,1996-08-09,44376.0,12,3698.0,A,0,800.0,53505.21538461538,28278.24506461626,39,164,333102.3,264860.8,18021.2,55045.149999999994,800.0,53505.21538461538,5.394736842105264,61745.79219512194,0.059890720775192245,1.0287810187105533,0.9999999998131023,1.0287810187105533,24196.0,0.0,971.3,572752.0,0.0,43.8,0,0,13,5,4,17,0.0,332131.0,0.9999999999698913
6283,6289,1996-08-11,85632.0,48,1784.0,C,0,800.0,65066.73529411765,26945.910380677462,85,494,697341.9,597403.0,49513.8,66643.68333333333,40467.1,76990.78372093024,16.25,42913.347692307696,0.041572147024643895,1.0242358560306604,1.1832587475163825,0.8656059868963242,0.0,0.0,4078.9,1290520.0,0.0,146.0,0,0,23,15,0,47,0.0,693263.0,0.9999999999855755
7246,11054,1996-08-20,148920.0,60,2482.0,C,0,400.0,32435.31935483871,15220.65126336407,31,201,129036.59999999999,113758.0,10145.2,33213.229999999996,10145.2,34131.13448275862,6.611842105263158,19515.983283582085,0.12717780921734118,1.0239834430612875,1.05228297889856,0.9731065343593143,34518.0,0.0,846.6,207370.0,0.0,60.0,7,0,3,6,3,12,111690.0,16500.0,0.12871518838218932
5088,544,1996-08-22,91152.0,24,3798.0,A,0,400.0,44829.54415584415,13400.064096640634,77,465,383627.7,344249.0,31189.8,49917.07142857143,31189.8,49469.40540540541,15.296052631578949,25080.17651612903,0.15143434082464163,1.1134860359923866,1.1035000762532041,1.0090493509959715,0.0,0.0,2507.7,725223.0,0.0,146.0,15,1,2,14,0,45,376020.0,5100.0,0.013381612090328987
5988,4851,1996-08-22,141648.0,24,5902.0,A,0,200.0,45100.42222222222,32279.92216277436,18,200,171310.2,82600.0,20543.2,61646.32727272727,12900.0,47741.623529411765,6.578947368421053,26039.1504,0.2266587007283238,1.3668680739907517,1.0585626733956055,1.2912490758056616,0.0,0.0,753.2,253157.0,0.0,0.0,0,0,8,5,0,5,0.0,170557.0,0.9999999999413687
5282,1583,1996-08-24,388512.0,48,8094.0,D,1,-2838.8,21371.32,21196.682131732654,120,646,458514.0,419816.8,6023.1,28807.73157894737,-1890.8,23225.20512820513,21.25,21577.129411764705,0.37511940730334764,1.3479622019354793,1.0867464020630295,1.2403650003314315,0.0,0.0,1569.0,874724.0,37.8,2000.0,0,0,33,21,0,66,0.0,456945.0,0.9999999999781155
5938,4650,1996-08-25,402000.0,60,6700.0,C,0,200.0,21568.935185185186,7900.831741722059,54,315,90423.0,73191.0,9587.1,16705.727272727272,9587.1,21707.09047619048,10.361842105263158,8726.537142857143,0.7677730447530797,0.7745272133997824,1.0064052898186708,0.7695977166242085,2770.0,0.0,819.0,159952.0,0.0,73.0,0,0,20,9,11,14,0.0,89604.0,0.9999999998883978
5606,3084,1996-08-28,253512.0,36,7042.0,D,1,300.0,37095.84482758621,24704.38501837544,29,213,171658.5,158340.0,4418.4,28961.675,4418.4,39062.724,7.006578947368421,24499.61690140845,0.2874330658093202,0.7807255806357989,1.0530215492065276,0.7414146282421535,19800.0,0.0,770.5,309368.0,0.0,60.0,0,0,8,6,0,15,0.0,170888.0,0.9999999999414823
5385,2143,1996-09-09,71460.0,36,1985.0,C,0,700.0,49220.9806451613,16380.59460647302,31,240,181884.69999999998,132235.8,34248.8,56117.700000000004,29777.2,53487.93703703704,7.894736842105264,23038.728666666662,0.08615926806805027,1.140117471310794,1.086689788075734,1.0491655333547518,21792.0,0.0,1539.7,290745.0,0.0,43.8,0,0,9,7,3,12,0.0,180345.0,0.9999999999445508
6865,9199,1996-09-11,29448.0,12,2454.0,B,1,800.0,28977.436363636363,11482.495155433136,11,119,67390.6,23600.0,27917.0,32784.64444444444,800.0,28977.436363636363,3.9144736842105265,17215.749915966386,0.1425438921076944,1.1313852620265563,0.9999999996549039,1.1313852620265563,0.0,0.0,319.6,90671.0,0.0,0.0,4,0,1,4,0,2,66271.0,800.0,0.011927658747904808
5586,2994,1996-09-14,48744.0,36,1354.0,C,0,900.0,42930.20714285714,19512.790972253762,14,134,111191.3,48300.0,40497.4,53564.700000000004,900.0,42930.20714285714,4.407894736842105,25225.488955223882,0.053675867368384346,1.2477158521336205,0.9999999997670637,1.2477158521336205,0.0,0.0,711.8,158779.5,0.0,0.0,0,0,7,4,0,3,0.0,110479.5,0.9999999999094854
6302,6397,1996-09-16,181020.0,60,3017.0,C,0,500.0,34005.9064516129,9801.680644529757,93,551,359492.8,316966.8,26905.3,33999.72105263158,23808.9,34443.85142857143,18.125,19834.08551724138,0.15211187810278737,0.9998181078046455,1.012878497076762,0.9871056700284541,0.0,0.0,2242.8,674027.0,0.0,189.79999999999998,18,0,2,17,0,56,352950.0,4300.0,0.012036389082938099
7194,10762,1996-09-17,68832.0,36,1912.0,C,0,700.0,37557.05471698113,12288.790411270784,53,330,233238.4,181697.6,12758.1,33333.34210526316,12758.1,37027.549999999996,10.855263157894738,21486.20412121212,0.08898733291016801,0.8875387686169213,0.9859013245093273,0.9002308307263336,32610.0,0.0,1514.4,380724.0,0.0,87.6,0,0,14,10,6,23,0.0,231724.0,0.9999999999568453
6461,7136,1996-09-19,74124.0,36,2059.0,C,0,400.0,54371.29918032787,30062.389743314227,122,529,563270.3,537612.0,23285.7,35959.5375,23285.7,44599.458490566045,17.401315789473685,32369.40854442344,0.06360944150518398,0.6613698409913451,0.8202757549427816,0.8062774461610023,11880.0,6017.0,3144.3,1079511.0,0.0,330.0,0,0,24,15,33,50,0.0,560126.0,0.999999999982147
6732,8533,1996-09-19,174048.0,48,3626.0,C,0,600.0,72968.38115942029,23455.92726432901,69,345,492928.1,438787.6,37891.5,67272.10869565218,37891.5,77323.93265306123,11.348684210526317,43434.823884057965,0.08348140213125278,0.9219350575896383,1.059690943033642,0.8700037152635544,0.0,0.0,4226.1,927402.0,0.0,87.6,0,0,22,16,0,31,0.0,488702.0,0.9999999999795376
6613,7926,1996-09-22,84120.0,24,3505.0,A,0,900.0,56910.689473684215,24271.624057983947,19,105,172282.9,108330.0,32044.9,62711.88823529412,900.0,56910.689473684215,3.4539473684210527,49880.00152380952,0.07026864258663365,1.1019351338780223,0.999999999824286,1.1019351338780223,0.0,0.0,621.9000000000001,279961.0,0.0,30.0,0,0,9,3,0,7,0.0,171661.0,0.9999999999417457
5897,4476,1996-09-25,15192.0,24,633.0,A,0,500.0,29941.905325443786,7237.180988793552,169,685,355100.2,337748.2,17351.9,31257.669230769232,17351.9,32569.127999999997,22.532894736842106,15759.191357664233,0.04016703555607758,1.0439438933690004,1.0877440041013766,0.9597330705682972,57510.0,55854.0,2492.2,576744.0,0.0,248.2,0,0,26,21,54,68,0.0,352608.0,0.9999999999716398
7036,10019,1996-09-25,194940.0,36,5415.0,C,0,600.0,56669.787912087915,35314.5278448429,91,468,593514.7,559302.2,19204.5,28644.1,14334.1,31908.684615384616,15.394736842105264,38553.09162393162,0.14045566180311495,0.5054562766209951,0.5630634203052615,0.8976897774473752,0.0,0.0,2463.7,1150178.0,0.0,175.2,0,0,23,15,0,53,0.0,591051.0,0.9999999999830811
6995,9814,1996-09-26,96168.0,12,8014.0,A,0,600.0,50492.688590604026,21691.134254741817,149,616,615726.7,612117.0,3609.3,29498.295000000002,3609.3,42321.98222222222,20.263157894736842,30386.512467532466,0.26373543215679934,0.5842092353871432,0.838180405820496,0.6969970082720087,0.0,0.0,9815.7,1217548.0,0.0,480.0,0,0,27,57,0,65,0.0,605911.0,0.999999999983496
5415,2236,1996-09-26,139464.0,36,3874.0,D,1,300.0,31532.748387096777,12989.781215090346,31,396,146863.2,105200.0,22498.5,36373.7,22498.5,36632.68000000001,13.026315789473685,11274.346666666666,0.3436119281321739,1.1535213975623173,1.1617344463184434,0.9929303559027263,0.0,0.0,1549.2,250514.0,0.0,0.0,0,0,7,12,0,12,0.0,145314.0,0.9999999999311836
7136,10436,1996-09-28,54396.0,36,1511.0,C,0,800.0,30293.708695652174,10625.946392927808,23,191,62423.4,26214.6,30259.3,36564.06428571429,8296.0,31634.33181818182,6.282894736842105,9935.45214659686,0.15208165428049883,1.2069854054842812,1.0442541758605977,1.155834884843079,0.0,0.0,499.4,88124.0,0.0,14.6,0,0,9,5,0,9,0.0,61924.0,0.9999999998385116
7271,11186,1996-10-02,392460.0,60,6541.0,C,0,900.0,57131.740559440565,20293.363479654072,143,678,947723.0,894477.8,39777.4,60785.36190476191,26778.9,59404.69047619047,22.30263157894737,42493.77463126843,0.15392842963984693,1.0639508143617742,1.0397843630194892,1.0232417913008467,176580.0,0.0,4697.0,1660661.0,0.0,262.8,22,0,2,22,18,79,941926.0,1100.0,0.001166457764672804
5375,2106,1996-10-03,101520.0,12,8460.0,A,0,400.0,26449.092105263157,10352.391968575044,38,245,110391.2,93670.4,9983.0,23047.6,9983.0,28349.26774193548,8.05921052631579,13697.520326530612,0.617630037565091,0.8713947495649488,1.0718427543142692,0.8129874888365142,13872.0,0.0,884.2,189247.0,0.0,58.4,0,0,10,8,4,16,0.0,109507.0,0.9999999999086816
5635,3230,1996-10-04,77184.0,36,2144.0,C,0,200.0,50722.27012987013,30287.214667670312,77,573,571831.4,549385.4,22446.0,32866.58666666666,6477.3,40108.06764705882,18.848684210526315,30338.000977312393,0.07067044400508256,0.6479715236726353,0.7907388122901061,0.81945076356433,0.0,0.0,3962.4,1117123.0,0.0,131.4,0,0,20,16,0,41,0.0,567869.0,0.9999999999823904
6817,9024,1996-10-04,70656.0,48,1472.0,C,0,600.0,32646.850943396224,12948.761537492877,53,273,148729.0,126253.0,14802.3,26563.686363636363,14802.3,33570.0325,8.980263157894738,16561.7641025641,0.08887942069427919,0.8136676459716237,1.0282778130093353,0.7912916484582921,25080.0,0.0,2188.0,247641.0,0.0,73.0,0,0,11,18,4,20,0.0,146541.0,0.9999999999317598
5923,4585,1996-10-10,64656.0,48,1347.0,C,0,200.0,25896.466666666664,11814.971181770212,12,124,60648.9,15900.0,19571.9,30804.399999999998,200.0,25896.466666666664,4.078947368421053,14868.76258064516,0.09059260928999427,1.1895213499436779,0.9999999996138469,1.1895213499436779,0.0,0.0,312.9,76236.0,0.0,0.0,0,0,6,3,0,3,0.0,60336.0,0.9999999998342615
5329,1862,1996-10-16,396120.0,60,6602.0,C,0,500.0,58855.27789473684,20275.14198096615,95,550,776665.3,688055.0,40295.7,64010.594117647066,24882.6,58046.82972972973,18.092105263157897,42928.40930909091,0.1537909301722948,1.0875930994881142,0.9862637947897269,1.1027405700648536,0.0,0.0,3770.3,1460560.0,0.0,390.0,18,0,1,17,0,59,772395.0,500.0,0.0006469184041733105
6644,8039,1996-10-20,93600.0,24,3900.0,A,0,900.0,40078.70727272727,21469.630340267242,55,308,229169.3,202933.4,18309.5,31558.126086956523,18309.5,38287.9,10.131578947368421,22619.30753246753,0.1724190713034777,0.787403791852267,0.9553177384167015,0.8242323574475016,5370.0,16155.0,1996.3,408523.0,0.0,58.4,0,0,11,10,15,19,0.0,227173.0,0.9999999999559808
6354,6688,1996-10-23,22968.0,36,638.0,C,0,1000.0,23324.936363636363,11195.573958245528,11,120,42431.0,3600.0,17355.0,27379.92222222222,1000.0,23324.936363636363,3.947368421052632,10749.186666666666,0.05935332776245397,1.173847670305721,0.9999999995712743,1.173847670305721,0.0,0.0,211.0,45820.0,0.0,0.0,0,0,7,3,0,1,0.0,42220.0,0.9999999997631454
5082,501,1996-10-24,262980.0,60,4383.0,C,0,900.0,41729.61607142857,16330.173222315432,56,369,242727.4,166646.0,24213.6,38590.50666666667,24213.6,38834.254838709676,12.138157894736842,19997.05409214092,0.2191822844311227,0.9247750228845517,0.9306161543142627,0.9937233717244581,0.0,0.0,1869.4,407358.0,0.0,146.0,0,0,13,11,0,32,0.0,240858.0,0.9999999999584818
6585,7795,1996-10-29,372120.0,60,6202.0,C,0,500.0,64044.04593023256,25895.9123556906,172,663,1328950.6,1282370.0,31197.8,51337.299999999996,31197.8,66177.46097560975,21.80921052631579,60935.29146304676,0.10178009902099679,0.8015936414746375,1.0333116842331938,0.7757520345357954,0.0,0.0,5314.6,2605714.0,0.0,292.0,0,0,50,21,0,101,0.0,1323636.0,0.999999999992445
5366,2062,1996-10-29,86184.0,12,7182.0,A,0,300.0,60273.67857142857,25642.077157191914,42,237,368577.8,328916.8,22011.8,56350.57037037037,22011.8,62845.95277777777,7.796052631578948,47277.489957805905,0.15191161808485723,0.9349117508107928,1.0426765755283063,0.89664597115201,321.0,0.0,1970.8,695159.0,0.0,43.8,8,0,1,7,6,20,366307.0,300.0,0.0008183149803244806
6921,9422,1996-10-29,86184.0,12,7182.0,A,0,300.0,59935.271428571425,24799.97403787278,42,237,368574.5,325416.8,24708.5,55824.159259259264,24708.5,62451.14444444445,7.796052631578948,47277.066666666666,0.15191297821242863,0.9314074654099848,1.0419765014070483,0.8938852882028558,321.0,0.0,1967.5,691659.0,0.0,43.8,8,0,1,7,6,20,366307.0,300.0,0.0008183149803244806
5886,4447,1996-10-31,192744.0,36,5354.0,C,0,200.0,62590.42307692308,28733.343188251627,26,137,214555.3,186756.2,27799.1,67673.26315789473,200.0,62590.42307692308,4.506578947368421,47609.351240875905,0.11245689889339751,1.0812079519563689,0.9999999998402311,1.0812079519563689,0.0,0.0,808.3,400474.0,0.0,29.2,0,0,9,4,0,13,0.0,213747.0,0.9999999999532158
5741,3754,1996-11-03,68544.0,24,2856.0,A,0,900.0,44948.625925925924,20196.07407074487,54,258,253465.9,229736.0,20224.5,37037.00333333333,20224.5,46632.74042553191,8.486842105263158,29865.74945736434,0.09562793671462626,0.8239852178380139,1.0374675410991803,0.7942274673849727,11928.0,3652.0,1296.9,466205.0,0.0,120.0,8,0,1,8,15,22,251269.0,900.0,0.003569035051748271
4996,132,1996-11-06,88440.0,12,7370.0,A,0,200.0,62778.09032258065,21638.258869671175,31,179,269640.8,190733.0,35900.5,58414.61666666667,200.0,62778.09032258065,5.8881578947368425,45793.74480446927,0.1609390109906742,0.9304936858894954,0.9999999998407088,0.9304936858894954,0.0,0.0,1515.8000000000002,458458.0,0.0,400.0,0,0,10,6,0,15,0.0,268125.0,0.999999999962704
6015,5001,1996-11-09,110112.0,24,4588.0,A,0,700.0,76232.70000000001,28391.569085736075,82,330,760052.5,653194.2,44595.9,85736.2827586207,32875.0,81997.41641791046,10.855263157894738,70016.95757575757,0.0655269831509112,1.1246654355332295,1.0756199951878163,1.0455973674975154,55752.0,0.0,2691.5,1354701.0,0.0,102.2,0,0,27,10,6,39,0.0,757361.0,0.9999999999867963
6309,6434,1996-11-11,110136.0,24,4589.0,A,0,400.0,50815.804761904765,29147.98491700158,63,553,387680.2,346933.6,15030.9,37995.67647058824,15030.9,55763.7125,18.190789473684212,21311.895262206148,0.21532575781679691,0.7477137603377174,1.0973694650769528,0.681369205175759,29346.0,0.0,2396.2,702784.0,0.0,87.6,0,0,17,12,6,28,0.0,385284.0,0.9999999999740451
6073,5263,1996-11-12,276300.0,60,4605.0,C,0,500.0,25997.563043478258,6720.217505796418,92,487,156608.8,129030.6,27578.1,31092.505263157895,18293.3,28431.17948717949,16.019736842105264,9775.990800821353,0.47105199760443517,1.1959776844929308,1.0936094059545183,1.0936058866724971,43450.0,0.0,1607.8,240421.0,0.0,160.6,0,0,30,15,11,36,0.0,155001.0,0.9999999999354844
6006,4948,1996-11-15,359760.0,60,5996.0,C,0,900.0,32434.693750000002,24143.874396857613,48,475,213955.9,173996.4,7710.2,19698.544444444444,7710.2,35217.215151515156,15.625,13693.177599999999,0.43788229224611663,0.6073294414371077,1.085788428036484,0.5593441830679081,18840.0,0.0,963.9,368090.0,0.0,58.4,0,0,17,8,4,19,0.0,212992.0,0.9999999999530499
5611,3115,1996-11-15,321180.0,60,5353.0,C,0,700.0,40524.46315789474,21716.75025029622,38,233,276707.3,239523.8,19592.2,30689.154545454545,19592.2,42354.3696969697,7.6644736842105265,36102.583347639484,0.14827193796554944,0.7572994716378585,1.045155601975369,0.7245805983604198,58892.0,0.0,1087.3,456208.0,0.0,43.8,8,0,2,7,4,17,273020.0,2600.0,0.00943327770084053
6944,9548,1996-11-15,46176.0,48,962.0,C,0,1000.0,33613.105882352946,13279.637852717908,17,161,92238.1,53513.0,29598.5,40542.39090909091,1000.0,33613.105882352946,5.296052631578948,17416.38658385093,0.05523533798564428,1.206148311284569,0.9999999997024969,1.206148311284569,9613.0,0.0,593.1,135545.0,0.0,0.0,0,0,7,4,1,5,0.0,91645.0,0.9999999998908833
7101,10297,1996-11-18,421008.0,48,8771.0,C,0,600.0,37436.422,12359.209052004047,50,304,228633.1,197465.0,21042.4,34281.729999999996,21042.4,38129.68157894737,10.0,22863.31,0.38362774227195107,0.9157320106831437,1.018518318036969,0.8990825144980288,59412.0,0.0,1250.1,365363.0,0.0,73.0,0,0,13,9,6,22,0.0,227383.0,0.9999999999560214
6599,7859,1996-11-19,72120.0,12,6010.0,A,0,1000.0,75686.06568627451,20598.00230804139,102,616,782536.9,683905.0,37375.9,75699.15,37375.9,73428.54594594595,20.263157894736842,38618.704155844156,0.15562407206079873,1.0001728759924975,0.9701725842192946,1.0309226338952198,0.0,0.0,6223.9,1459999.0,0.0,219.0,20,0,1,19,0,62,775313.0,1000.0,0.0012881402217753905
6940,9510,1996-11-22,228276.0,36,6341.0,C,0,500.0,41402.134999999995,14856.81419017355,20,166,98722.6,45014.6,38848.9,50075.708333333336,500.0,41402.134999999995,5.460526315789474,18079.319518072287,0.3507322269598778,1.2094957982538432,0.9999999997584664,1.2094957982538432,0.0,0.0,839.6,142883.0,0.0,14.6,0,0,8,5,0,7,0.0,97883.0,0.9999999998978372
5209,1250,1996-11-25,182640.0,48,3805.0,C,0,600.0,37802.229999999996,14199.381522847558,40,242,196501.2,172602.8,22998.3,36553.352173913045,22998.3,40389.34411764706,7.960526315789474,24684.448264462808,0.15414563686790791,0.9669628528328466,1.0684381346540317,0.905024653492498,183.0,0.0,938.2,367939.0,0.0,43.8,8,0,2,7,7,16,194063.0,1500.0,0.007670162555919568
6011,4981,1996-11-28,179328.0,48,3736.0,C,0,200.0,44093.971153846156,14278.225737036766,52,311,250367.8,214293.0,31463.4,42873.26315789474,29444.7,45398.25384615384,10.230263157894738,24473.251189710605,0.15265646437871638,0.9723157616850734,1.029579614806323,0.9443813256285223,29580.0,0.0,1444.8,433563.0,0.0,73.0,0,0,12,9,6,25,0.0,248923.0,0.999999999959827
5388,2153,1996-11-28,61560.0,12,5130.0,A,0,200.0,32967.71267605634,17762.224670277326,71,326,355774.2,335723.0,6214.1,23125.819230769233,6214.1,27955.100000000002,10.723684210526317,33176.48981595092,0.15462756991209095,0.7014687203504498,0.8479538834316395,0.8272486674165624,12159.0,13338.0,1638.2,664182.0,0.0,180.0,11,0,1,10,20,29,353936.0,200.0,0.0005647547834570686
5591,3021,1996-12-04,155616.0,48,3242.0,C,0,300.0,39426.07,13711.094458293303,30,228,149490.8,125043.8,24447.1,41304.788235294116,24447.1,43022.82692307692,7.5,19932.106666666667,0.1626521497496909,1.047651673748299,1.0912278832803939,0.9600668105688345,0.0,0.0,1008.8,273482.0,0.0,43.8,7,0,2,7,0,14,145882.0,2600.0,0.017510539996934946
7154,10520,1996-12-05,417600.0,60,6960.0,C,0,200.0,43196.74411764706,18631.358322644723,34,408,168039.0,109400.0,27507.9,43947.100000000006,27507.9,38889.68,13.421052631578949,12520.55294117647,0.5558859921874311,1.017370658078665,0.9002919267498583,1.1300452970736594,0.0,0.0,4354.0,272985.0,0.0,100.0,0,4,8,13,0,9,0.0,163685.0,0.9999999999389071
7130,10411,1996-12-11,123408.0,24,5142.0,A,0,700.0,28359.255384615386,17185.36385469143,65,384,192349.2,183992.0,5466.5,17693.263636363637,4686.3,21828.754166666666,12.631578947368421,15227.645,0.33767532646205284,0.6238973269983346,0.7697224014848896,0.810548485413631,18120.0,13938.0,2670.2000000000003,341013.0,0.0,600.0,0,0,13,12,24,16,0.0,189679.0,0.9999999999472794
6818,9030,1996-12-12,155616.0,48,3242.0,C,0,200.0,44197.50988372093,11044.494392196431,172,691,451400.8,390706.8,42463.3,49720.64347826087,18983.2,42777.0,22.730263157894736,19859.022170767003,0.16325073664199846,1.1249648135793415,0.9678599564288407,1.1623218894882215,46566.0,0.0,6400.8,788878.0,0.0,262.8,0,0,26,44,36,66,0.0,445000.0,0.9999999999775281
5625,3189,1996-12-15,222180.0,60,3703.0,D,1,800.0,55230.44406779661,26510.559286203963,59,382,375691.6,316112.6,45347.2,81362.65,14705.7,63100.35263157894,12.56578947368421,29897.9702617801,0.12385456157521045,1.4731485751842592,1.142492219376272,1.2894167242163304,0.0,0.0,2676.6,689040.0,0.0,87.6,0,0,16,12,0,31,0.0,373015.0,0.9999999999731913
6805,8972,1996-12-21,45024.0,48,938.0,C,0,800.0,41994.90769230769,13151.510254347311,39,214,170898.6,132514.2,32022.8,45380.604166666664,29577.5,43750.788888888885,7.0394736842105265,24277.184299065422,0.03863710008782766,1.080621595560095,1.0418117643936315,1.037252248674747,14157.0,0.0,1370.6,287856.0,0.0,29.2,0,0,8,12,6,13,0.0,169528.0,0.9999999999410127
7233,10963,1996-12-25,115812.0,36,3217.0,C,0,1100.0,56646.51612903226,21971.162852105062,124,585,844304.3,802426.2,30080.5,59849.416666666664,30080.5,61231.7925,19.24342105263158,43874.958495726496,0.0733220066653766,1.0565418801709403,1.0809454256589004,0.9774238873848486,0.0,0.0,3915.3,1642567.0,0.0,248.2,0,0,32,19,0,73,0.0,840389.0,0.9999999999881009
7308,11362,1996-12-27,129408.0,24,5392.0,A,0,1000.0,30869.781308411217,11709.142374755249,107,440,255541.0,231341.4,14716.8,26710.44827586207,14067.2,24862.045762711863,14.473684210526317,17655.559999999998,0.30539954535262576,0.8652619855111038,0.8053845767894622,1.0743463558891433,47800.0,3300.0,1454.0,434197.0,0.0,131.4,0,0,16,13,40,38,0.0,254087.0,0.9999999999606435
5895,4473,1997-01-03,93960.0,60,1566.0,C,0,800.0,54520.20224719101,13768.55521374187,89,452,383076.6,333528.0,36005.0,55303.930434782604,35018.4,56120.67272727273,14.868421052631579,25764.44389380531,0.06078143995060991,1.0143750049549425,1.0293555490225759,0.9854466765515502,49752.0,0.0,3189.1,663517.5,0.0,146.0,0,0,16,14,19,40,0.0,379887.5,0.9999999999736764
7122,10365,1997-01-04,260640.0,36,7240.0,D,1,-718.6,31518.182051282052,20629.925861099906,78,490,276276.4,264710.8,-718.6,14551.683333333334,-718.6,22897.896,16.11842105263158,17140.413387755103,0.42239354629266,0.461691708774317,0.7264979926659068,0.6355030753471106,25950.0,1986.0,2175.4,510769.0,4.6,102.2,0,0,14,15,23,26,0.0,274101.0,0.9999999999635171
6173,5724,1997-01-08,232560.0,48,4845.0,C,0,200.0,40175.612499999996,15672.003046986594,176,630,658006.9,612253.0,20619.9,45438.532258064515,11450.4,40902.89824561404,20.723684210526315,31751.444063492065,0.1525914849348501,1.1309978720736251,1.0181026670205218,1.1108878391478763,43072.0,4215.0,3566.9,1217806.0,0.0,1600.0,20,0,3,20,61,72,639540.0,14900.0,0.022767556994945794
6142,5591,1997-01-21,221880.0,60,3698.0,C,0,1000.0,44440.912676056345,13853.751836544183,71,311,247750.5,208837.0,23872.3,42591.22068965517,23872.3,45160.21355932204,10.230263157894738,24217.412218649515,0.15270004759737366,0.958378622656381,1.0161855558266106,0.9431138013613819,1938.0,2070.0,1494.5,451012.0,0.0,73.0,10,0,2,9,24,26,244056.0,2200.0,0.008933792475759626
5358,2018,1997-01-21,38520.0,12,3210.0,A,0,900.0,20231.31315789474,4462.7098520155505,114,597,142273.4,128279.0,13342.4,19747.609090909093,13342.4,21189.70731707317,19.638157894736842,7244.742646566164,0.4430799204566176,0.9760913158245584,1.047371821157873,0.9319434566082198,49840.0,0.0,1565.4,218928.0,0.0,219.0,0,0,33,19,16,46,0.0,140708.0,0.999999999928931
6095,5358,1997-01-24,68340.0,60,1139.0,C,0,500.0,41735.4201754386,11063.628902172542,114,617,538520.6,492364.0,24220.1,41215.700000000004,24220.1,39223.034999999996,20.29605263157895,26533.267811993515,0.04292724166662498,0.9875472636161471,0.9398020871893564,1.050803437048968,137865.0,0.0,3222.6,889578.0,0.0,219.0,0,0,21,19,15,59,0.0,535298.0,0.9999999999813189
6878,9242,1997-01-24,23184.0,12,1932.0,A,0,200.0,36729.80172413793,9960.410273053054,58,315,99594.2,57093.0,35829.4,42788.68461538462,29906.0,40705.444186046516,10.361842105263158,9611.63073015873,0.20100647353500956,1.164958224525763,1.1082402371971827,1.0511784224563365,0.0,0.0,2242.2,154372.0,0.0,73.0,0,0,15,18,0,25,0.0,97352.0,0.99999999989728
6554,7637,1997-01-29,390096.0,48,8127.0,C,0,900.0,44346.15625,20389.130044150774,16,163,134078.0,89800.0,37507.0,54967.5,900.0,44346.15625,5.361842105263158,25005.958282208587,0.3250025415955456,1.2395099065120192,0.9999999997745013,1.2395099065120192,0.0,0.0,524.0,223354.0,0.0,0.0,0,0,6,4,0,6,0.0,133554.0,0.999999999925124
6793,8931,1997-01-30,186300.0,60,3105.0,C,0,200.0,62765.86554621849,34244.48654819336,119,395,779547.0,753283.0,20664.0,84496.8225,12681.2,73798.97397260273,12.993421052631579,59995.51594936709,0.051753867774100154,1.34622253276054,1.17578198466015,1.144959312305875,15741.0,0.0,4363.0,1512456.0,0.0,270.0,0,0,31,23,18,47,0.0,775184.0,0.9999999999870999
7286,11271,1997-01-31,67320.0,36,1870.0,C,0,200.0,26491.78018018018,7217.696103124469,111,499,217974.4,198216.6,18557.5,28170.007999999998,18148.6,26061.134,16.414473684210527,13279.402324649298,0.1408195905865959,1.0633490010022768,0.9837441581090949,1.0809202695934412,69696.0,6192.0,1489.4,338653.0,0.0,160.6,16,0,7,15,36,37,196385.0,20100.0,0.09284707947003963
5134,825,1997-02-02,53076.0,12,4423.0,A,0,500.0,33129.403076923074,14034.728710026882,65,333,203498.0,182432.2,14151.1,24771.803703703703,14151.1,29649.26595744681,10.953947368421053,18577.595195195194,0.23808248328950107,0.7477286457202029,0.8949532196416193,0.8354946706236074,55410.0,0.0,1762.0,328656.0,0.0,102.2,0,0,15,11,6,33,0.0,201736.0,0.9999999999504303
6076,5269,1997-02-02,117420.0,60,1957.0,C,0,500.0,40841.795348837215,15410.393720101682,43,213,160489.6,135949.8,22465.8,42388.31333333334,22465.8,43350.77435897436,7.006578947368421,22905.5579342723,0.08543777910851379,1.0378660624712595,1.0614316529940269,0.9777982965782994,1586.0,0.0,1321.6,293488.0,0.0,43.8,0,0,10,7,4,22,0.0,159168.0,0.9999999999371734
5419,2246,1997-02-05,415800.0,60,6930.0,C,0,700.0,44265.27297297297,33832.07369901993,37,286,237053.5,223573.0,9735.0,21791.007142857143,9735.0,42170.18214285715,9.407894736842106,25197.295104895104,0.27502952076405246,0.49228222654899806,0.9526696505199072,0.5167396968756214,0.0,0.0,1424.5,459129.0,0.0,73.0,0,0,10,8,0,19,0.0,235629.0,0.9999999999575605
6255,6158,1997-02-08,247920.0,48,5165.0,D,1,200.0,23594.146666666667,7544.802965794844,15,271,35090.0,11100.0,23327.0,24558.533333333336,23327.0,26573.836363636365,8.914473684210527,3936.295202952029,1.312147519577553,1.0408739790373684,1.1262893601452622,0.9241621340642261,0.0,0.0,420.0,45770.0,0.0,0.0,0,0,6,4,0,5,0.0,34670.0,0.9999999997115661
5656,3353,1997-02-09,146064.0,24,6086.0,C,0,200.0,44355.04090909091,16699.810596406947,22,166,150949.3,105928.6,29805.9,49578.54,200.0,44355.04090909091,5.460526315789474,27643.727228915657,0.22015844489423225,1.1177656242147853,0.9999999997745465,1.1177656242147853,0.0,414.0,803.3,255646.0,0.0,14.6,0,0,7,5,1,9,0.0,150146.0,0.9999999999333983
6934,9494,1997-02-09,116832.0,12,9736.0,A,0,400.0,23391.68913043478,10577.341912266536,46,275,132622.1,111883.0,8187.5,17013.29090909091,8187.5,23054.291666666668,9.046052631578949,14660.770327272725,0.6640851589665611,0.7273220333490924,0.985576181705284,0.7379663252161471,23730.0,0.0,982.1,219720.0,0.0,73.0,0,0,14,9,5,18,0.0,131640.0,0.9999999999240353
6028,5072,1997-02-09,317520.0,60,5292.0,C,0,1100.0,56757.3095890411,14668.228535740516,73,303,266950.4,228271.6,38678.7,54317.71666666667,38678.7,57859.00819672131,9.967105263157896,26783.142442244225,0.19758697133601552,0.9570171146305417,1.0194106909834715,0.9387944652040671,9315.0,6390.0,2302.4,477127.0,0.0,87.6,0,0,11,10,22,30,0.0,264648.0,0.9999999999622139
6490,7262,1997-02-10,73260.0,60,1221.0,C,0,900.0,33927.08571428571,12947.80948756529,21,164,98912.6,70874.6,28038.0,38470.515384615384,900.0,33927.08571428571,5.394736842105264,18335.018536585365,0.06659387864253859,1.1339174751775802,0.9999999997052501,1.1339174751775802,1900.0,0.0,546.0999999999999,167326.5,0.0,14.6,0,0,7,5,1,8,0.0,98366.5,0.9999999998983393
6415,6950,1997-02-12,475680.0,48,9910.0,C,0,700.0,40812.49166666667,20009.133167152275,12,123,103405.4,56900.0,23197.3,49164.87777777778,700.0,40812.49166666667,4.046052631578948,25557.106991869914,0.3877590683200146,1.204652687399783,0.9999999997549769,1.204652687399783,0.0,0.0,406.4,159899.0,0.0,0.0,0,0,5,3,0,4,0.0,102999.0,0.9999999999029117
7087,10215,1997-02-20,44304.0,24,1846.0,C,0,300.0,42830.99523809524,9857.958953203315,63,314,166763.1,120317.0,36409.1,47223.527586206896,34400.3,45790.73921568628,10.328947368421053,16145.217324840763,0.114337265439989,1.102554991138269,1.0691028529794124,1.031289915488346,912.0,0.0,1443.1,284652.0,0.0,73.0,0,0,12,9,12,30,0.0,165320.0,0.9999999999395113
5420,2247,1997-02-24,72504.0,24,3021.0,C,0,600.0,45374.64242424242,27825.784981805853,99,317,379257.6,362153.4,16306.4,32034.63333333333,16306.4,32954.232142857145,10.427631578947368,36370.44492113565,0.08306194784584041,0.7060029923047522,0.726269792442219,0.9720946670746784,5328.0,5931.0,1487.6,728533.0,0.0,131.4,0,0,16,10,36,37,0.0,377770.0,0.9999999999735288
5977,4803,1997-02-25,59136.0,48,1232.0,C,0,6620.0,23023.659090909092,6846.270074071337,44,262,62999.0,40258.4,16155.9,22405.175,16155.9,24957.808333333334,8.618421052631579,7309.807633587787,0.16854068671433767,0.9731370196979389,1.0840070305048892,0.8977220552294534,0.0,0.0,768.0,102431.0,0.0,58.4,0,0,15,8,0,21,0.0,62231.0,0.9999999998393083
6824,9052,1997-02-26,71976.0,24,2999.0,D,1,-8245.1,39870.41127819549,26402.52306549008,133,546,713351.7,627976.3,15276.1,40113.941379310345,-3249.9,34148.18235294118,17.960526315789476,39717.75032967032,0.0755078012815993,1.0061080406057148,0.8564793100855594,1.174702095501382,163500.0,0.0,4764.7,1171589.0,74.30000000000001,1400.0,0,0,27,33,0,73,0.0,708587.0,0.9999999999858875
5207,1244,1997-02-28,35904.0,48,748.0,C,0,900.0,22981.05593220339,6022.073345711425,59,296,67757.7,50095.4,16922.3,21332.51935483871,16922.3,24084.438775510203,9.736842105263158,6958.898918918919,0.10748826899778002,0.9282654116716527,1.048012712561241,0.8857386939683596,4515.0,1624.0,777.6999999999999,110878.0,0.0,58.4,0,0,16,8,18,17,0.0,66980.0,0.9999999998507016
7250,11069,1997-03-04,119136.0,48,2482.0,C,0,1100.0,42572.41008403361,16541.33759794592,119,641,422817.1,377110.4,26808.1,42937.86,21861.2,38583.2,21.085526315789476,20052.48024960998,0.1237752122364276,1.0085841958479491,0.9062958830561324,1.1128641478382135,0.0,0.0,3512.1,796138.0,0.0,277.4,0,0,23,21,0,75,0.0,419305.0,0.999999999976151
7115,10351,1997-03-04,88704.0,48,1848.0,C,0,800.0,18675.06030534351,5238.6093862292455,131,670,186934.0,173502.80000000002,9953.6,14666.635,9953.6,15602.9,22.039473684210527,8481.781492537313,0.21787875571272067,0.785359444753698,0.8354939548538212,0.9399941671484185,79380.0,0.0,1750.0,279044.0,0.0,262.8,0,0,33,22,18,58,0.0,185184.0,0.9999999999459998
6010,4969,1997-03-06,150180.0,60,2503.0,C,0,200.0,50892.0,28282.838447204456,16,199,154739.2,75509.0,36196.0,63156.0,12400.0,54271.46666666667,6.546052631578948,23638.551155778896,0.10588635413593148,1.2409809004871137,1.0664046737405215,1.163705421419044,8309.0,0.0,590.2,221349.0,0.0,0.0,0,0,9,3,1,3,0.0,154149.0,0.9999999999351278
5682,3455,1997-03-07,67464.0,12,5622.0,A,0,600.0,46016.19824561403,19927.134835323803,57,359,440992.3,381681.2,20037.8,38355.61363636364,20037.8,40997.68421052631,11.80921052631579,37343.080557103065,0.1505499791292696,0.833524173885534,0.8909402724403583,0.9355556140695412,0.0,0.0,1838.3,820733.0,0.0,102.2,12,0,1,11,0,33,438554.0,600.0,0.0013662633153434499
7201,10807,1997-03-07,67464.0,12,5622.0,A,0,600.0,48557.38070175439,19396.02562066001,57,359,441078.6,376581.2,23859.8,43944.45909090909,23859.8,44967.789189189185,11.80921052631579,37350.38841225627,0.15052052301148158,0.9050006084918695,0.9260752645643371,0.9772430415970161,0.0,0.0,1924.6,815633.0,0.0,102.2,12,0,1,11,0,33,438554.0,600.0,0.0013662633153434499
6088,5317,1997-03-07,90180.0,36,2505.0,C,0,200.0,31516.346153846152,14090.878545097617,13,138,73666.0,37100.0,32107.4,39221.23333333333,200.0,31516.346153846152,4.5394736842105265,16227.872463768115,0.15436404273260465,1.2444727294665208,0.9999999996827044,1.2444727294665208,0.0,0.0,435.0,110331.0,0.0,0.0,4,0,2,4,0,3,67631.0,5600.0,0.07647034724686672
6938,9504,1997-03-10,341280.0,60,5688.0,C,0,700.0,49678.36623376624,19137.475493549646,77,406,559398.5,491031.4,21392.1,50007.833333333336,21392.1,48525.34285714285,13.355263157894738,41885.9960591133,0.13579717647431874,1.0066320033140872,0.976790231366192,1.0305508498981528,0.0,0.0,2422.5,1047876.0,0.0,131.4,14,3,1,13,0,46,556276.0,700.0,0.0012567866478760883
6875,9235,1997-03-13,83280.0,48,1735.0,C,0,700.0,39962.466187050355,10772.622802819169,139,628,365159.8,324113.6,19798.4,32444.776923076926,19798.4,35157.5,20.657894736842106,17676.52535031847,0.09815277406807858,0.8118812478463024,0.8797630212970936,0.9228408423195197,0.0,0.0,5354.8,683685.0,0.0,233.6,0,0,23,40,0,76,0.0,359805.0,0.9999999999722071
5953,4715,1997-03-14,97176.0,24,4049.0,C,0,400.0,66376.85,30559.927764356165,16,137,253348.5,161407.0,54189.2,76433.3090909091,400.0,66376.85,4.506578947368421,56217.47737226277,0.07202386497117182,1.151505518556455,0.9999999998493451,1.151505518556455,0.0,0.0,724.5,414031.0,0.0,0.0,5,0,1,4,0,6,252224.0,400.0,0.0015833808346956987
5942,4681,1997-03-15,162624.0,48,3388.0,C,0,16399.9,37092.94552238806,11884.310835362778,134,585,445848.4,406433.0,16399.9,32135.004,16399.9,33004.06734693878,19.24342105263158,23168.87411965812,0.14623067055567768,0.8663373463275116,0.889766689413246,0.973667992264715,80256.0,0.0,3096.4,768710.0,0.0,219.0,20,0,4,19,31,60,437052.0,5700.0,0.012874024284184509
6377,6792,1997-03-17,17184.0,12,1432.0,A,0,400.0,29906.531428571427,8582.056505164628,70,310,151732.9,110959.6,17164.6,27913.85161290322,17164.6,30041.360714285714,10.197368421052632,14879.613419354837,0.09623905935452047,0.9333697446739617,1.0045083555072654,0.9291806675833231,21120.0,2538.0,1316.9,237630.0,0.0,87.6,0,0,15,10,18,27,0.0,150416.0,0.9999999999335177
5931,4618,1997-03-17,66696.0,24,2779.0,D,1,1100.0,51945.21627906976,29659.976520853583,43,239,276295.8,263743.8,12551.9,49904.72608695652,12551.9,55697.6641025641,7.861842105263158,35143.900920502085,0.07907488714743248,0.9607184193678562,1.0722385636554548,0.8959931602535405,38000.0,0.0,1089.8,500906.0,0.0,43.8,0,0,14,7,0,22,0.0,275206.0,0.9999999999636635
5382,2134,1997-03-17,22932.0,36,637.0,C,0,300.0,42536.88536585366,12304.330318968216,41,223,115369.9,69279.8,37196.1,47094.854166666664,30558.4,46286.86944444445,7.335526315789474,15727.55587443946,0.04050216096388095,1.10715332706048,1.0881584073553134,1.0174560241758719,12472.0,0.0,1118.9,171015.0,0.0,43.8,0,0,10,7,8,16,0.0,114251.0,0.9999999999124733
5992,4863,1997-03-18,76080.0,12,6340.0,A,0,300.0,50621.10493827161,19389.25337968756,81,371,499211.80000000005,428288.2,26746.7,51448.2962962963,19843.0,49591.51296296297,12.203947368421053,40905.76474393531,0.15499037942787916,1.0163408394358435,0.9796608156546414,1.037441554250334,26400.0,0.0,2065.8,898932.0,0.0,102.2,12,1,2,11,16,39,494546.0,2600.0,0.005229851995083338
6753,8688,1997-03-20,67980.0,12,5665.0,A,0,400.0,34806.92142857143,13611.996793054312,14,118,80206.0,24500.0,26754.0,38336.90833333333,400.0,34806.92142857143,3.8815789473684212,20663.2406779661,0.2741583513228491,1.1014162341530764,0.9999999997127007,1.1014162341530764,0.0,0.0,444.0,104262.0,0.0,0.0,0,0,5,6,0,3,0.0,79762.0,0.999999999874627
5790,4033,1997-03-20,84288.0,48,1756.0,C,0,1000.0,29824.125,12770.284101070167,12,121,57681.5,20300.0,20704.1,35205.944444444445,1000.0,29824.125,3.980263157894737,14491.880991735536,0.12117129583038275,1.1804518802358803,0.999999999664701,1.1804518802358803,0.0,0.0,278.5,77703.0,0.0,0.0,0,0,6,3,0,3,0.0,57403.0,0.999999999825793
6562,7674,1997-03-21,94488.0,24,3937.0,C,0,800.0,60311.76666666667,25093.34321090162,66,243,419905.6,349221.6,9340.7,57529.61071428571,9340.7,60149.90909090909,7.99342105263158,52531.40016460905,0.07494565130405455,0.9538704283478182,0.9973163182795605,0.9564372012229062,8862.0,0.0,1650.6,758527.0,0.0,87.6,0,0,18,8,12,28,0.0,418255.0,0.9999999999760911
7046,10049,1997-03-28,91632.0,12,7636.0,A,0,300.0,17625.444285714286,6505.144392712535,70,365,114063.2,99133.2,4358.5,12854.612,4358.5,15352.595652173914,12.006578947368421,9500.058301369863,0.8037845400234102,0.7293213030167791,0.871047299267626,0.8372924216112521,11263.0,0.0,809.2,201022.0,0.0,102.2,0,0,23,11,15,21,0.0,113254.0,0.9999999999117029
5784,3967,1997-03-29,84600.0,36,2350.0,D,1,900.0,41766.69375,28843.33189907088,32,188,176172.5,159256.8,6587.7,38329.2,6587.7,43084.97419354838,6.184210526315789,28487.468085106382,0.08249241358180534,0.9176977287272833,1.0315629587805895,0.8896187292330625,0.0,0.0,704.5,334681.0,0.0,43.8,0,0,9,5,0,18,0.0,175468.0,0.9999999999430096
5868,4361,1997-03-29,90156.0,12,7513.0,A,0,700.0,77525.11692307692,23284.240690745162,65,383,635727.5,557607.8,42463.3,78208.96315789474,42463.3,82711.81666666667,12.598684210526317,50459.83289817232,0.14889070309987526,1.0088209634744332,1.0669034751417033,0.9455597313697718,0.0,0.0,3963.5,1189255.0,0.0,116.8,13,0,1,12,0,39,631064.0,700.0,0.0011080086867705662
5878,4415,1997-04-01,74040.0,12,6170.0,A,0,600.0,44234.82947368421,12482.603185529077,190,636,552809.5,517499.2,28140.0,45401.954054054055,28140.0,46908.018461538464,20.92105263157895,26423.59874213836,0.23350339436639703,1.0263847421588983,1.0604317685646385,0.9678932415702398,78217.0,1309.0,3719.5,986815.0,0.0,248.2,0,0,23,21,68,78,0.0,549090.0,0.9999999999817881
5210,1252,1997-04-01,148140.0,36,4115.0,C,0,1000.0,40688.34830508474,13220.371518330689,118,615,536679.3,510457.0,23599.0,37077.26,23599.0,41306.857142857145,20.230263157894736,26528.537756097565,0.15511597496560137,0.9112500638482302,1.0152011289075378,0.8976054475118888,0.0,0.0,3187.3,1043469.0,0.0,480.0,20,0,2,20,0,76,530792.0,2700.0,0.005060994354084767
5110,675,1997-04-01,102240.0,60,1704.0,C,0,900.0,29946.995238095238,7804.9007299963205,126,607,253392.0,218623.6,20182.9,30924.196153846155,20182.9,32340.706382978722,19.967105263157897,12690.47248764415,0.13427396027345154,1.0326310168234014,1.0799315963105092,0.9562003927211653,95370.0,0.0,2525.0,373887.0,0.0,233.6,0,0,33,20,15,58,0.0,250867.0,0.9999999999601383
7230,10954,1997-04-02,18720.0,60,312.0,C,0,300.0,40748.34523809524,11470.114892915597,42,247,118526.6,74218.4,34253.7,44042.769565217386,34253.7,44456.171428571426,8.125,14587.889230769231,0.021387604118081993,1.080848051548207,1.0909932945227883,0.9907009114825537,0.0,0.0,1183.6,191503.0,0.0,58.4,0,0,10,8,0,24,0.0,117343.0,0.9999999999147797
5005,176,1997-04-10,27456.0,12,2288.0,A,0,800.0,48780.096000000005,24959.844822572028,75,241,460652.0,424371.0,21468.4,52802.176315789475,12449.8,50622.48529411765,7.927631578947369,58107.14024896265,0.039375539560253796,1.0824533085167551,1.0377692836795556,1.0430577637304292,22820.0,485.0,1544.0,859994.0,0.0,180.0,0,0,19,8,15,33,0.0,459108.0,0.9999999999782186
6871,9225,1997-04-13,164256.0,48,3422.0,C,0,600.0,42341.63775510204,19753.53991751057,98,468,407642.3,384221.0,20970.1,28838.22272727273,20970.1,36905.90416666667,15.394736842105264,26479.328888888886,0.12923288248984258,0.6810842529818527,0.8716220277403746,0.7813986236247088,0.0,0.0,3700.3,788017.0,0.0,146.0,0,0,18,29,0,51,0.0,403942.0,0.9999999999752439
5363,2051,1997-04-22,293880.0,60,4898.0,D,1,-2804.8,53227.14444444444,34779.1174455518,90,531,507891.1,508096.0,-2804.8,2094.3933333333334,-2804.8,31848.11025641026,17.467105263157894,29077.00459510358,0.1684492631383463,0.03934821893603297,0.5983433938235805,0.06576193425021704,0.0,0.0,3072.1,1012566.0,19.0,330.0,0,0,25,14,0,51,0.0,504819.0,0.9999999999801908
7253,11079,1997-04-26,98304.0,12,8192.0,A,0,300.0,66405.07079646018,25389.78426954882,113,533,974628.6,930282.8,41314.3,75396.4388888889,31273.4,72289.58333333333,17.532894736842106,55588.573058161346,0.14736841670598685,1.1354018296077775,1.0886154092663158,1.0429779146851603,0.0,0.0,5121.6,1899600.0,0.0,189.79999999999998,18,0,6,17,0,72,958407.0,11100.0,0.011449117953646037
5072,472,1997-04-28,196800.0,24,8200.0,D,1,300.0,58669.50434782608,28112.217725030623,23,199,321080.8,282914.6,36988.0,62611.82307692307,36988.0,61322.66363636363,6.546052631578948,49049.52924623115,0.16717795510663924,1.0671953643080523,1.0452221185022443,1.0210225608919041,0.0,0.0,973.8,603007.0,0.0,14.6,6,0,1,5,0,11,319807.0,300.0,0.0009371866281919112
6055,5181,1997-04-28,399120.0,60,6652.0,C,0,300.0,42435.31166666667,20693.645824426647,60,450,264547.1,245965.6,16207.8,22681.815384615384,16207.8,38904.425641025635,14.80263157894737,17871.626311111107,0.3722101100638073,0.5345033296194011,0.9167936820508257,0.5830137575625004,0.0,0.0,1964.1,508461.0,0.0,87.6,0,0,17,11,0,32,0.0,262583.0,0.9999999999619167
6913,9377,1997-04-29,99936.0,24,4164.0,C,0,400.0,55851.80263157895,25907.897039549815,152,590,623477.9,532299.4,27450.4,69045.08666666667,27450.4,69495.096875,19.407894736842106,32124.962983050846,0.12961882635944955,1.236219484440883,1.2442767034929019,0.9935245759988217,38612.0,0.0,6502.9,1110458.0,0.0,204.4,0,0,30,35,29,58,0.0,616975.0,0.999999999983792
6386,6856,1997-04-30,124344.0,36,3454.0,C,0,321.0,25654.37837837838,18425.10848315396,148,620,495751.6,429301.2,17963.0,33877.765384615384,1977.0,28547.242307692308,20.394736842105264,24307.820387096774,0.14209418794342135,1.320545166666843,1.112762970730346,1.1867263747440662,43469.0,118405.0,2123.6,760807.0,0.0,248.2,0,0,26,20,51,51,0.0,493628.0,0.9999999999797418
5634,3229,1997-05-01,39024.0,12,3252.0,A,0,300.0,60289.9544117647,24639.677624078195,136,530,719643.0,684221.0,16703.5,39397.97727272727,16703.5,47035.265999999996,17.43421052631579,41277.63622641509,0.078783581050387,0.6534749885049603,0.7801509629773453,0.8376263305144487,102420.0,0.0,3913.0,1297312.0,0.0,219.0,0,0,30,17,30,59,0.0,715730.0,0.9999999999860283
5758,3859,1997-05-02,307200.0,60,5120.0,D,1,200.0,44484.075000000004,32135.847571582624,68,374,431664.5,421620.8,5276.7,10533.836363636363,512.5,40989.74418604651,12.302631578947368,35087.167914438505,0.14592229304531235,0.23680016638017895,0.921447600671297,0.2569871212968525,0.0,0.0,1906.5,851262.0,0.0,116.8,0,0,16,12,0,40,0.0,429758.0,0.9999999999767311
7088,10233,1997-05-03,239160.0,60,3986.0,C,0,500.0,37233.14339622642,12741.368623959617,106,437,361337.9,332727.0,20959.7,33064.63448275862,20959.7,37114.34561403509,14.375,25136.549565217392,0.1585738722043965,0.8880430567468361,0.9968093536746224,0.8908855572370944,4104.0,9860.0,1927.8999999999999,678027.0,0.0,146.0,14,0,2,14,38,38,358710.0,700.0,0.0019476364040525405
5039,314,1997-05-03,66840.0,24,2785.0,C,0,700.0,38819.32021276596,18712.608852566682,94,463,600842.5,578168.0,22597.9,42351.28333333333,18756.1,37448.35581395349,15.230263157894738,39450.56587473002,0.07059467811279177,1.0909846718154537,0.9646834514116901,1.1309250406727798,150601.0,0.0,2189.5,1025120.0,0.0,1100.0,15,0,4,15,11,49,590353.0,8300.0,0.013864459043655266
6819,9031,1997-05-03,50112.0,24,2088.0,C,0,900.0,46214.125,27989.629822572977,16,108,116216.90000000001,47600.0,24620.9,57216.125,900.0,46214.125,3.5526315789473686,32712.905185185187,0.0638280210070526,1.2380657426191524,0.9999999997836159,1.2380657426191524,0.0,0.0,637.9,163179.0,0.0,0.0,0,0,7,7,0,2,0.0,115579.0,0.9999999999134791
5532,2754,1997-05-04,335280.0,48,6985.0,C,0,500.0,43629.436082474225,22466.555574880756,97,464,673795.8,643945.0,18760.3,35006.35909090909,18760.3,36620.295454545456,15.263157894736842,44145.24206896552,0.15822769727948183,0.8023564415710485,0.8393483559339929,0.9559278167157629,28820.0,0.0,2703.8,1285887.0,0.0,330.0,15,0,1,15,20,46,670592.0,500.0,0.000745054329350595
6037,5118,1997-05-04,53232.0,48,1109.0,C,0,1100.0,30896.00266666667,8130.29349668723,150,638,222891.9,187279.2,17645.6,29608.454545454544,15939.6,32300.11176470588,20.986842105263158,10620.55448275862,0.10442016005436873,0.9583263846560801,1.045446302640944,0.916667247221133,52615.0,0.0,2689.4,354618.5,0.0,248.2,0,0,29,21,33,67,0.0,220202.5,0.9999999999545873
6322,6510,1997-05-06,76992.0,24,3208.0,C,0,900.0,61992.3,25699.739128305187,35,139,285647.3,233168.4,27024.0,53250.04736842105,900.0,61992.3,4.572368421052632,62472.50302158273,0.05135059176960155,0.8589784111870549,0.9999999998386896,0.8589784111870549,0.0,0.0,973.3000000000001,517784.0,0.0,58.4,0,0,13,5,0,17,0.0,284674.0,0.999999999964872
6887,9263,1997-05-08,39576.0,12,3298.0,A,0,700.0,30719.746666666666,15914.152244943032,75,338,241881.1,219242.2,4518.9,20433.966666666667,4518.9,24004.175,11.118421052631579,21754.98650887574,0.15159742788801484,0.6651736709205154,0.7813923484672641,0.8512671924010717,59244.0,0.0,2701.1,399076.0,0.0,102.2,11,0,2,22,12,28,237480.0,1700.0,0.00710761769348994
6660,8094,1997-05-09,220428.0,36,6123.0,C,0,600.0,60165.795,24445.209943624304,20,166,254668.1,206179.6,37324.2,64447.67692307692,600.0,60165.795,5.460526315789474,46638.0134939759,0.13128775305744986,1.0711680434433757,0.9999999998337925,1.0711680434433757,5665.0,0.0,1024.1,454144.0,0.0,14.6,5,0,1,5,1,8,253044.0,600.0,0.002365520177793856
5451,2350,1997-05-11,159744.0,48,3328.0,C,0,600.0,56388.81071428571,27438.99690378963,28,280,223940.7,170342.2,39875.3,68155.35333333333,28438.0,64798.85652173913,9.210526315789474,24313.561714285715,0.13687834130347967,1.2086680399517624,1.1491438760532566,1.0517987041939567,1150.0,0.0,1270.7,391833.0,0.0,29.2,0,0,10,5,3,10,0.0,222670.0,0.9999999999550906
6014,4999,1997-05-18,165168.0,36,4588.0,C,0,300.0,35478.66185567011,17421.829840733364,97,461,442626.7,416967.0,11636.1,29792.427272727273,2206.7,29948.941666666666,15.164473684210527,29188.398438177872,0.15718573967481292,0.8397280423238015,0.8441395501346651,0.9947739587719278,77308.0,0.0,1831.7,780308.0,0.0,146.0,15,0,1,14,22,45,440495.0,300.0,0.0006805884821588133
5556,2872,1997-05-19,268320.0,60,4472.0,C,0,200.0,24411.294230769232,10874.530318934105,52,257,127126.4,114473.4,8602.9,19277.00909090909,8602.9,25002.072727272727,8.453947368421053,15037.51968871595,0.2973894691145018,0.7896758320464063,1.02420103091121,0.771016439055919,20200.0,0.0,910.4,220431.0,0.0,58.4,0,0,13,8,10,21,0.0,126216.0,0.9999999999207707
5850,4293,1997-05-22,164196.0,36,4561.0,C,0,500.0,49558.68571428572,29113.13867282119,49,473,349774.4,266803.0,33510.0,67077.86333333333,13583.9,58328.16842105263,15.55921052631579,22480.21513742072,0.20288951729731594,1.3535036765606259,1.1769514782041428,1.1500080516435787,14391.0,0.0,923.4,601063.0,0.0,200.0,0,0,21,7,3,18,0.0,348851.0,0.9999999999713344
6346,6649,1997-05-22,100260.0,60,1671.0,C,0,1000.0,40047.08387096775,21019.117673829533,62,684,345370.3,267556.4,2491.6,50602.395000000004,2491.6,49241.03636363636,22.5,15349.79111111111,0.10886141621183462,1.263572527537982,1.2295785758083126,1.0276468313143081,0.0,0.0,2817.3,610051.0,0.0,58.4,0,0,17,16,0,29,0.0,342553.0,0.9999999999708074
5940,4660,1997-05-28,106944.0,24,4456.0,C,0,800.0,57324.072222222225,22980.888932323123,18,145,159132.6,105087.0,42175.3,67149.76153846153,800.0,57324.072222222225,4.769736842105264,33362.97268965517,0.13356123988453988,1.1714059892052857,0.9999999998255532,1.1714059892052857,2121.0,437.0,932.6,260729.0,0.0,0.0,5,0,1,4,2,6,157400.0,800.0,0.005056890012322574
7119,10361,1997-06-02,86880.0,12,7240.0,A,0,500.0,56531.81724137931,24247.686645578247,58,346,502310.5,467735.2,34356.5,61625.18823529412,25137.4,56192.07368421052,11.381578947368421,44133.63930635838,0.16404720100470963,1.0900974217981738,0.9939902238476067,1.09668827263165,0.0,0.0,2250.5,967693.0,0.0,102.2,11,0,1,11,0,35,499560.0,500.0,0.0009998800143782769
5253,1447,1997-06-03,100080.0,48,2085.0,C,0,300.0,22604.34,11029.074077606574,10,103,41842.7,11900.0,12808.0,25082.6,300.0,22604.34,3.3881578947368425,12349.690097087376,0.168830147308995,1.1096364675501975,0.9999999995576071,1.1096364675501975,0.0,0.0,218.7,53524.0,0.0,0.0,3,0,2,3,0,2,37524.0,4100.0,0.09850086486197845
6851,9138,1997-06-03,272220.0,60,4537.0,D,1,-625.1,36907.37301587302,29722.514746667595,63,320,229795.80000000002,228215.4,-625.1,8480.935,-625.1,35055.22244897959,10.526315789473685,21830.601,0.20782753520719494,0.22978972234232561,0.949816244694657,0.24193071403052985,57114.0,0.0,1964.8,398844.0,0.8,87.6,0,0,12,19,12,20,0.0,227831.0,0.9999999999561079
6695,8320,1997-06-04,309660.0,60,5161.0,C,0,1100.0,40151.711764705884,16132.820182274487,17,136,125708.3,80900.0,36524.5,46864.791666666664,1100.0,40151.711764705884,4.473684210526316,28099.502352941177,0.18366873310918655,1.1671928691266849,0.9999999997509446,1.1671928691266849,0.0,0.0,740.3,205868.0,0.0,0.0,4,0,1,8,0,4,123868.0,1100.0,0.008802253376160116
6908,9353,1997-06-08,188616.0,24,7859.0,C,0,900.0,45805.5,25098.117918397915,63,583,274297.0,217084.8,18913.4,59454.66956521739,18913.4,59468.975675675676,19.17763157894737,14302.965351629502,0.5494664778454476,1.2979810187038145,1.2982933416880666,0.9997594355663042,30720.0,0.0,2619.0,457999.0,0.0,43.8,0,0,18,22,3,20,0.0,271678.0,0.9999999999631917
7255,11096,1997-06-09,213300.0,60,3555.0,C,0,800.0,37524.88636363636,14909.062931918304,22,181,159192.3,121475.6,18548.7,40783.81538461538,18548.7,39273.69047619047,5.953947368421053,26737.27027624309,0.13296046911075757,1.0868471386836396,1.0466038480474322,1.0384513112908473,6661.0,0.0,699.3,273293.0,0.0,14.6,0,0,8,5,1,8,0.0,158493.0,0.9999999999369058
6278,6265,1997-06-10,87360.0,24,3640.0,C,0,200.0,69963.48405797101,26296.55727792263,69,221,593765.1,535272.6,26354.3,72268.825,26354.3,71757.8676923077,7.269736842105264,81676.28524886876,0.04456617962561848,1.0329506307860439,1.025647430916868,1.0071205752630783,43644.0,0.0,1777.1,1083529.0,0.0,87.6,0,0,21,6,6,36,0.0,591988.0,0.9999999999831078
5674,3418,1997-06-10,207264.0,48,4318.0,C,0,400.0,61345.1,28117.508578938265,58,281,445875.9,399694.0,45973.3,74357.208,23364.9,64324.592000000004,9.243421052631579,48237.10804270463,0.08951614585356328,1.2121132411207882,1.0485693558167533,1.1559685911173803,0.0,0.0,1604.9,843465.0,0.0,500.0,0,0,19,7,0,32,0.0,444271.0,0.9999999999774912
5486,2516,1997-06-13,466608.0,48,9721.0,C,0,300.0,36161.02156862745,12819.231108548658,102,575,364120.1,303344.4,35574.1,50490.86470588235,9070.2,38316.87804878049,18.914473684210527,19250.87137391304,0.5049641549277265,1.3962787139764983,1.059618240194498,1.3177186468173685,0.0,0.0,2572.1,664688.0,0.0,204.4,0,0,24,18,0,60,0.0,361548.0,0.9999999999723411
5174,1093,1997-06-13,385104.0,48,8023.0,C,0,1000.0,47433.4205882353,24768.34808683377,102,516,894091.9,842353.2,18331.2,39957.95789473684,15730.6,40237.61,16.973684210526315,52675.18170542636,0.1523108177081124,0.8424009356859122,0.8482966122307651,0.9930499819647921,133393.0,0.0,2555.9,1600321.0,0.0,175.2,17,0,1,16,13,55,890536.0,1000.0,0.001121659697408499
6621,7957,1997-06-14,42900.0,12,3575.0,A,0,500.0,50590.532,30497.265818290976,175,646,1046385.0,949235.8,37672.7,76183.87272727273,5139.9,56809.10535714286,21.25,49241.64705882353,0.07260114583501508,1.5058919070511811,1.1229197065157104,1.34105038681591,110952.0,0.0,3583.0,1880823.0,0.0,262.8,0,0,44,21,36,74,0.0,1042802.0,0.9999999999904104
6313,6461,1997-06-15,150912.0,36,4192.0,C,0,700.0,52250.26119402985,24634.963971613874,67,333,362250.7,318513.4,21435.3,39426.653333333335,19653.7,38629.288235294116,10.953947368421053,33070.334174174175,0.12676013422344196,0.754573325085933,0.7393128253359773,1.020641464656972,0.0,0.0,1859.7,678773.0,0.0,131.4,0,0,20,10,0,37,0.0,360391.0,0.9999999999722523
6435,7045,1997-06-16,288720.0,48,6015.0,C,0,400.0,54677.28095238095,22227.416323644524,21,172,235803.0,133614.6,48050.4,61905.38461538462,400.0,54677.28095238095,5.657894736842105,41676.80930232558,0.1443248679361141,1.1321957406400063,0.9999999998171086,1.1321957406400063,0.0,0.0,805.0,368598.0,0.0,14.6,6,0,1,5,0,9,234598.0,400.0,0.0017021421458181711
6310,6440,1997-06-17,34572.0,12,2881.0,A,0,1100.0,60619.159999999996,27985.493467525688,40,228,309027.1,225365.4,22824.5,52955.36315789474,22824.5,64601.95675675676,7.5,41203.61333333333,0.06992105221437189,0.8735746775303219,1.065701945492147,0.8197176340817095,0.0,0.0,1312.1000000000001,533022.0,0.0,58.4,0,0,15,6,0,19,0.0,307715.0,0.9999999999675023
6970,9677,1997-06-17,31620.0,60,527.0,C,0,500.0,27522.883783783782,9910.18669121474,37,247,128199.9,102319.8,16275.7,25911.594999999998,16275.7,28968.516129032258,8.125,15778.44923076923,0.033399987030303856,0.9414563965805174,1.0525247407241163,0.8944743622917793,35776.0,0.0,701.9,193998.0,0.0,43.8,0,0,10,7,4,16,0.0,127498.0,0.9999999999215674
5932,4626,1997-06-18,33348.0,12,2779.0,A,0,700.0,45807.11428571429,28832.376207759226,63,368,377708.8,360537.0,12656.7,25091.915384615386,12656.7,31967.175862068965,12.105263157894738,31202.031304347824,0.08906471415282874,0.5477733267070914,0.6978648699785004,0.7849274982886187,0.0,0.0,1771.8,736328.0,0.0,146.0,0,0,15,11,0,37,0.0,375937.0,0.9999999999733997
7085,10202,1997-06-19,305424.0,48,6363.0,C,0,300.0,46147.52168674699,29670.987963805732,83,346,419423.8,409743.4,7619.1,14574.133333333335,7619.1,24769.175,11.381578947368421,36851.10843930636,0.17266780478945862,0.31581616514762234,0.5367390076279224,0.5883980119422368,11529.0,0.0,2095.8,815411.0,0.0,131.4,0,0,19,11,18,35,0.0,417328.0,0.999999999976038
6877,9241,1997-06-19,285240.0,60,4754.0,C,0,1100.0,49699.664814814816,16853.230914901833,54,267,288595.2,228732.4,21279.7,46322.768,21279.7,52464.60681818182,8.782894736842106,32858.7793258427,0.14467975062038554,0.9320539316166826,1.0556330108686462,0.8829336728225955,14380.0,0.0,2275.2,500614.0,0.0,58.4,9,0,1,16,4,24,285220.0,1100.0,0.0038418552667001307
6763,8772,1997-06-19,88272.0,48,1839.0,C,0,800.0,17535.77922077922,9184.828049923843,77,399,167313.2,160229.8,4608.3,10361.189999999999,4608.3,11622.97380952381,13.125,12747.672380952381,0.14426163017063603,0.5908599705574412,0.6628147889272515,0.8914405350028134,66213.0,0.0,1391.2,259822.0,0.0,116.8,13,0,3,24,9,28,160022.0,5900.0,0.03555887706057311
7049,10063,1997-06-24,233424.0,36,6484.0,C,0,200.0,54476.857142857145,25141.67782753039,49,254,355890.7,308642.0,21665.8,53599.044444444444,21665.8,56125.4511627907,8.355263157894738,42594.792440944875,0.15222518122297285,0.9838865023738494,1.0302622819320826,0.9549864335064616,360.0,10984.0,1372.7,651726.0,0.0,90.0,8,0,2,7,16,16,350118.0,4400.0,0.01241121748367047
6959,9633,1997-06-30,59448.0,24,2477.0,D,1,-5525.0,45016.690833333334,28083.258524411067,120,539,665195.3,610286.1,15457.1,45878.27222222222,1670.3,35601.92291666667,17.730263157894736,37517.508571428574,0.06602250772126515,1.019139154005952,0.7908605063967973,1.2886459059170179,0.0,0.0,5368.3,1269928.0,9.9,175.2,0,0,26,29,0,65,0.0,659827.0,0.9999999999848446
5214,1270,1997-07-01,74772.0,36,2077.0,C,0,500.0,24872.139436619716,8273.729769931522,71,389,190532.5,157355.0,12368.7,22581.144444444442,12368.7,22748.19210526316,12.796052631578949,14889.943444730075,0.13949012004744726,0.9078891059173989,0.9146053621195335,0.9926566616822867,33296.0,0.0,1504.5,312187.0,0.0,900.0,13,0,4,13,8,33,180728.0,8300.0,0.04390883889985035
6350,6678,1997-07-09,294384.0,48,6133.0,C,0,1100.0,61692.07751937985,26376.133504852813,129,553,958974.5,911861.0,39304.5,75634.95416666666,23293.1,65196.171111111114,18.190789473684212,52717.58553345388,0.11633689094021027,1.226007571728262,1.0567997338079997,1.1601134371244597,0.0,0.0,4178.5,1866438.0,0.0,219.0,0,0,36,18,0,75,0.0,954796.0,0.9999999999895266
5063,442,1997-07-10,357840.0,48,7455.0,D,1,600.0,5350.0,6717.514421272202,2,102,10100.0,0.0,10100.0,10100.0,600.0,5350.0,3.355263157894737,3010.1960784313724,2.4765828474266725,1.8878504637610272,0.9999999981308412,1.8878504637610272,0.0,0.0,0.0,10100.0,0.0,0.0,0,0,2,0,0,0,0.0,10100.0,0.999999999009901
5041,319,1997-07-11,369000.0,60,6150.0,C,0,700.0,48648.401169590645,19732.115097790942,171,633,547477.7,487933.0,40907.3,64688.446153846155,23033.5,52865.10784313725,20.822368421052634,26292.76789889415,0.23390462431761005,1.3297137127907248,1.0866771889990832,1.2236510768795728,19026.0,7904.0,3660.7,1004250.0,0.0,570.0,0,0,29,20,55,67,0.0,543817.0,0.9999999999816115
5086,525,1997-07-16,210384.0,48,4383.0,C,0,300.0,45912.4,21519.72175583645,59,483,254090.1,207611.6,31140.0,66545.34736842106,24348.2,52574.97027027027,15.888157894736842,15992.420372670807,0.2740673328440869,1.4493981441599018,1.1451148330041365,1.2657229669113752,38724.0,0.0,2599.1,420291.0,0.0,87.6,0,0,15,14,6,24,0.0,251491.0,0.9999999999602371
6942,9513,1997-07-16,18324.0,12,1527.0,A,0,700.0,31402.28372093023,11502.50496987873,86,430,338111.7,306875.0,11342.8,26349.715000000004,11342.8,25264.767441860466,14.144736842105264,23903.71088372093,0.06388129469893794,0.8391018699715266,0.8045519127952943,1.042943104471743,91509.0,0.0,2032.7,551299.0,0.0,146.0,0,0,16,14,11,45,0.0,336079.0,0.999999999970245
5270,1528,1997-07-21,191088.0,48,3981.0,C,0,500.0,32688.033333333333,11262.531250822682,78,408,283323.3,244931.4,13219.3,29934.784210526315,12325.4,28402.390000000003,13.421052631578949,21110.363529411763,0.18858036208460907,0.9157719553241787,0.8688925914165656,1.0539530018419851,77300.0,0.0,1976.3,448847.0,0.0,131.4,0,0,16,13,0,49,0.0,281347.0,0.9999999999644567
6705,8381,1997-07-25,333648.0,48,6951.0,D,1,500.0,61748.70206185566,26907.01300851919,97,311,665494.9,565679.2,28420.3,66892.28947368421,20197.3,61076.374626865676,10.230263157894738,65051.59151125402,0.10685365011752142,1.0832987128351792,0.9891118772956942,1.095223642061231,5180.0,0.0,3721.9,1222170.0,0.0,102.2,0,0,25,18,14,40,0.0,661773.0,0.9999999999848891
7051,10068,1997-07-28,77808.0,12,6484.0,A,0,1000.0,68874.72173913044,26062.87599367688,23,117,168442.2,110743.79999999999,51089.4,75717.2705882353,1000.0,68874.72173913044,3.848684210526316,43766.17846153846,0.14815092901512072,1.0993477529249147,0.9999999998548088,1.0993477529249147,0.0,0.0,931.2,278211.0,0.0,43.8,0,0,10,3,0,10,0.0,167511.0,0.9999999999403025
6758,8742,1997-07-29,33144.0,12,2762.0,A,0,900.0,32407.646875000002,13829.314517124061,32,182,106174.6,74481.6,18064.2,35918.728571428575,16564.0,33424.02258064516,5.986842105263158,17734.65846153846,0.1557402418790645,1.1083411485840922,1.0313622182829816,1.0746381131719807,68.0,6089.0,658.6,173826.0,0.0,14.6,0,0,10,10,4,8,0.0,105516.0,0.9999999999052276
6249,6138,1997-07-30,67608.0,24,2817.0,C,0,200.0,30181.31739130435,11585.481244316574,23,189,115289.4,98083.6,17205.7,32715.13076923077,17104.0,31544.10454545455,6.217105263157895,18543.90349206349,0.15190976374993193,1.0839530406918856,1.045153335291166,1.037123457149261,10869.0,0.0,513.4,201976.0,0.0,14.6,6,0,2,5,1,9,109876.0,4900.0,0.04269185195139299
5808,4099,1997-07-31,41856.0,48,872.0,C,0,800.0,38559.264077669905,10181.211719891966,103,431,283830.7,246761.4,29705.0,43991.60909090909,24218.8,39754.25,14.17763157894737,20019.61317865429,0.04355728513746651,1.1408830052069454,1.0309908900131788,1.1065888321335002,19260.0,12980.0,1798.7,496422.0,0.0,131.4,0,0,15,13,30,45,0.0,282032.0,0.9999999999645429
5377,2116,1997-08-04,92400.0,12,7700.0,A,0,1000.0,42291.185576923075,20423.924476420485,104,459,501293.3,454804.2,17442.8,32608.829999999998,17442.8,37455.45641025641,15.098684210526317,33201.12488017429,0.23191985288061057,0.7710549975710074,0.8856563345397929,0.8706029272243684,14377.0,0.0,2533.3,939012.0,0.0,175.2,0,0,24,15,22,43,0.0,498760.0,0.9999999999799503
5446,2334,1997-08-04,48312.0,24,2013.0,C,0,600.0,31897.432978723406,9079.326169130605,94,503,286841.5,245659.2,17502.7,38350.74705882353,12526.1,31258.18717948718,16.54605263157895,17335.947514910535,0.1161171027489245,1.2023145270775095,0.9799593337350307,1.226902469626317,128484.0,0.0,1976.5,401865.0,0.0,175.2,16,0,13,16,12,37,211365.0,73500.0,0.2580169553908688
5856,4320,1997-08-09,51360.0,12,4280.0,B,1,-2542.1,53636.37471264367,32197.490915176008,87,382,744277.3,679747.5,11202.1,68770.9,11202.1,64631.40425531915,12.56578947368421,59230.44481675393,0.07226013602495784,1.282169057018072,1.204992033662441,1.0640477455462325,0.0,0.0,2466.3,1421411.0,16.1,131.4,0,0,28,13,0,46,0.0,741811.0,0.9999999999865196
4986,97,1997-08-10,102876.0,12,8573.0,A,0,900.0,33057.37457627119,12670.953546334435,118,462,306055.9,265539.6,27185.8,37618.25357142858,12208.2,30438.28103448276,15.197368421052632,20138.743203463204,0.42569687239811255,1.1379685786375644,0.9207712776780479,1.2358862682308815,14360.0,33.0,2243.9,554798.0,0.0,160.6,0,0,18,15,43,42,0.0,303812.0,0.9999999999670849
7001,9859,1997-08-10,300600.0,60,5010.0,C,0,400.0,53217.72947368421,20909.130855309148,95,398,437579.0,363652.8,37754.1,59283.648,24267.8,50293.79074074075,13.092105263157896,33423.11959798995,0.14989624124740097,1.113983038644584,0.9450570557723643,1.1787468614925758,8064.0,6120.0,2998.0,783933.0,0.0,116.8,13,1,3,12,24,42,420881.0,13700.0,0.03152461796462513
6677,8169,1997-08-12,97980.0,60,1633.0,C,0,700.0,24067.298540145985,7369.334427365258,137,623,259220.4,243181.6,11603.5,20946.178260869565,9708.6,20315.586666666666,20.49342105263158,12648.956918138041,0.129101554324004,0.8703169662862936,0.8441157874174224,1.0310397919705248,34368.0,0.0,2056.4,465744.0,0.0,233.6,0,0,25,20,32,60,0.0,257164.0,0.9999999999611143
6665,8114,1997-08-15,99300.0,60,1655.0,C,0,600.0,39110.67083333333,10455.933721211133,144,671,454103.8,421904.2,23009.4,34257.0,23009.4,35471.91777777778,22.072368421052634,20573.406140089417,0.08044365565557102,0.8758990644068517,0.9069626527212636,0.9657498702199745,107244.0,0.0,2995.8,765520.0,0.0,248.2,0,0,24,21,36,63,0.0,451108.0,0.9999999999778323
5817,4127,1997-08-15,100800.0,24,4200.0,D,1,-1571.5,26649.7703125,22080.256063155182,64,469,198881.0,200452.4,-1571.5,-995.407142857143,-1571.5,15944.357894736842,15.42763157894737,12891.220469083155,0.3258031314269098,-0.03735143420792395,0.5982925069067203,-0.06243005512071588,44420.0,483.0,1160.0,353145.0,23.2,102.2,0,0,12,10,18,24,0.0,197721.0,0.9999999999494238
6984,9730,1997-08-15,116040.0,60,1934.0,C,0,900.0,29865.18974358974,8523.994736371058,39,226,95276.6,62711.8,26453.9,33453.55454545454,23385.3,32311.670588235294,7.434210526315789,12815.967433628319,0.15090550194566246,1.1201520841311075,1.0819174716394189,1.035339675296195,1032.0,0.0,777.6,156135.0,0.0,43.8,0,0,10,7,8,14,0.0,94499.0,0.9999999998941788
6541,7565,1997-08-17,153504.0,48,3198.0,C,0,300.0,33651.1036036036,12123.175982149585,111,502,359354.5,331721.2,18988.6,29156.444,18988.6,28727.83695652174,16.513157894736842,21761.706772908365,0.14695538506711744,0.8664335153695637,0.8536967252660441,1.0149195720505426,86437.0,0.0,2396.5,602067.0,0.0,175.2,17,0,2,16,25,51,354958.0,2000.0,0.0056029000609146475
5117,718,1997-08-20,76944.0,12,6412.0,A,0,500.0,40141.795454545456,22283.58371939614,110,535,487380.5,428124.0,15230.5,57248.54642857143,9256.2,42986.66530612245,17.598684210526315,27694.14429906542,0.23152908890927862,1.4261580919850785,1.0708705180885512,1.331774540024624,7986.0,66451.0,2067.5,838854.0,0.0,146.0,0,0,25,14,32,39,0.0,485313.0,0.9999999999793947
6097,5362,1997-08-21,202848.0,48,4226.0,C,0,800.0,37200.395945945944,17835.976701595184,74,349,349107.0,315305.0,8379.9,25095.037500000002,8379.9,31827.24,11.480263157894738,30409.32034383954,0.1389705508320056,0.6745906019311851,0.8555618611611276,0.7884767102681614,51304.0,0.0,1953.0,610945.0,0.0,210.0,12,0,5,11,15,31,329654.0,17500.0,0.05040990453659154
5389,2165,1997-08-22,78600.0,24,3275.0,C,0,800.0,42902.40714285714,21203.475509252803,14,136,110858.7,43800.0,34187.9,55070.6,800.0,42902.40714285714,4.473684210526316,24780.18,0.1321620746370034,1.2836249444882837,0.9999999997669128,1.2836249444882837,0.0,0.0,688.7,153970.0,0.0,0.0,5,0,2,4,0,3,108070.0,2100.0,0.01906145048388296
7219,10905,1997-08-23,57120.0,48,1190.0,C,0,1000.0,41985.62040816326,9814.240638203999,49,275,102785.5,60023.4,39204.5,45273.92608695652,38108.1,45438.659999999996,9.046052631578949,11362.469818181817,0.10473075114782679,1.0783198065443071,1.0822433858889202,0.9963745866843955,14695.0,0.0,1205.5,146850.0,0.0,58.4,0,0,12,8,10,19,0.0,101580.0,0.9999999999015554
6338,6592,1997-08-24,390660.0,60,6511.0,C,0,300.0,63544.64567901234,30163.74604529852,81,308,668498.9,607542.2,20381.2,46175.269565217386,20381.2,60086.462,10.131578947368421,65981.70961038962,0.09867886172485557,0.726658699006668,0.9455786769834754,0.7684804200575593,86040.0,0.0,1913.9,1187985.0,0.0,102.2,0,0,23,9,8,41,0.0,666585.0,0.9999999999849982
5367,2064,1997-08-26,83628.0,36,2323.0,C,0,500.0,29052.608823529412,9815.036532338121,34,239,125709.5,93894.8,17878.7,28742.263157894737,17878.7,30951.458620689657,7.861842105263158,15989.82761506276,0.14527986507865073,0.9893178035262531,1.0653590112351217,0.9286238655452441,0.0,0.0,753.5,218807.0,0.0,43.8,8,0,2,7,0,17,118456.0,6500.0,0.0520183104411138
6922,9424,1997-08-26,83628.0,36,2323.0,C,0,500.0,29077.814705882352,10160.935911263663,34,239,125722.8,94494.8,17292.0,28840.0,17292.0,30981.010344827588,7.861842105263158,15991.519330543932,0.1452644961701923,0.991821437814154,1.0654518108579083,0.9308928169124747,0.0,0.0,766.8,219407.0,0.0,43.8,8,0,2,7,0,17,118456.0,6500.0,0.0520183104411138
5638,3249,1997-08-27,68124.0,12,5677.0,A,0,1100.0,28809.0,14323.747992896271,51,320,231786.1,215355.0,10823.6,20939.739999999998,10823.6,25881.300000000003,10.526315789473685,22019.6795,0.2578148332005401,0.7268471655639392,0.8983755073420198,0.8090683231487333,49182.0,0.0,1104.1,396782.0,0.0,73.0,0,0,12,9,6,24,0.0,230682.0,0.9999999999566503
5830,4190,1997-08-28,405780.0,60,6763.0,C,0,700.0,34044.42954545454,7073.196837254752,176,694,343710.1,302177.8,31512.4,40684.88076923077,24079.8,36865.01836734694,22.828947368421055,15055.88910662824,0.44919300000228557,1.1950525034634425,1.0828502297945093,1.1036175366246685,55119.0,22356.0,2960.1,565190.0,0.0,262.8,0,0,39,22,56,59,0.0,340750.0,0.9999999999706529
6007,4949,1997-08-30,289920.0,48,6040.0,C,0,400.0,58959.27777777778,22763.594806918914,45,320,400934.4,346373.0,28517.9,57802.1625,28517.9,59985.68709677419,10.526315789473685,38088.768,0.1585769326646173,0.9803743307042737,1.0174087836131736,0.9635992398838821,0.0,0.0,1906.4,745328.0,0.0,73.0,10,0,1,9,0,25,398628.0,400.0,0.0010024359192587378
5338,1888,1997-08-30,57360.0,12,4780.0,B,1,-5851.2,36887.156,21128.247450818963,75,313,320129.8,305113.3,-5851.2,22798.122222222224,-5851.2,34973.012068965516,10.296052631578949,31092.47897763578,0.1537349274048175,0.6180504188515297,0.9481081181613575,0.6518775726479141,3060.0,19614.0,2589.8,599904.0,2.3,73.0,10,0,1,18,18,28,317240.0,300.0,0.0009447628644912526
6612,7907,1997-08-31,97392.0,12,8116.0,A,0,200.0,36685.09135802469,24192.13051814679,81,400,380798.2,360652.0,6146.2,17820.723076923077,6146.2,21336.393333333333,13.157894736842106,28940.6632,0.2804358677307589,0.4857756219862083,0.5816093823860684,0.8352265910251067,63270.0,0.0,1653.2,676381.0,0.0,146.0,0,0,22,13,10,36,0.0,379145.0,0.9999999999736248
5718,3637,1997-09-01,14028.0,12,1169.0,A,0,400.0,51802.019230769234,10744.592560408064,156,674,396995.8,345210.8,41707.2,57174.708695652174,41707.2,57657.90869565217,22.17105263157895,17906.042017804153,0.06528522596924544,1.1037158306495998,1.1130436523654705,0.9916195363160538,87786.0,0.0,4271.8,649886.0,0.0,262.8,0,0,26,22,36,72,0.0,392724.0,0.9999999999745368
6104,5395,1997-09-05,158184.0,36,4394.0,C,0,400.0,47679.97368421053,21180.710272552995,95,497,405268.2,376449.0,24512.0,29028.333333333332,24512.0,33113.811111111114,16.348684210526315,24789.040804828976,0.17725574913618597,0.6088160517768502,0.6945014551283595,0.876623147579254,0.0,0.0,2961.2,778537.0,0.0,219.0,0,0,21,17,0,57,0.0,402307.0,0.9999999999751433
5229,1329,1997-09-06,23520.0,12,1960.0,A,0,500.0,25967.495238095238,7748.942858772759,63,355,147704.6,128617.2,18205.7,22397.48947368421,18205.7,23792.594736842104,11.677631578947368,12648.506591549296,0.1549590051808901,0.8625202107364247,0.9162452716184605,0.9413638870412375,23576.0,0.0,1071.6,251572.0,0.0,102.2,11,0,2,11,14,25,141133.0,5500.0,0.03750860992835797
6625,7966,1997-09-07,473280.0,60,7888.0,D,1,500.0,52777.34186046512,27659.861928030834,43,254,209953.5,184059.0,25584.0,43635.97368421053,25584.0,58379.302777777775,8.355263157894738,25128.292913385823,0.31390910731779065,0.8267936985403537,1.1061432938601172,0.7474562319258479,0.0,0.0,2122.5,391817.0,0.0,73.0,0,0,9,14,0,20,0.0,207831.0,0.999999999951884
5963,4746,1997-09-07,204780.0,60,3413.0,C,0,200.0,48890.17826086957,26678.762987643742,23,198,232747.4,143336.6,28216.5,54331.86153846153,28216.5,51296.95714285715,6.5131578947368425,35734.95434343434,0.09550872700840571,1.1113042222395473,1.0492282695033988,1.0591634388090667,0.0,0.0,1171.4,374898.0,0.0,14.6,0,0,8,6,0,9,0.0,231576.0,0.9999999999568177
5206,1242,1997-09-07,128544.0,24,5356.0,C,0,200.0,40526.454999999994,22589.559555331594,60,287,249802.1,218720.0,16531.6,25665.97391304348,16531.6,37929.58775510204,9.44078947368421,26459.874006968643,0.202419709049454,0.6333140637815555,0.9359216774756841,0.6766742120160354,24550.0,2110.0,1784.1,439478.0,0.0,600.0,0,0,11,10,20,19,0.0,248018.0,0.9999999999596804
4990,110,1997-09-08,162576.0,36,4516.0,C,0,900.0,46148.29761904762,12673.331275508797,84,418,331885.2,276345.4,31067.0,46407.354545454546,31067.0,47128.51162790698,13.75,24137.105454545457,0.1870978277255932,1.005613574708417,1.0212405234693287,0.9846980719868016,27450.0,0.0,2353.2,578296.0,0.0,131.4,0,0,15,13,17,39,0.0,329532.0,0.9999999999696538
6641,8026,1997-09-09,128268.0,36,3563.0,C,0,700.0,47029.538888888885,20089.41765282347,18,170,133238.4,84914.6,48127.0,58818.209090909084,700.0,47029.538888888885,5.592105263157895,23826.16094117647,0.14954150638456376,1.25066523015174,0.9999999997873676,1.25066523015174,0.0,0.0,752.4,217386.0,0.0,14.6,0,0,7,5,0,6,0.0,132486.0,0.9999999999245204
5369,2080,1997-09-12,214596.0,36,5961.0,C,0,400.0,62852.91764705883,30947.28158330783,17,138,272514.1,186000.0,37013.4,67147.01818181817,400.0,62852.91764705883,4.5394736842105265,60032.09159420289,0.09929689005842779,1.068319828017993,0.9999999998408984,1.068319828017993,0.0,0.0,892.1,457622.0,0.0,0.0,5,0,1,4,0,7,271222.0,400.0,0.0014726347644346688
6196,5837,1997-09-14,177804.0,36,4939.0,C,0,800.0,54375.02307692307,27185.841612047814,91,423,635199.3,588902.6,17373.5,45468.92857142857,17373.5,45291.984210526316,13.914473684210527,45650.25702127659,0.10819216191085447,0.8362098255800764,0.8329556777957271,1.0039067476055081,0.0,0.0,2613.3,1221328.0,0.0,160.6,0,0,27,13,0,51,0.0,632586.0,0.999999999984192
5236,1374,1997-09-15,389136.0,48,8107.0,C,0,700.0,59749.88387096774,25629.232333675274,62,354,635492.1,556722.2,48054.5,68093.87222222221,27144.7,63125.95526315789,11.644736842105264,54573.33288135593,0.1485524077508577,1.1396486118345797,1.056503396540751,1.0786984834933144,0.0,0.0,2420.1,1189692.0,0.0,102.2,12,0,1,11,0,38,632372.0,700.0,0.0011057194126243822
5719,3664,1997-09-20,271584.0,48,5658.0,C,0,800.0,62387.09,27465.733061554183,90,510,689094.2000000001,596692.4,24693.7,58608.10555555555,24693.7,68638.59024390245,16.776315789473685,41075.41898039216,0.13774661681049308,0.9394268196538944,1.10020503012563,0.8538652285654043,0.0,0.0,3907.2,1281748.0,0.0,131.4,0,0,25,16,0,49,0.0,685187.0,0.9999999999854055
5643,3273,1997-09-21,94512.0,12,7876.0,B,1,600.0,48061.85671641791,26359.19062225771,134,632,1131512.9,1107701.6,9329.8,33037.328571428574,5253.3,34869.38181818182,20.789473684210527,54427.20278481012,0.14470705080495175,0.6873918492056325,0.7255105023650771,0.9474595429944627,0.0,0.0,7288.9,2231692.0,0.0,233.6,21,0,2,40,0,71,1119624.0,4600.0,0.004091711260352992
7050,10065,1997-09-23,311232.0,48,6484.0,C,0,1100.0,72885.75808823529,27188.600747496173,136,542,1154373.3,1102084.0,49140.6,78450.61538461539,27960.1,63724.57333333333,17.828947368421055,64747.137121771215,0.10014342389848031,1.0763504068775658,0.8743076150411369,1.2310889076014921,0.0,0.0,4586.3,2251652.0,0.0,219.0,0,0,45,17,0,74,0.0,1149787.0,0.9999999999913026
6355,6699,1997-09-24,127200.0,48,2650.0,C,0,400.0,28863.03052631579,9001.234613333387,95,473,301298.6,262220.0,20461.6,31847.157142857144,16112.0,28697.782978723404,15.55921052631579,19364.64575052854,0.1368473264510505,1.103389233600633,0.9942747675998724,1.1097427684699988,73030.0,0.0,1781.6,488561.0,0.0,146.0,15,0,11,14,21,34,254417.0,45100.0,0.150575760302401
6688,8268,1997-09-26,8616.0,24,359.0,C,0,400.0,24946.635443037972,7487.80051800565,79,372,171809.1,142625.2,13255.0,23481.3,11833.6,23136.834615384614,12.23684210526316,14040.313548387096,0.02556922952661185,0.941261199098513,0.9274531092154569,1.0148881806951005,13993.0,0.0,1896.1000000000001,298443.0,0.0,102.2,0,0,15,22,14,28,0.0,169913.0,0.9999999999411464
6239,6083,1997-09-28,360864.0,48,7518.0,D,1,500.0,52871.42441860465,31203.09112803499,86,374,620549.4,593166.0,3223.7,37522.73333333334,3223.7,38934.30392156863,12.302631578947368,50440.37903743316,0.1490472542430781,0.709697794959212,0.7363959708356993,0.9637448097000453,80400.0,0.0,3164.4,1129911.0,0.0,240.0,0,0,23,18,0,45,0.0,617385.0,0.9999999999838027
5531,2753,1997-09-30,66432.0,24,2768.0,C,0,700.0,33039.892523364484,12534.716939678694,107,595,455884.5,438139.4,17025.7,25439.566666666666,17025.7,29839.12285714286,19.572368421052634,23292.25008403361,0.11883781038007284,0.76996517591506,0.9031240893719792,0.852557455523576,103035.0,0.0,2152.5,788632.0,0.0,204.4,19,0,2,18,15,53,451432.0,2300.0,0.005069071610442528
6113,5445,1997-10-01,78696.0,36,2186.0,C,0,1000.0,40292.34146341463,12443.954613806967,41,224,104609.6,68316.8,29598.7,44352.56785714285,29598.7,43243.535135135135,7.36842105263158,14197.017142857143,0.1539760061190085,1.1007691842978944,1.07324453118883,1.0256462083473412,2055.0,1872.0,939.6,168016.0,0.0,43.8,7,0,2,7,12,13,98370.0,5300.0,0.05112375807358698
7181,10679,1997-10-02,197808.0,24,8242.0,C,0,900.0,64942.89333333333,28961.929740251046,15,125,224283.1,180400.0,43638.2,72927.46363636364,900.0,64942.89333333333,4.111842105263158,54545.649919999996,0.15110279207557697,1.1229475602637276,0.9999999998460185,1.1229475602637276,0.0,0.0,854.0999999999999,403829.0,0.0,0.0,4,0,1,4,0,6,222529.0,900.0,0.0040281252655640885
6118,5477,1997-10-04,349392.0,48,7279.0,C,0,900.0,59951.075172413795,27491.435997699893,145,657,947771.1,883735.2,24221.6,61432.75,24221.6,67067.04,21.611842105263158,43854.24876712329,0.16598163696734244,1.0247147330231843,1.118696200125425,0.9159901792421449,101472.0,0.0,5093.1,1724693.0,0.0,248.2,0,1,39,22,16,67,0.0,942678.0,0.9999999999893919
7264,11141,1997-10-07,44940.0,12,3745.0,A,0,200.0,52484.822499999995,27425.065485451,40,238,299037.0,222051.0,26611.2,58747.05263157895,13467.0,56171.86666666667,7.828947368421053,38196.32268907563,0.09804608756461865,1.1193150671393772,1.0702497213544768,1.0458447637094814,0.0,0.0,1288.0,519680.0,0.0,120.0,0,0,14,7,0,19,0.0,297749.0,0.9999999999664146
5343,1906,1997-10-08,44952.0,24,1873.0,C,0,1000.0,51453.801123595505,23458.498481343675,89,433,450344.7,398626.4,19870.0,63044.17272727273,19870.0,61860.00833333333,14.243421052631579,31617.734133949194,0.0592389066045216,1.225257830098573,1.2022437015434286,1.0191426483062707,66195.0,0.0,2728.7,779916.0,0.0,131.4,0,0,16,14,18,41,0.0,447616.0,0.9999999999776594
5051,378,1997-10-11,230400.0,60,3840.0,C,0,20574.0,79500.5380952381,22324.05166043614,168,446,1082326.7,1033049.4,45912.7,61550.99230769231,45912.7,73371.69836065573,14.671052631578949,73772.94098654708,0.052051605210909645,0.7742210779279852,0.9229081979738379,0.8388928384450346,110981.0,26.0,4527.7,1999637.0,0.0,204.4,0,0,38,15,53,62,0.0,1077799.0,0.9999999999907218
6605,7890,1997-10-14,79344.0,48,1653.0,C,0,300.0,23918.494285714285,6320.378998385796,105,567,159268.3,129264.40000000001,23162.0,26414.305263157894,20851.8,25647.344444444447,18.651315789473685,8539.252768959435,0.19357665627055357,1.1043464917392734,1.0722808939122868,1.0299041021605861,64560.0,0.0,1698.3,222070.0,0.0,204.4,0,0,29,18,15,43,0.0,157570.0,0.9999999999365362
5779,3942,1997-10-14,107352.0,36,2982.0,C,0,600.0,57995.119047619046,31107.14727280795,84,522,535431.6,474306.0,20938.0,78586.23448275862,20938.0,68153.95384615385,17.17105263157895,31182.223448275858,0.09563141012026094,1.355049110334302,1.1751670649807933,1.1530693384073243,93996.0,0.0,2573.6,912958.0,0.0,210.0,0,0,28,17,7,32,0.0,532858.0,0.9999999999812333
6655,8085,1997-10-17,260400.0,60,4340.0,D,1,600.0,37448.404724409455,22540.647194729765,127,557,635745.2,614690.0,4080.6,33739.12857142857,3874.3,34254.5,18.322368421052634,34697.763159784554,0.1250801090192278,0.9009496882634197,0.9147118613713673,0.9849546354954537,14656.0,0.0,2464.2,1233096.0,0.0,219.0,0,0,25,18,29,55,0.0,633281.0,0.9999999999842093
6534,7542,1997-10-19,590820.0,60,9847.0,C,0,300.0,27937.97837837838,7850.946892728123,111,521,286298.8,255439.2,16833.3,27289.7375,15629.8,27898.093617021274,17.138157894736842,16705.342648752398,0.5894521412190776,0.9767971440393113,0.9985723816232281,0.9781936308926844,44196.0,0.0,1930.8,495436.0,0.0,175.2,0,0,30,16,24,41,0.0,284368.0,0.9999999999648342
5681,3448,1997-10-20,68664.0,24,2861.0,C,0,700.0,36855.823287671235,15663.928694070413,73,501,290134.5,253492.0,18833.4,35064.99333333333,18833.4,38678.392857142855,16.480263157894736,17604.967664670658,0.16251094877704864,0.9514098504902735,1.0494513321477417,0.9065783434637199,0.0,0.0,2824.5,540442.0,0.0,360.0,0,0,14,16,0,43,0.0,287310.0,0.9999999999651943
6607,7894,1997-10-21,153144.0,36,4254.0,C,0,300.0,58553.67719298246,25207.977930295026,171,560,1078143.0,1020427.2,32084.1,59869.30740740741,24481.1,53365.0137254902,18.42105263157895,58527.76285714285,0.07268345468212267,1.0224687887639263,0.9113862062069097,1.1218831068639181,86040.0,0.0,4077.0,2008205.0,0.0,248.2,0,4,39,18,36,74,0.0,1074066.0,0.9999999999906896
6242,6097,1997-10-22,26208.0,36,728.0,C,0,1000.0,27419.850000000002,12688.119619442146,12,129,45747.8,8100.0,20360.4,33190.02222222222,1000.0,27419.850000000002,4.243421052631579,10780.876899224808,0.06752697448730507,1.210437774463312,0.9999999996353007,1.210437774463312,0.0,0.0,291.8,53556.0,0.0,0.0,0,0,7,3,0,2,0.0,45456.0,0.999999999780007
7242,11027,1997-10-23,48096.0,24,2004.0,C,0,800.0,33044.0156626506,8252.713497278717,83,454,220800.9,188448.0,23227.9,36817.65789473684,17772.0,34522.3717948718,14.93421052631579,14784.906079295153,0.13554364078450076,1.1142004730741473,1.0447389971263323,1.0664869176092104,37990.0,0.0,1799.9,369159.0,0.0,300.0,15,0,6,14,10,38,192401.0,26600.0,0.12146063259430502
7277,11231,1997-10-24,89280.0,12,7440.0,A,0,900.0,60522.040384615386,20954.26377318421,52,261,427133.2,365013.4,25705.7,55362.00833333333,25705.7,61437.11136363636,8.585526315789474,49750.38038314176,0.1495465952462471,0.9147412739617228,1.015119631840806,0.9011167207495052,39132.0,0.0,2125.2,750831.0,0.0,58.4,9,0,1,8,9,25,424108.0,900.0,0.0021176071979323303
6675,8158,1997-11-01,238716.0,36,6631.0,C,0,1000.0,65133.5358490566,20947.363829998318,106,503,686393.2,603354.0,38298.3,68058.74545454545,38298.3,73005.76136363637,16.54605263157895,41483.80373757455,0.15984551562217092,1.0449109595680288,1.120862861208926,0.9322380066174152,104918.0,0.0,4265.2,1180204.0,0.0,360.0,16,0,2,16,23,49,676328.0,5800.0,0.008502802992862003
5956,4725,1997-11-04,168264.0,36,4674.0,C,0,700.0,40044.576,17004.86638936729,25,204,183813.7,156253.2,27453.4,42070.94666666667,23045.0,42246.495652173915,6.710526315789474,27391.845490196076,0.17063472411767738,1.0506028745606055,1.0549867138466904,0.9958446495323297,26924.0,0.0,820.7,312293.0,0.0,29.2,6,0,1,6,2,10,182293.0,700.0,0.003825282934110852
5398,2187,1997-11-04,53472.0,12,4456.0,A,0,300.0,64144.50223880597,28468.555790705144,134,617,1008742.4,944458.0,38244.3,73588.51818181819,35560.5,70149.175,20.29605263157895,49701.408363047,0.08965540707728681,1.14723032531113,1.0936116508925877,1.0490289895972105,0.0,0.0,4825.4,1947835.0,0.0,540.0,0,0,38,20,0,76,0.0,1003917.0,0.9999999999900391
5731,3711,1997-11-05,460980.0,60,7683.0,D,1,400.0,45410.149999999994,26778.69846068326,26,181,175342.8,156179.2,19163.5,56514.55294117647,11724.0,47210.556,5.953947368421053,29449.840441988945,0.2608842656558812,1.2445357024526702,1.0396476556365377,1.1970745044647584,7000.0,0.0,931.8000000000001,323561.0,0.0,29.2,0,0,7,6,0,13,0.0,174411.0,0.9999999999426642
6956,9631,1997-11-09,59448.0,24,2477.0,C,0,200.0,29114.622580645162,14649.67811136306,93,502,290341.2,256471.2,16828.8,27808.08888888889,4996.7,23113.343243243242,16.513157894736842,17582.415298804783,0.1408793932173578,0.9551244843484225,0.7938740463243994,1.2031184145109293,0.0,0.0,1842.2,544795.0,0.0,175.2,17,0,8,16,0,52,267499.0,21000.0,0.07279054693178172
6437,7052,1997-11-09,63972.0,36,1777.0,D,1,300.0,21532.345454545455,11004.95272532905,11,115,46252.6,7200.0,14060.0,25066.199999999997,300.0,21532.345454545455,3.7828947368421053,12226.774260869564,0.14533677981065896,1.16411842087864,0.9999999995355824,1.16411842087864,0.0,0.0,212.6,53240.0,0.0,0.0,4,0,2,3,0,2,42640.0,3400.0,0.07384882709082345
5447,2335,1997-11-12,541200.0,60,9020.0,D,1,-17030.4,12006.396551724138,14745.172610902393,174,587,312545.3,306184.4,-17030.4,-4611.825925925926,-17030.4,-1226.6903225806452,19.30921052631579,16186.33240204429,0.5572602718382452,-0.38411407637727235,-0.10216973229847162,3.759568228939392,30540.0,7275.0,2617.3,577723.0,355.4,219.0,0,0,23,34,60,57,0.0,309928.0,0.9999999999677344
5973,4784,1997-11-24,219456.0,48,4572.0,C,0,400.0,44366.05454545455,22683.877974868567,11,108,118723.8,41600.0,23533.3,50864.62222222223,400.0,44366.05454545455,3.5526315789473686,33418.55111111111,0.13681024002000444,1.146476123060366,0.9999999997746024,1.146476123060366,0.0,0.0,543.8,159780.0,0.0,0.0,4,0,1,3,0,3,117780.0,400.0,0.003384667456136007
6075,5267,1997-11-26,129312.0,24,5388.0,D,1,-8657.3,45330.9197368421,32759.94939605866,152,684,988727.0,917210.2,17991.8,47393.159999999996,2085.0,32217.507894736842,22.5,43943.42222222222,0.12261220738627775,1.045493015907791,0.7107181604666474,1.471037429094009,0.0,0.0,3533.0,1902063.0,34.599999999999994,306.59999999999997,0,0,40,22,0,90,0.0,985194.0,0.9999999999898498
5281,1580,1997-11-27,194256.0,24,8094.0,C,0,400.0,51370.480597014925,27095.340184743734,134,689,892289.6,824546.8,36963.6,61271.45333333334,12084.9,46002.416666666664,22.664473684210527,39369.52661828737,0.20559048312723135,1.1927366185662351,0.8955029449419786,1.331918141692139,0.0,0.0,4000.6,1712573.0,0.0,262.8,0,0,35,21,0,78,0.0,888289.0,0.9999999999887424
5103,666,1997-11-28,12540.0,12,1045.0,A,0,200.0,41922.046710526316,9731.975450036936,152,623,346716.2,292154.0,37841.2,47087.28,34162.4,48210.53673469387,20.49342105263158,16918.414895666134,0.0617670157533505,1.1232104270554286,1.150004365390121,0.9767010114273929,59040.0,14325.0,3369.2,561917.0,0.0,219.0,0,2,26,19,45,60,0.0,343347.0,0.9999999999708749
6468,7176,1997-11-30,203940.0,60,3399.0,C,0,400.0,42000.78888888889,13429.797196148776,54,358,288598.9,237517.6,26731.0,43657.4125,19426.7,41663.00882352941,11.776315789473685,24506.722234636873,0.1386966386638608,1.039442678210145,0.9919577683130514,1.047869890397007,42770.0,0.0,1898.9,481360.0,0.0,87.6,0,0,13,10,7,24,0.0,286700.0,0.9999999999651202
7209,10857,1997-11-30,385560.0,60,6426.0,D,1,700.0,29028.266101694913,19243.809938833172,59,424,235902.5,225487.6,3909.2,19416.04117647059,3338.9,16827.8,13.947368421052632,16913.764150943396,0.37992725562761887,0.6688667212075836,0.5797039318590377,1.153807459378678,33900.0,0.0,2050.5,425352.0,0.0,87.6,0,0,10,25,0,24,0.0,233852.0,0.999999999957238
4988,103,1997-12-06,265320.0,36,7370.0,D,1,379.0,46266.574698795186,28827.091843999817,83,636,368306.7,348328.3,379.0,15316.033333333335,379.0,36391.8511627907,20.92105263157895,17604.596981132076,0.4186406541264463,0.3310388423982851,0.7865689515993644,0.42086436495389823,0.0,0.0,3653.7,712846.0,18.5,116.8,0,0,22,20,0,41,0.0,364653.0,0.9999999999725766
5584,2986,1997-12-06,24792.0,24,1033.0,C,0,500.0,47061.86,12246.407730001189,135,606,519533.9,450345.0,37291.8,55772.909523809525,36021.7,54448.88181818181,19.93421052631579,26062.426666666666,0.03963560311614539,1.1850978586897871,1.1569640852829057,1.0243168941431302,52816.0,0.0,3595.9,913248.0,0.0,219.0,0,0,21,19,31,64,0.0,515938.0,0.9999999999806178
4962,25,1997-12-08,30276.0,12,2523.0,A,0,900.0,62991.26463414634,22476.347979775186,164,498,1009153.2999999999,977531.4,31621.9,68836.62857142858,30783.3,59948.101851851854,16.38157894736842,61602.93236947791,0.040955842563762425,1.0927964212229138,0.9516891300803995,1.1482703610876621,95438.0,2296.0,4084.3,1884662.0,0.0,204.4,0,0,36,15,43,70,0.0,1005069.0,0.9999999999900505
5651,3329,1997-12-08,19248.0,12,1604.0,A,0,200.0,36065.975000000006,11241.910004472638,72,422,297867.9,254432.4,22291.6,31603.052631578947,22291.6,33028.54857142857,13.881578947368421,21457.782369668246,0.07475143384433929,0.8762567107312743,0.9157813857041366,0.9568404906944303,83241.0,0.0,1768.4,467159.5,0.0,131.4,0,0,16,13,9,34,0.0,296099.5,0.9999999999662275
6502,7424,1997-12-08,30276.0,12,2523.0,A,0,900.0,61588.33719512195,22716.440103874163,164,498,1008878.1,981031.4,27846.6,68219.6888888889,26638.3,57426.667272727274,16.38157894736842,61586.13301204819,0.04096701442671764,1.1076721987424503,0.9324276296251658,1.1879444188015404,95438.0,2296.0,3809.1,1888162.0,0.0,204.4,0,0,36,15,43,70,0.0,1005069.0,0.9999999999900505
5862,4342,1997-12-09,100128.0,24,4172.0,C,0,700.0,56496.39136690648,21125.219655712437,139,589,702641.0,647617.2,55023.7,70865.77777777778,28078.5,71411.60232558139,19.375,36265.34193548387,0.11504096683471475,1.2543416676829549,1.2640028962057153,0.992356640378427,104295.0,0.0,4495.0,1241220.0,0.0,248.2,0,0,32,19,17,71,0.0,698146.0,0.9999999999856765
7199,10789,1997-12-09,45768.0,12,3814.0,A,0,900.0,59138.441780821915,25823.684557712564,146,447,855021.9,778632.8,31449.7,60405.54285714286,2885.5,54586.9649122807,14.703947368421053,58149.14040268456,0.0655899635477332,1.021426013739131,0.9230369157401845,1.1065928091650905,124080.0,34710.0,3137.9,1471537.0,0.0,189.79999999999998,0,0,33,14,38,61,0.0,851884.0,0.9999999999882614
6727,8505,1997-12-10,42840.0,12,3570.0,A,0,1100.0,35642.19777777778,9970.089426002905,45,265,160925.8,103158.4,31458.2,39270.62,30019.6,38565.66285714286,8.717105263157896,18460.921962264147,0.1933814576197007,1.1018013040000147,1.0820225814011832,1.0182793988342866,0.0,0.0,1805.8,262220.0,0.0,58.4,0,0,11,16,0,18,0.0,159120.0,0.9999999999371544
6544,7594,1997-12-11,130464.0,48,2718.0,C,0,1000.0,53546.70890052356,24632.060431052567,191,664,797971.0,765042.6,30375.2,55916.65151515151,30375.2,59496.39848484849,21.842105263157897,36533.612048192765,0.07439724261785609,1.0442593513746683,1.111112142937988,0.9398325433092066,36832.0,22899.0,4217.0,1498832.0,0.0,233.6,0,0,33,19,66,73,0.0,793754.0,0.9999999999874017
7279,11244,1997-12-11,155760.0,24,6490.0,C,0,200.0,51964.019277108426,24707.291006253043,83,333,589384.0,533936.8,13171.8,54747.10344827586,13171.8,53372.74385964912,10.953947368421053,53805.626426426425,0.12061935581529198,1.0535579079399249,1.0271096153043375,1.025750214041521,85078.0,0.0,1720.0,1036406.0,0.0,116.8,0,0,27,10,7,39,0.0,587664.0,0.9999999999829835
5933,4631,1997-12-13,87528.0,24,3647.0,C,0,800.0,42728.93157894737,13891.271413336683,57,366,290163.1,215347.0,39306.4,52303.1625,23330.6,42713.816666666666,12.039473684210527,24100.978797814205,0.15132165498679007,1.22406904537555,0.9996462602335553,1.2245022002112893,0.0,0.0,1797.1,503013.0,0.0,700.0,12,0,2,11,0,32,284466.0,3900.0,0.013524479307077654
6574,7745,1997-12-20,77544.0,36,2154.0,C,0,700.0,37934.865625,22908.16296637593,64,386,356453.0,335702.8,2860.6,23798.810526315792,2860.6,27411.224324324325,12.697368421052632,28072.982383419687,0.07672857731371278,0.6273598213132512,0.7225865668819924,0.868214065743679,81280.0,0.0,1464.0,609295.0,0.0,116.8,0,0,15,11,8,30,0.0,354989.0,0.9999999999718301
6399,6902,1997-12-21,49320.0,36,1370.0,C,0,900.0,35987.26296296296,8500.999900341789,81,425,169368.3,142681.4,26345.0,33015.91904761905,26345.0,34924.99285714285,13.980263157894738,12114.814870588234,0.11308468296904589,0.9174334561765293,0.9704820531470207,0.9453378894940349,37380.0,0.0,1709.3,272829.0,0.0,131.4,0,0,16,13,20,32,0.0,167659.0,0.9999999999403552
7187,10711,1997-12-24,24180.0,60,403.0,C,0,1100.0,78724.20970149254,16373.293143798604,134,534,416751.8,327630.2,64270.5,83366.79310344828,64270.5,85946.65862068966,17.565789473684212,23725.19610486891,0.016986160959379142,1.058972753222545,1.0917436826062257,0.9699829456043545,35282.0,1105.0,4937.8,702882.0,0.0,175.2,0,0,19,16,52,47,0.0,411814.0,0.9999999999757172
5043,339,1997-12-25,468060.0,60,7801.0,C,0,400.0,59623.21607142857,25407.637815788745,112,470,823643.5,728409.0,39124.6,67141.048,10403.3,50535.71599999999,15.460526315789474,53273.962553191486,0.14643175811723708,1.1260890037918145,0.8475845370531907,1.328586063502378,44957.0,0.0,4122.5,1502643.0,0.0,330.0,16,0,1,15,22,58,819121.0,400.0,0.00048808999402714405
6353,6686,1997-12-25,116496.0,24,4854.0,C,0,600.0,41285.01833333333,14317.07448670923,120,684,703252.7,678982.2,20807.5,42660.75882352941,17661.7,42574.40277777778,22.5,31255.675555555554,0.15529979474669284,1.033322995493309,1.0312312913057637,1.0020283557747618,0.0,0.0,3702.7,1378284.0,0.0,248.2,22,0,1,21,0,76,698950.0,600.0,0.0008576942319940291
5469,2445,1997-12-26,293160.0,60,4886.0,C,0,800.0,49740.62371134021,29394.413057581954,97,537,595596.4,580755.4,11824.1,21149.715384615385,11824.1,45561.55172413793,17.664473684210527,33717.189124767225,0.14491124928803267,0.4252000437932089,0.915982718258329,0.4642009453064463,0.0,0.0,3361.4,1172786.0,0.0,204.4,0,0,26,16,0,55,0.0,592235.0,0.9999999999831148
5976,4794,1997-12-27,465504.0,48,9698.0,D,1,1100.0,26347.124418604653,9532.79994740063,86,374,228252.6,210978.2,7186.4,26168.82857142857,7186.4,24683.516666666666,12.302631578947368,18553.152513368987,0.5227144005734171,0.9932328153055477,0.9368580899048006,1.0601742415482462,15376.0,25136.0,1082.6,397534.0,0.0,102.2,0,0,18,11,32,25,0.0,227170.0,0.9999999999559801
5799,4052,1997-12-28,106128.0,36,2948.0,C,0,900.0,36071.942307692305,15711.303814237473,52,337,245718.30000000002,194623.0,30368.8,46307.6375,22199.8,38602.15,11.085526315789474,22165.68640949555,0.13299836261362624,1.2837578052260123,1.070143372375784,1.1996129098509762,0.0,0.0,1245.3,438916.0,0.0,180.0,11,0,3,10,0,28,227773.0,16700.0,0.06831020194179684
6254,6157,1997-12-28,247920.0,48,5165.0,C,0,1000.0,54799.85662650602,24844.513821660523,83,412,471108.2,451048.4,20059.8,67529.47727272728,13348.2,58184.34545454546,13.55263157894737,34761.381747572814,0.14858442728257767,1.232292955083046,1.0617609064288096,1.1606124763210794,95230.0,0.0,2707.2,824088.0,0.0,131.4,0,0,24,12,10,37,0.0,468401.0,0.9999999999786507
6059,5196,1997-12-28,79824.0,12,6652.0,A,0,300.0,49309.00967741936,26233.474473140293,31,182,243074.8,205005.0,22069.7,45650.52777777778,22069.7,50942.64333333333,5.986842105263158,40601.505054945046,0.16383629102811936,0.9258050013002999,1.0331305304298328,0.8961161962113198,23715.0,0.0,795.8,423479.0,0.0,90.0,0,0,9,5,3,14,0.0,242279.0,0.9999999999587253
6147,5602,1997-12-28,177504.0,48,3698.0,C,0,14855.3,44723.35581395349,35436.029353100355,86,536,425448.4,405467.0,16620.2,19110.266666666666,14855.3,18435.28181818182,17.63157894736842,24129.909253731345,0.15325378805125922,0.42729947953573183,0.4122070331830516,1.03661375208558,0.0,0.0,2746.4,826569.0,0.0,1600.0,0,0,21,17,0,48,0.0,422702.0,0.9999999999763426
7100,10280,1997-12-31,348120.0,60,5802.0,C,0,600.0,58819.487692307695,22066.35064076996,65,395,508230.4,454608.8,31863.6,56158.26666666667,31863.6,53158.294444444444,12.993421052631579,39114.440911392405,0.14833396217167402,0.9547561337305456,0.9037531015823325,1.056434696466666,0.0,0.0,2827.4,959895.0,0.0,116.8,13,0,1,12,0,39,504803.0,600.0,0.0011871714255517443
7147,10478,1998-01-02,267600.0,48,5575.0,C,0,200.0,62460.22678571429,31861.59331757581,112,678,736200.9,724638.0,11562.7,62666.426666666666,11562.7,70488.41836734694,22.30263157894737,33009.59787610619,0.16889027304226958,1.003301298786935,1.1285328597651443,0.8890315332540636,0.0,0.0,4565.9,1455943.0,0.0,330.0,0,0,36,21,0,55,0.0,731635.0,0.999999999986332
5909,4550,1998-01-03,61320.0,60,1022.0,C,0,700.0,23137.19054054054,4868.0898129165225,74,331,106248.7,85130.2,17701.3,23705.170370370368,17236.2,23502.32307692308,10.888157894736842,9758.188761329304,0.10473255067607988,1.0245483486246587,1.0157811954560754,1.0086309460855023,7791.0,2968.0,988.7,179529.0,0.0,102.2,0,0,13,11,21,29,0.0,105260.0,0.9999999999049971
7037,10022,1998-01-03,218064.0,48,4543.0,C,0,400.0,54315.558974358966,14925.629654032195,39,241,220028.9,177334.8,40179.2,58256.60833333334,35242.7,57557.951515151515,7.927631578947369,27754.68282157676,0.1636840899090148,1.0725583870012136,1.0596954646407348,1.0121383195487164,23034.0,0.0,1580.9,372705.0,0.0,43.8,7,0,1,7,6,18,218048.0,400.0,0.0018310993919911788
5782,3953,1998-01-04,63576.0,12,5298.0,C,0,500.0,59128.5875,21405.4915018847,32,202,210464.4,166829.2,43635.1,66668.18421052632,32286.0,61019.83225806452,6.644736842105264,31673.850297029698,0.16726731826550817,1.1275118689289034,1.0319852854212805,1.0925658385563595,0.0,0.0,2555.4,374709.0,0.0,29.2,6,0,2,12,0,12,206609.0,1300.0,0.006252735571511924
6237,6075,1998-01-06,407952.0,48,8499.0,D,1,-1449.6,14785.585897435896,6609.171562045565,78,478,140084.5,129320.6,7704.0,12229.192307692309,-1449.6,10641.15806451613,15.723684210526317,8909.139748953974,0.9539641570285425,0.8271023133105643,0.7196980986167434,1.1492350947195555,34200.0,0.0,958.5,234086.0,0.0,160.6,0,0,26,15,0,37,0.0,139126.0,0.9999999999281228
6552,7632,1998-01-08,170448.0,48,3551.0,C,0,1000.0,39297.33529411765,12622.471304730285,85,473,373246.6,331590.6,22836.8,38010.857894736844,15406.5,34393.97948717949,15.55921052631579,23988.787822410148,0.1480274878750817,0.9672629861687846,0.8752242161207205,1.105160218457825,96290.0,0.0,2371.6,606015.0,0.0,160.6,0,0,17,15,10,43,0.0,370875.0,0.9999999999730367
5320,1819,1998-01-11,143676.0,36,3991.0,C,0,700.0,28370.441666666666,16621.38665670709,72,447,221278.9,204805.0,6404.6,14387.23,5537.8,21443.938636363633,14.703947368421053,15048.945324384787,0.26520130888382654,0.5071204094729624,0.7558549451135351,0.6709229231281969,6762.0,57771.0,2207.9,359133.0,0.0,210.0,0,0,13,14,22,23,0.0,219071.0,0.9999999999543527
7067,10134,1998-01-11,136368.0,24,5682.0,C,0,600.0,60593.8406779661,21974.288190104475,59,260,470431.6,418532.6,39363.0,66757.28749999999,21609.5,62144.98260869565,8.552631578947368,55004.310153846156,0.10330099555970303,1.1017173815367334,1.0255990031844542,1.0742184595915676,66745.0,0.0,2040.6,820091.0,0.0,87.6,0,0,17,8,7,27,0.0,468391.0,0.9999999999786503
5930,4616,1998-01-12,66696.0,24,2779.0,C,0,1000.0,58360.68125,27018.40143712475,16,110,120595.09999999999,53174.6,13700.0,62184.72666666667,1000.0,58360.68125,3.618421052631579,33328.10036363636,0.08338309021051442,1.0655243448860772,0.9999999998286517,1.0655243448860772,12260.0,0.0,464.1,161031.0,0.0,14.6,0,0,7,3,1,5,0.0,120131.0,0.9999999999167575
6486,7240,1998-01-15,152160.0,60,2536.0,C,0,500.0,28077.73140495868,9880.246623423533,121,632,359876.2,339889.6,7072.6,23503.629999999997,7072.6,23172.412820512818,20.789473684210527,17310.50075949367,0.14650067226646604,0.8370914890751543,0.8252950524402942,1.0142935986817498,146176.0,0.0,2454.2,550902.0,0.0,233.6,21,0,4,20,16,60,349922.0,7500.0,0.020983599218263465
5245,1407,1998-01-17,125472.0,24,5228.0,C,0,800.0,71376.04415584415,25109.194803138787,77,281,601541.3,559389.0,42152.2,84498.39677419355,30767.2,77829.94259259258,9.243421052631579,65077.77765124556,0.08033464245220107,1.1838481350669876,1.0904210719741292,1.0856798032815052,119056.0,0.0,2342.3,1038732.0,0.0,800.0,0,0,23,9,8,37,0.0,599199.0,0.9999999999833111
6643,8038,1998-01-18,35856.0,24,1494.0,C,0,600.0,55660.65578947368,13977.180083878635,95,519,415868.9,338535.2,44130.9,66283.2,41558.9,63503.097499999996,17.072368421052634,24359.180269749515,0.06133211310242673,1.19084475466469,1.1408974002889931,1.0437790060486767,62580.0,0.0,3572.9,688076.0,0.0,175.2,0,0,19,16,12,48,0.0,412296.0,0.9999999999757455
5260,1480,1998-01-19,123300.0,36,3425.0,C,0,800.0,55026.619999999995,25548.054001677494,90,565,622069.2,572470.0,32600.1,61793.06399999999,22054.0,58578.95,18.585526315789476,33470.62598230088,0.10232853131542384,1.1229667384398738,1.0645565726071207,1.0548680710298035,0.0,0.0,2747.2,1191492.0,0.0,300.0,0,2,26,14,0,48,0.0,619322.0,0.9999999999838534
5569,2936,1998-01-20,504000.0,60,8400.0,C,0,200.0,20942.59435483871,7160.246306640331,124,664,271151.6,245174.2,17182.4,25458.704545454544,15680.6,25295.2225,21.842105263157897,12414.169638554215,0.676646142094432,1.2156423460217562,1.207836147677533,1.0064629609559637,76446.0,0.0,1649.6,437982.0,0.0,248.2,0,0,40,21,18,45,0.0,269502.0,0.9999999999628945
7110,10345,1998-01-21,31260.0,12,2605.0,C,0,1000.0,25084.423664122136,8521.249762977905,131,654,261214.5,247282.2,8465.3,17397.56818181818,8465.3,19341.2175,21.513157894736842,12142.080733944955,0.21454312938077508,0.6935606098762416,0.7710449221902194,0.8995073951690532,114614.0,0.0,2378.5,391256.0,0.0,248.2,0,0,30,21,17,63,0.0,258836.0,0.9999999999613656
7139,10445,1998-01-22,23412.0,12,1951.0,C,0,800.0,54304.50852713179,14228.94749867343,129,603,530829.5,478263.0,46468.0,63281.350000000006,41127.2,59270.993478260876,19.835526315789476,26761.5535655058,0.07290309191114012,1.1653056386051284,1.0914562174470863,1.0676613681620406,51744.0,0.0,4009.5,953120.0,0.0,219.0,0,9,21,19,16,64,0.0,526820.0,0.9999999999810183
6791,8926,1998-01-23,566640.0,60,9444.0,C,0,200.0,36640.32207792207,10665.199718854723,77,308,211480.3,181580.0,20118.3,36297.845714285715,20118.3,36978.45,10.131578947368421,20873.380259740257,0.4524422914716304,0.9906530195664068,1.00922830075747,0.9815945693902738,23472.0,6852.0,2000.3,360663.0,0.0,73.0,0,0,14,18,23,22,0.0,209480.0,0.9999999999522629
5360,2035,1998-01-25,176328.0,36,4898.0,C,0,400.0,47164.91871345029,16696.592829496705,171,625,654714.4,618291.0,34469.3,59851.8935483871,34469.3,58922.34310344827,20.55921052631579,31845.308416,0.15380601545692815,1.2689917669386095,1.2492832532785052,1.0157758565905821,134464.0,1936.0,3454.4,1132932.0,0.0,219.0,20,0,2,19,64,66,646560.0,4700.0,0.007216779780621922
5287,1638,1998-01-26,64224.0,24,2676.0,C,0,900.0,45735.83829787234,19455.06988026239,47,440,201968.6,178316.0,20601.7,35173.075,20601.7,44759.17307692308,14.473684210526317,13954.19418181818,0.1917702995396918,0.7690484377531522,0.9786455159217853,0.7858294194062362,38996.0,0.0,3486.6,337682.0,0.0,120.0,0,0,11,14,4,18,0.0,198482.0,0.9999999999496176
6553,7636,1998-01-26,42384.0,12,3532.0,C,0,700.0,48865.98409090909,24319.344887497962,132,475,567076.3,543621.8,23454.4,45631.846666666665,22311.9,41457.04509803921,15.625,36292.883200000004,0.0973193554108924,0.9338161812608975,0.8483824865253855,1.1007018601482015,40001.0,0.0,2664.3,1067843.0,0.0,189.79999999999998,0,0,29,15,26,62,0.0,564412.0,0.9999999999822825
6044,5133,1998-01-27,57060.0,12,4755.0,C,0,900.0,46000.645348837206,21829.525560071197,86,415,442838.5,366396.0,11939.8,55217.34117647058,11939.8,50870.61,13.651315789473685,32439.25397590361,0.14658166929690405,1.2003601415966385,1.1058673112773454,1.085446806429412,2002.0,27391.0,2450.5,777181.0,0.0,210.0,0,0,17,13,21,35,0.0,440388.0,0.9999999999772927
7072,10148,1998-01-27,22104.0,12,1842.0,C,0,700.0,44135.94383561644,9993.711593699896,73,379,185282.5,145970.2,35275.2,45675.20384615385,35275.2,46225.43191489361,12.467105263157896,14861.70976253298,0.12394267067469826,1.0348754295574056,1.0473420955171144,0.9880968537052554,33640.0,0.0,1778.5,295732.0,0.0,102.2,0,0,14,11,16,32,0.0,183504.0,0.9999999999455054
5332,1869,1998-01-29,37944.0,36,1054.0,C,0,500.0,61295.969158878506,18670.113397526355,107,594,510519.7,437604.4,59781.9,81391.39565217392,53963.5,78673.175,19.539473684210527,26127.607542087542,0.04034047120076968,1.327842544228803,1.2834967138417372,1.0345507937340575,0.0,0.0,4407.7,943512.0,0.0,204.4,0,7,20,18,0,62,0.0,506112.0,0.9999999999802415
6633,7997,1998-02-05,160656.0,24,6694.0,C,0,400.0,52422.491095890415,30895.46728961792,146,651,935086.3,839443.4,6723.2,41272.72857142857,6723.2,41629.117021276594,21.414473684210527,43666.08835637481,0.1532997401515528,0.7873095631426601,0.7941079514361149,0.9914389618309639,0.0,0.0,4021.3,1770231.0,0.0,277.4,0,0,36,21,0,89,0.0,931065.0,0.9999999999892597
6866,9201,1998-02-05,122472.0,24,5103.0,C,0,1000.0,48395.94017857143,20832.49060008441,112,465,716960.9,689093.6,24436.8,44301.91333333334,24436.8,45516.057692307695,15.296052631578949,46872.28249462365,0.10887031156412366,0.9154055724656655,0.9404933040862007,0.9733249224501093,148071.0,0.0,4827.9,1252995.0,0.0,160.6,15,0,2,30,11,54,709533.0,2600.0,0.003651003393977656
6926,9455,1998-02-07,374760.0,60,6246.0,C,0,1000.0,56102.47410714285,20395.42933231177,112,461,624949.8,579025.6,27769.8,54598.293333333335,18847.9,52006.656140350875,15.164473684210527,41211.44017353579,0.1515598574615044,0.9731886907399349,0.9269939866067253,1.0498327978536064,30679.0,77930.0,3913.7999999999997,1091292.0,0.0,160.6,15,0,2,15,31,49,618336.0,2700.0,0.004347574053608042
6442,7082,1998-02-08,194160.0,48,4045.0,C,0,900.0,28548.365413533837,7771.536283071562,133,520,238028.2,208314.2,14303.6,27170.583333333332,14303.6,26834.008620689656,17.105263157894736,13915.49476923077,0.2906831603312636,0.9517386698061273,0.9399490381529532,1.0125428409625963,76308.0,195.0,1748.2,367916.0,0.0,175.2,0,0,25,16,50,42,0.0,236280.0,0.9999999999576774
5889,4456,1998-02-09,321240.0,60,5354.0,C,0,700.0,76826.46397058823,26697.237226240733,136,524,918066.4,880988.0,28133.2,78990.7625,28133.2,83924.56491228071,17.236842105263158,53261.86748091604,0.10052219819203935,1.0281712629642648,1.0923913527178077,0.9412114626170571,0.0,0.0,5271.4,1793564.0,0.0,219.0,0,0,38,17,0,81,0.0,912795.0,0.9999999999890447
5765,3875,1998-02-10,153936.0,24,6414.0,C,0,1100.0,58031.62727272727,30735.935714960455,11,115,174775.4,74100.0,32082.0,66407.32222222222,1100.0,58031.62727272727,3.7828947368421053,46201.49704347826,0.13882667032576435,1.1443298306747278,0.9999999998276801,1.1443298306747278,0.0,0.0,506.4,248369.0,0.0,0.0,4,0,1,3,0,3,173169.0,1100.0,0.006312080748365339
5124,785,1998-02-12,156096.0,36,4336.0,C,0,700.0,51641.833333333336,19462.195793041104,33,187,171453.9,142982.0,28471.9,55083.05454545454,26786.8,54089.209677419356,6.151315789473684,27872.719572192513,0.15556429602119662,1.0666363097383227,1.0473913526232692,1.0183741796890469,14790.0,0.0,1356.9,298229.0,0.0,60.0,6,0,2,6,2,17,169097.0,1000.0,0.005878998453477781
5491,2545,1998-02-13,428784.0,48,8933.0,C,0,1100.0,22133.735454545455,11407.190986049878,110,436,213844.2,205137.0,8707.1,21119.79375,1702.6,20604.254385964912,14.342105263157896,14910.237798165137,0.5991185462587401,0.9541902126656561,0.9308981947023576,1.0250210147927532,29007.0,7843.0,1334.2,380651.0,0.0,146.0,0,0,25,14,33,38,0.0,212510.0,0.9999999999529434
6730,8523,1998-02-15,93036.0,12,7753.0,C,0,400.0,53890.64326923077,24474.845483946592,104,447,777279.9,719812.0,1694.0,42535.11935483871,1694.0,54024.78518518518,14.703947368421053,52861.98872483221,0.14666493231820724,0.7892857974332543,1.0024891502084947,0.7873260245489979,0.0,0.0,4899.9,1492046.0,0.0,146.0,15,0,2,28,0,59,767580.0,4800.0,0.006214557601100307
7151,10493,1998-02-18,133800.0,24,5575.0,C,0,300.0,45733.43548387097,20414.41994525505,93,405,461096.0,424969.4,30243.8,52885.757575757576,20413.0,49348.80357142857,13.322368421052632,34610.66271604938,0.1610775281631354,1.1563915329047416,1.0790530612562907,1.0716725378862084,77346.0,0.0,2388.0,806200.0,0.0,131.4,0,0,20,13,18,42,0.0,458708.0,0.9999999999781995
7171,10650,1998-02-24,196224.0,48,4088.0,C,0,300.0,72465.66956521738,30856.626329016868,23,168,306750.3,226070.6,38478.6,81262.86666666667,300.0,72465.66956521738,5.526315789473684,55507.19714285714,0.0736481070867686,1.1213981343582016,0.9999999998620036,1.1213981343582016,10356.0,0.0,1593.3000000000002,520857.0,0.0,14.6,6,0,1,5,1,10,304857.0,300.0,0.0009831005023321405
5140,873,1998-02-24,178500.0,60,2975.0,C,0,1000.0,21491.790625,8412.09621056391,64,304,96513.6,77116.0,8448.8,16015.453125,8448.8,21082.88076923077,10.0,9651.36,0.3082467130971731,0.7451893328477885,0.9809736716351913,0.7596425409177094,5268.0,11055.0,829.6,156404.0,0.0,73.0,0,0,16,9,16,23,0.0,95684.0,0.9999999998954893
6568,7713,1998-02-25,220440.0,60,3674.0,C,0,600.0,38280.102666666666,18059.022445730505,75,641,292510.9,261109.0,18569.7,40248.668,10076.7,39108.280952380956,21.085526315789476,13872.59182527301,0.2648387585842712,1.0514252884837023,1.021634693164475,1.029159733170476,50508.0,0.0,2856.9,500075.0,0.0,180.0,0,0,16,18,6,35,0.0,289654.0,0.999999999965476
6861,9179,1998-02-28,215040.0,60,3584.0,C,0,1000.0,37189.77195121951,12651.725211135925,82,403,304774.4,266770.8,19201.2,37187.980769230766,19201.2,36550.58837209302,13.256578947368421,22990.426203473948,0.15589097682319317,0.9999518364352807,0.9828129199126842,1.017438635473513,0.0,0.0,2746.4,568682.0,0.0,116.8,13,0,1,24,0,44,301028.0,1000.0,0.0033109513024186183
7129,10404,1998-03-01,194280.0,60,3238.0,C,0,300.0,48180.3778761062,13378.644686694159,113,426,372115.0,341476.0,30476.0,47438.700000000004,30476.0,47222.61639344262,14.013157894736842,26554.68544600939,0.12193704969181748,0.9846062252176715,0.9801213370528634,1.0045758497308004,21710.0,900.0,2499.0,688336.0,0.0,146.0,0,0,15,14,39,45,0.0,369616.0,0.9999999999729449
6855,9153,1998-03-01,52236.0,36,1451.0,C,0,600.0,33782.061386138615,7816.654293992667,101,444,160519.4,123086.0,28873.9,38670.409375,28873.9,37821.40943396226,14.605263157894738,10990.517477477477,0.1320229008009186,1.144702477493577,1.1195707979586276,1.0224476015970703,50420.0,0.0,3174.4,229865.0,0.0,146.0,0,0,23,28,10,40,0.0,157345.0,0.9999999999364455
5384,2142,1998-03-07,23328.0,12,1944.0,C,0,1000.0,40311.637037037035,15155.251505035581,27,187,121433.2,93625.2,27807.9,45842.80588235294,19190.0,41823.623076923075,6.151315789473684,19741.012192513368,0.09847519367585901,1.1372102261404553,1.037507433104783,1.0960983888716838,19536.0,0.0,898.2,194595.0,0.0,29.2,0,0,8,6,2,11,0.0,120535.0,0.9999999999170365
6859,9167,1998-03-07,272220.0,60,4537.0,C,0,500.0,39041.91875,24359.757099878625,80,339,306593.3,269128.6,12546.7,25337.126666666667,12546.7,40604.18548387097,11.151315789473685,27493.912448377578,0.16501834749304828,0.64897237306445,1.0400151112826856,0.6240028302129395,24750.0,2725.0,2274.3,545885.0,0.0,87.6,0,0,18,20,16,26,0.0,304319.0,0.9999999999671397
5772,3906,1998-03-08,334620.0,60,5577.0,C,0,1100.0,64863.95428571428,22167.038821297436,35,243,287773.5,237829.4,41832.2,73485.31176470588,41832.2,72122.87142857142,7.99342105263158,36001.29382716049,0.15491109917398102,1.1329144601589798,1.1119098767824698,1.0188905446907348,0.0,0.0,2229.5,523315.0,0.0,58.4,8,0,1,8,0,18,284444.0,1100.0,0.0038522959682622537
5665,3390,1998-03-11,40632.0,12,3386.0,C,0,1100.0,48478.5906779661,12051.539852408316,118,444,330588.3,281657.0,30622.1,44925.57142857143,30622.1,46129.7171875,14.605263157894738,22634.874594594592,0.14959216956795887,0.9267095183879459,0.9515482305254148,0.9738965282667323,8500.0,1050.0,2379.3,600016.0,0.0,300.0,15,0,2,14,41,46,325009.0,3200.0,0.009749884981528541
6495,7274,1998-03-12,49044.0,12,4087.0,C,0,400.0,49296.52272727273,25514.535100547644,22,165,193616.0,168435.2,25180.7,54215.560000000005,400.0,49296.52272727273,5.427631578947369,35672.281212121205,0.11457074961232243,1.0997846701874578,0.9999999997971458,1.0997846701874578,9206.0,0.0,844.0,351972.0,0.0,29.2,0,0,6,5,2,9,0.0,192772.0,0.9999999999481253
5061,440,1998-03-13,84288.0,48,1756.0,C,0,500.0,25727.382352941175,8961.646333139917,85,446,272322.3,232796.0,9311.6,25400.492307692304,9311.6,24927.37906976744,14.671052631578949,18561.878744394617,0.09460249273443068,0.9872940802668002,0.968904598148077,1.018979661937619,58250.0,0.0,1514.3,445208.0,0.0,146.0,0,0,19,14,10,42,0.0,270808.0,0.9999999999630734
6948,9560,1998-03-15,157068.0,36,4363.0,C,0,400.0,38742.92380952381,23121.177375382616,21,245,127635.2,89000.0,20514.6,35429.2,20514.6,46709.253333333334,8.05921052631579,15837.184,0.2754908951771408,0.914468927668956,1.2056202456716762,0.7585049527462998,0.0,0.0,2156.2,214479.0,0.0,0.0,0,0,6,8,0,7,0.0,125479.0,0.9999999999203054
5773,3907,1998-03-16,133848.0,24,5577.0,C,0,600.0,42220.02946428571,33144.90770317254,112,697,539749.3,529763.0,2814.8,18442.691666666666,818.7,14534.85,22.92763157894737,23541.43288378766,0.23690146751737073,0.43682327786860653,0.3442643262211011,1.2688601295491915,0.0,0.0,3112.3,1066108.0,0.0,292.0,0,0,22,22,0,68,0.0,536637.0,0.9999999999813655
6052,5164,1998-03-23,22356.0,36,621.0,C,0,6392.0,25150.975925925926,7025.3438828055705,54,314,88528.1,71314.6,15582.5,21687.879999999997,15582.5,25151.369230769233,10.328947368421053,8570.873375796178,0.07245469301053188,0.8623076915683735,1.0000156373591351,0.8622942072213279,29827.0,0.0,1024.1,128904.0,0.0,87.6,0,0,14,10,7,23,0.0,87504.0,0.9999999998857195
6682,8225,1998-03-30,36204.0,12,3017.0,D,1,-214.8,31916.898260869562,15511.883282067594,115,478,325736.1,322905.1,-214.8,15419.943333333333,-214.8,20695.389795918367,15.723684210526317,20716.27079497908,0.14563431943913743,0.48312787798077045,0.648414818391265,0.745090741365191,0.0,0.0,6135.1,642321.0,24.5,160.6,16,0,2,45,0,52,316801.0,2800.0,0.008760923776560119
6083,5305,1998-03-31,240528.0,48,5011.0,C,0,600.0,41135.01098901099,18746.193751902756,91,561,594030.4,583608.8,5274.1,23732.633333333335,5274.1,28255.117142857143,18.453947368421055,32189.882638146166,0.15567003007662678,0.5769448641670216,0.6868873122104302,0.8399410699641535,0.0,0.0,2725.4,1174724.0,0.0,189.79999999999998,18,0,2,17,0,54,586305.0,5000.0,0.00845587302646763
6962,9646,1998-04-02,279072.0,48,5814.0,C,0,300.0,43095.51162790698,25143.86347498738,86,611,540704.2,519206.0,4498.1,38484.59655172414,4498.1,45037.374,20.098684210526315,26902.467561374793,0.21611400458247584,0.8930070693921857,1.0450595036069825,0.8545035628227148,0.0,0.0,2418.2,1057252.0,0.0,240.0,0,0,27,13,0,46,0.0,538286.0,0.9999999999814226
5158,1004,1998-04-11,188532.0,36,5237.0,C,0,200.0,64193.40472972973,29366.481591170148,148,648,1157400.5,1135255.6,22144.8,50614.446153846155,22144.8,64388.736363636366,21.315789473684212,54297.801234567894,0.0964495776985799,0.7884680109905516,1.0030428612518467,0.7860760903916415,0.0,0.0,4464.5,2287958.0,0.0,233.6,0,0,42,19,0,87,0.0,1152936.0,0.9999999999913264
5172,1083,1998-04-16,50976.0,36,1416.0,C,0,400.0,28050.29918699187,9147.726880698387,123,496,234586.3,213273.2,12229.1,19179.13703703704,12229.1,22707.324074074073,16.315789473684212,14377.869999999997,0.0984846850761033,0.6837409078008629,0.8095216352098383,0.8446233896176454,23160.0,56563.0,1934.3,366027.0,0.0,175.2,0,0,22,16,38,47,0.0,232652.0,0.9999999999570174
6464,7156,1998-04-16,49488.0,24,2062.0,C,0,300.0,50541.553125,18485.31283321777,32,217,185726.0,126269.8,36517.7,52301.649999999994,36517.7,55549.72222222222,7.1381578947368425,26018.757603686634,0.07925051728508847,1.0348247482679975,1.0990901303298901,0.9415285603293594,0.0,0.0,1535.0,310417.0,0.0,43.8,8,0,3,7,0,14,175491.0,8700.0,0.047233578185294965
5582,2982,1998-04-17,41256.0,12,3438.0,C,0,900.0,63500.40697674418,21550.697258655076,215,682,1231352.4,1151449.8,36926.9,59972.10625,36926.9,60313.674999999996,22.43421052631579,54887.262404692076,0.06263748361185754,0.9444365649895641,0.9498155659473265,0.9943367941027741,154717.0,4294.0,6452.4,2217076.0,0.0,262.8,23,7,3,22,75,85,1218800.0,6100.0,0.004979998367172994
6136,5572,1998-04-19,140880.0,60,2348.0,C,0,800.0,45160.51162790698,26253.234957721645,43,251,239412.8,225653.4,8259.2,29535.26842105263,8259.2,40821.19411764706,8.256578947368421,28996.610039840634,0.08097498279847733,0.6540065059019663,0.9039134552980225,0.7235277911933795,45256.0,0.0,2082.8,417669.0,0.0,58.4,0,0,10,8,4,21,0.0,237330.0,0.9999999999578646
4968,38,1998-04-19,110736.0,48,2307.0,C,0,13841.0,31383.44909090909,10950.811532854588,55,254,148403.7,110987.0,15670.6,26212.342307692303,15670.6,32131.582978723403,8.355263157894738,17761.702677165355,0.1298861961959899,0.8352282192887781,1.0238384849099536,0.8157812304763055,27604.0,912.0,1113.7,229641.0,0.0,120.0,9,0,6,8,13,19,131490.0,15800.0,0.10727136940000874
6235,6062,1998-04-19,321360.0,60,5356.0,C,0,700.0,52905.40714285714,19287.97492844276,140,599,820039.6,768116.0,17799.6,39283.340740740736,17799.6,47261.71538461539,19.703947368421055,41618.036460767944,0.12869420218231573,0.7425203368578414,0.893324858989636,0.8311873661956916,169728.0,0.0,3892.6,1414316.0,0.0,219.0,20,0,4,19,16,81,803647.0,12500.0,0.01531586834215753
6508,7437,1998-04-19,110736.0,48,2307.0,C,0,13026.6,30696.238181818182,11380.741722662877,55,254,148382.3,113787.0,13026.6,24766.11153846154,13026.6,31327.4,8.355263157894738,17759.14141732283,0.12990492864990813,0.8068125932467756,1.0205615360500444,0.7905575161218602,27604.0,912.0,1092.3,232441.0,0.0,120.0,9,0,6,8,13,19,131490.0,15800.0,0.10727136940000874
6632,7990,1998-04-23,144960.0,48,3020.0,C,0,700.0,64162.669178082186,23329.248678918844,146,601,1004343.4,975098.2,20445.0,49385.3052631579,20445.0,56321.47333333333,19.769736842105264,50802.062163061564,0.059446405732745886,0.7696890713569458,0.877791931757644,0.8768468282444807,121686.0,0.0,4969.4,1852538.0,0.0,248.2,0,0,39,19,17,71,0.0,999374.0,0.9999999999899938
7195,10774,1998-04-23,339168.0,48,7066.0,C,0,1000.0,28634.139215686275,8016.806960032865,51,292,105918.7,77241.0,25120.5,31120.425,24448.3,31074.745000000003,9.605263157894738,11027.15232876712,0.6407819338052245,1.0868294225545778,1.0852341240320709,1.0014700036954542,22368.0,0.0,991.7,159727.0,0.0,73.0,0,0,19,9,6,17,0.0,104927.0,0.9999999999046956
5525,2720,1998-04-27,93888.0,36,2608.0,C,0,200.0,69554.2923076923,29245.776818467417,91,315,693723.7,618565.0,16783.7,51528.2,16783.7,67047.32068965517,10.361842105263158,66949.8427936508,0.03895453507857654,0.7408342214833078,0.9639566223089953,0.7685348118655696,55854.0,0.0,2346.7,1253848.0,0.0,240.0,0,0,27,10,18,36,0.0,691377.0,0.9999999999855361
6320,6495,1998-04-28,104964.0,12,8747.0,C,0,500.0,41026.3314516129,10342.270598892203,124,644,432869.1,400075.6,31317.8,38015.45789473684,31170.4,38895.17,21.18421052631579,20433.572422360245,0.42807003175556074,0.9266111918953015,0.9480538135951304,0.9773824843795005,146302.0,0.0,3245.1,683164.0,0.0,233.6,0,0,26,20,17,61,0.0,429624.0,0.9999999999767238
6766,8784,1998-04-28,74352.0,24,3098.0,C,0,1100.0,45497.74206349206,15938.03881118303,126,559,724145.0,671376.8,19059.9,44455.958333333336,19059.9,42218.41132075471,18.388157894736842,39381.05187835421,0.07866727401753691,0.977102517780422,0.9279232198503328,1.05299931788169,92261.0,0.0,5622.0,1297449.0,0.0,189.79999999999998,18,0,1,34,13,60,717423.0,1100.0,0.0015309182865192775
6872,9227,1998-04-29,191580.0,60,3193.0,C,0,900.0,18241.44,6812.897166080388,30,176,43977.3,26710.6,14773.6,20968.395,900.0,18241.44,5.7894736842105265,7596.079090909091,0.42034843997581134,1.1494923091874918,0.9999999994517976,1.1494923091874918,3568.0,0.0,628.3,66477.0,0.0,14.6,0,0,10,10,4,6,0.0,43349.0,0.9999999997693141
5906,4533,1998-05-05,81144.0,36,2254.0,C,0,200.0,67815.17450980392,26169.159052547657,51,275,495722.6,429922.4,39088.0,71917.646875,39088.0,72622.62444444445,9.046052631578949,54799.88014545453,0.041131476813561,1.060494902272913,1.0708904748632124,0.9902925901571257,31437.0,0.0,1673.6,892476.0,0.0,58.4,0,0,19,7,3,22,0.0,494049.0,0.9999999999797591
7172,10652,1998-05-07,45720.0,12,3810.0,C,0,700.0,41690.6,16927.38870265652,86,415,424726.3,395617.4,17217.6,35254.218181818185,15597.1,36695.307843137256,13.651315789473685,31112.480771084334,0.12245889444844242,0.8456155146090972,0.8801818115914724,0.9607282305114694,11610.0,0.0,2038.3,806564.0,0.0,131.4,13,0,1,13,18,41,421988.0,700.0,0.0016560678324992412
6571,7733,1998-05-12,140064.0,24,5836.0,C,0,200.0,66051.94507042253,20781.866701859122,142,673,1014708.1,940834.0,42221.1,70326.51052631579,33589.0,65488.520454545454,22.138157894736842,45835.25444279346,0.127325572197065,1.0647152092294738,0.9914699767706905,1.073875391098346,0.0,0.0,6521.1,1948481.0,0.0,540.0,22,0,2,22,0,96,1005587.0,2600.0,0.002578886654930297
5616,3143,1998-05-15,130896.0,24,5454.0,C,0,300.0,31685.09911504425,8392.463065320397,113,574,229428.3,185780.4,30465.8,39206.295,26978.3,38363.984444444446,18.88157894736842,12150.906480836236,0.44885540055083173,1.2373732790064373,1.2107894721440569,1.0219557628732687,62636.0,0.0,2332.3,350036.0,0.0,204.4,0,0,35,18,14,46,0.0,227096.0,0.9999999999559658
6470,7181,1998-05-17,49872.0,12,4156.0,C,0,600.0,50265.36186046512,22598.989371999247,215,684,686516.2,610002.0,58690.9,84849.13823529413,34247.9,67057.64242424243,22.5,30511.83111111111,0.13620945866878723,1.688024020476608,1.3340726084306596,1.265316452461004,105630.0,336.0,4358.2,1184094.0,0.0,2100.0,0,0,36,22,84,73,0.0,682158.0,0.9999999999853407
6312,6453,1998-05-17,10944.0,36,304.0,C,0,300.0,22935.07212121212,5128.0615150032145,165,659,143783.3,114748.2,21175.5,25481.67692307692,15629.2,22648.120000000003,21.67763157894737,6632.795629742032,0.04583286090988677,1.1110353949312044,0.9874885010358608,1.1251122350034262,27252.0,9738.0,1845.8,219447.5,0.0,248.2,0,0,36,21,54,54,0.0,141937.5,0.9999999999295466
5147,938,1998-05-21,22260.0,60,371.0,C,0,700.0,23066.613333333335,8114.044262605659,15,159,40077.6,8800.0,24884.1,27871.63333333333,700.0,23066.613333333335,5.230263157894737,7662.635471698112,0.048416762207483074,1.2083105967261003,0.999999999566473,1.2083105967261003,0.0,0.0,362.6,48515.0,0.0,0.0,0,0,9,4,0,2,0.0,39715.0,0.9999999997482059
5501,2622,1998-05-21,136344.0,24,5681.0,C,0,300.0,31673.896923076925,10787.938569689824,130,638,344140.1,304292.6,25957.0,36431.68888888889,15309.3,34153.15555555555,20.986842105263158,16397.898181818182,0.3464468393171611,1.150211764781094,1.0782745055878977,1.066715162496765,120139.0,0.0,2516.1,525544.0,0.0,233.6,0,0,37,20,17,56,0.0,341624.0,0.999999999970728
6436,7049,1998-05-22,495180.0,60,8253.0,C,0,600.0,44813.422580645165,28179.088478784048,31,222,372964.7,338729.2,12850.4,38118.47222222222,12850.4,46542.075000000004,7.302631578947369,51072.6436036036,0.16159335832386298,0.8506039043351149,1.0385744339401493,0.8190110177518322,0.0,0.0,972.7,710692.0,0.0,29.2,7,0,1,6,0,17,371392.0,600.0,0.0016129379125999232
5699,3562,1998-05-24,174960.0,24,7290.0,C,0,1000.0,58926.411188811195,27760.093299654243,143,674,889668.0,818425.4,47282.3,66406.35500000001,20110.2,54941.07857142857,22.17105263157895,40127.458753709194,0.1816711106209644,1.126937032970705,0.9323676336925295,1.208683133178368,0.0,0.0,4503.0,1703313.0,0.0,277.4,0,0,37,21,0,85,0.0,885165.0,0.9999999999887027
5313,1776,1998-05-27,43200.0,24,1800.0,C,0,400.0,36159.705555555556,10229.963510981173,54,304,149842.3,112223.0,26340.5,36522.92222222222,23753.3,38209.864285714284,10.0,14984.23,0.12012629269563649,1.0100447902156773,1.0566973289216057,0.9558506133275831,28550.0,0.0,1217.3,232225.0,0.0,73.0,0,0,12,9,5,28,0.0,148625.0,0.9999999999327166
6569,7721,1998-05-28,45456.0,12,3788.0,C,0,1000.0,39247.387500000004,18467.46455474465,56,329,277065.2,219964.6,30335.8,41691.452941176474,11056.1,37321.07804878049,10.822368421052632,25601.16133738602,0.14796203768259011,1.06227332788848,0.9509187850852823,1.1171020535771412,0.0,0.0,1770.2,495172.0,0.0,87.6,11,0,2,10,0,33,261395.0,13900.0,0.050491291158557494
6234,6061,1998-05-28,5148.0,12,429.0,C,0,1000.0,43197.28125,13377.630978738904,80,446,324797.6,275500.4,25332.2,41071.98888888888,16307.0,41459.625,14.671052631578949,22138.670493273537,0.019377857398282607,0.9508003210128155,0.9597739438845415,0.9906502743086165,76689.0,0.0,2542.6,520935.0,0.0,131.4,0,0,15,13,9,43,0.0,322255.0,0.9999999999689686
7202,10812,1998-05-29,140688.0,48,2931.0,C,0,300.0,54575.39882352942,28027.564719301634,85,416,491261.3,466561.6,15923.0,48567.20625,15923.0,52511.51388888889,13.68421052631579,35899.86423076923,0.08164376278257472,0.889910239559474,0.9621828701438175,0.9248868037496754,0.0,0.0,2520.3,955142.0,0.0,160.6,0,0,24,12,0,49,0.0,488741.0,0.9999999999795393
5683,3460,1998-05-29,140688.0,48,2931.0,C,0,300.0,57514.34705882353,27755.30323498723,85,416,491325.2,464461.6,20576.4,52135.08125,20576.4,57237.15833333333,13.68421052631579,35904.53384615385,0.0816331444865045,0.9064708878223633,0.9951805288659801,0.91086075477876,0.0,0.0,2584.2,953042.0,0.0,160.6,0,0,24,12,0,49,0.0,488741.0,0.9999999999795393
5034,303,1998-05-30,112752.0,36,3132.0,C,0,900.0,44659.6496124031,11387.127112028216,129,674,384719.0,335802.2,42773.9,51869.87777777778,38262.9,51257.60810810811,22.17105263157895,17352.310979228485,0.18049469041583,1.1614483816227197,1.1477386979407738,1.011944951825666,68454.0,0.0,3600.0,648219.0,0.0,248.2,0,0,26,21,18,64,0.0,381119.0,0.9999999999737614
5435,2279,1998-06-01,314688.0,48,6556.0,C,0,600.0,53094.36448598131,21446.09361167235,107,579,815923.7,772783.0,33829.9,57760.166666666664,33829.9,61963.95714285714,19.04605263157895,42839.51723661485,0.1530362716801635,1.0878775405822685,1.1670533724449639,0.9321574883311556,0.0,0.0,4194.7,1584062.0,0.0,450.0,19,1,2,19,0,66,806429.0,5300.0,0.006529272700537627
5815,4116,1998-06-03,151200.0,36,4200.0,C,0,1000.0,66345.6825,28183.949451379074,40,241,383586.7,324459.8,43322.2,78360.8423076923,25052.4,72891.56764705882,7.927631578947369,48386.0401659751,0.08680189543771359,1.1810993472842986,1.0986633174822218,1.075033022699764,28896.0,0.0,1890.7,677216.0,0.0,43.8,0,0,14,8,2,16,0.0,381696.0,0.9999999999738011
5589,3005,1998-06-05,390000.0,48,8125.0,C,0,600.0,48798.69772727273,28087.26339722942,44,510,249136.6,225937.0,23138.8,61915.5,19700.0,59452.80909090909,16.776315789473685,14850.49537254902,0.5471197957172376,1.2687941045752247,1.2183277802001402,1.0414226162957412,20649.0,0.0,1039.6000000000001,453085.0,0.0,300.0,0,0,18,5,6,15,0.0,248097.0,0.9999999999596932
6746,8639,1998-06-06,185640.0,60,3094.0,C,0,400.0,29159.44181818182,11311.813505713119,55,288,180678.3,159111.0,17649.5,25714.663157894734,17649.5,28894.70243902439,9.473684210526317,19071.59833333333,0.16223076557616048,0.8818640394221197,0.9909209719885116,0.8899438643903728,0.0,0.0,1592.3,338124.0,0.0,73.0,9,0,3,18,0,25,176386.0,2700.0,0.015076555397123364
6790,8919,1998-06-08,76104.0,24,3171.0,C,0,1000.0,20237.192592592593,6245.934128330562,81,340,96510.5,69034.2,16626.4,19865.869565217392,12962.5,18692.48846153846,11.18421052631579,8629.174117647059,0.3674743322006234,0.9816514550873212,0.9236700380636671,1.0627728670511443,1162.0,0.0,1608.5,162672.0,0.0,102.2,0,0,22,22,14,23,0.0,94902.0,0.9999999998946281
6857,9159,1998-06-08,69600.0,48,1450.0,C,0,700.0,40349.88486238533,10524.344981804665,218,675,428341.8,357132.8,42627.3,50716.27142857143,32489.2,47395.18307692307,22.203947368421055,19291.24551111111,0.07516362789604292,1.2569124196753447,1.1746051624885654,1.070072275816668,123642.0,4554.0,6266.8,650749.0,0.0,262.8,0,0,31,43,72,72,0.0,422075.0,0.9999999999763075
6450,7099,1998-06-10,234336.0,48,4882.0,C,0,1000.0,42818.502958579884,18387.004646334764,169,659,712532.0,646247.2,19908.4,35848.995652173915,3850.8,32762.888679245283,21.67763157894737,32869.457966616086,0.14852693961285096,0.8372314108804743,0.7651572663174752,1.0941952033656202,4012.0,9504.0,3054.0,1341961.0,0.0,248.2,22,0,3,21,52,71,703078.0,6400.0,0.009020716639430389
7221,10915,1998-06-11,152460.0,60,2541.0,C,0,600.0,20874.116101694915,9790.925693713745,118,481,272392.7,262751.0,4835.2,18095.88076923077,4835.2,18040.132142857143,15.822368421052632,17215.671683991684,0.14759807489165908,0.8669052463060886,0.8642345403430037,1.003090255431682,28556.0,40161.0,1371.7,464725.0,0.0,330.0,15,0,6,15,44,38,243921.0,27100.0,0.09999225151925524
5527,2728,1998-06-15,156420.0,60,2607.0,C,0,400.0,49909.15555555555,17920.61636115787,63,344,344935.7,322896.0,22039.7,41975.68125,22039.7,47355.45909090909,11.31578947368421,30482.68976744186,0.08552394880616018,0.8410417041591707,0.9488331059560366,0.8863958252533166,78554.0,0.0,2485.7,586582.0,0.0,210.0,0,0,14,11,7,31,0.0,342450.0,0.9999999999707986
5620,3161,1998-06-16,30012.0,12,2501.0,C,0,700.0,46609.348543689324,24793.342825878528,103,659,523271.6,428551.2,34301.0,64129.24210526316,24576.5,61124.51162790698,21.67763157894737,24138.78094081942,0.10360920897768454,1.3758879730188174,1.311421710979239,1.0491575374075097,0.0,0.0,3465.6,948182.0,0.0,175.2,0,0,26,21,0,56,0.0,519806.0,0.999999999980762
7167,10644,1998-06-18,269964.0,36,7499.0,C,0,400.0,61366.869333333336,22661.358296060393,75,341,588205.0,521741.2,34274.3,70997.69130434783,20121.5,58400.79423076923,11.217105263157896,52438.21700879765,0.14300638782801894,1.1569384598574237,0.951666507607393,1.2156973586976456,88424.0,0.0,2909.0,1018511.0,0.0,102.2,12,0,1,11,8,43,584896.0,400.0,0.0006834148874982331
6215,5944,1998-06-18,78720.0,48,1640.0,C,0,1000.0,45921.1985915493,11738.93503503245,71,377,313917.1,247696.8,34104.2,49880.42,28192.4,47016.83863636363,12.401315789473685,25313.209124668432,0.06478830839958143,1.0862177277384288,1.023859134085785,1.060905442307058,37480.0,0.0,2459.1,521558.0,0.0,116.8,0,0,14,12,8,37,0.0,311458.0,0.9999999999678929
5823,4144,1998-06-21,212976.0,36,5916.0,C,0,1100.0,49635.71543624161,23435.838013657525,149,671,945015.3,891792.8,20706.2,31009.873684210525,15267.5,30620.767567567564,22.072368421052634,42814.40405365126,0.1381777962202816,0.6247492033794906,0.6169099667905794,1.0127072616862818,157554.0,0.0,3745.3,1675246.0,0.0,262.8,0,0,42,20,18,69,0.0,941270.0,0.999999999989376
6207,5912,1998-06-23,184620.0,60,3077.0,C,0,1100.0,34785.53451327434,10154.957755537176,113,606,424319.4,385296.0,24476.2,36311.53333333333,19622.1,33470.76315789474,19.93421052631579,21285.989702970295,0.1445551765030252,1.0438687756555236,0.9622035025938752,1.0848731817433868,147690.0,0.0,2775.4,658931.0,0.0,219.0,20,0,4,19,15,55,406144.0,15400.0,0.03653236672716176
6932,9491,1998-06-25,225504.0,48,4698.0,C,0,800.0,57411.60828729282,22184.5250679484,181,686,1102249.8,1004013.0,27214.2,55054.93333333333,19818.3,50898.250943396226,22.565789473684212,48846.05527696793,0.09617972162541077,0.9589512463793735,0.8865498189814041,1.0816665072389828,84672.0,15696.0,5822.8,1999532.0,0.0,540.0,23,2,1,22,55,78,1095627.0,800.0,0.0007296427395464572
5669,3403,1998-06-27,71820.0,36,1995.0,C,0,700.0,54293.59240506329,21993.073666869575,79,403,421819.7,379190.0,19754.2,39375.34375,19754.2,52136.6756097561,13.256578947368421,31819.64982630273,0.06269710729889691,0.7252300317316202,0.9602730873135451,0.7552331114697988,0.0,0.0,2373.7,798490.0,0.0,146.0,0,0,19,12,0,48,0.0,419446.0,0.999999999976159
5154,993,1998-07-01,108720.0,60,1812.0,C,0,1000.0,50883.196875,21193.14130159087,64,594,339139.6,297801.0,40682.5,59523.183333333334,32925.5,62194.548484848485,19.539473684210527,17356.639461279457,0.10439808944573457,1.169800385535138,1.2223003327682618,0.9570482425523771,0.0,0.0,4894.6,631973.0,0.0,73.0,0,0,15,19,0,30,0.0,334245.0,0.9999999999700818
7168,10645,1998-07-05,208332.0,36,5787.0,C,0,500.0,64087.07016129032,23975.578533904947,124,561,965295.2000000001,938012.4,27088.8,68109.21739130435,25039.8,62203.72291666667,18.453947368421055,52308.33169340463,0.11063247118667592,1.0627606662196247,0.9706126797559962,1.0949379584819994,52360.0,0.0,4225.2,1846518.0,0.0,204.4,18,0,1,18,14,73,960570.0,500.0,0.0005202534674839475
5585,2988,1998-07-08,88608.0,12,7384.0,C,0,900.0,51249.12985074627,31799.726667341,134,632,808367.6,779534.0,9912.7,24388.615384615383,9912.7,44483.6625,20.789473684210527,38883.50481012658,0.18990057697108492,0.4758835018444983,0.8679886394338918,0.5482600579287459,0.0,0.0,3443.6,1582658.0,0.0,1800.0,0,0,41,21,0,72,0.0,804924.0,0.9999999999875765
6539,7559,1998-07-11,12792.0,12,1066.0,C,0,900.0,28534.93717948718,7374.821969783567,78,413,118859.8,80739.40000000001,29740.2,36734.57777777778,14674.8,29828.62857142857,13.585526315789474,8749.002227602905,0.12184246512343652,1.2873544291981656,1.0453371028417056,1.2315208417140868,37008.0,0.0,1407.8,161052.0,0.0,131.4,0,0,22,13,9,34,0.0,117452.0,0.9999999999148588
7200,10799,1998-07-11,31140.0,60,519.0,C,0,800.0,28375.804,7195.005761508946,50,326,81614.9,44987.6,20442.1,31982.575,20442.1,30813.808333333334,10.723684210526317,7610.714601226992,0.06819333354510417,1.1271072702901714,1.0859184226982308,1.037929964503058,0.0,0.0,1083.9,125431.0,0.0,87.6,0,0,17,10,0,23,0.0,80531.0,0.9999999998758242
5774,3916,1998-07-12,96984.0,36,2694.0,C,0,800.0,21298.78,11014.437192232273,55,287,182037.8,168591.0,8188.4,18549.795238095237,7327.3,19616.100000000002,9.44078947368421,19282.052682926827,0.13971541530888104,0.870932289520147,0.9209964134466875,0.9456413470893206,65400.0,12850.0,655.8,271650.0,0.0,73.0,10,0,2,9,17,17,177782.0,3600.0,0.019847614425916156
5042,330,1998-07-12,331584.0,48,6908.0,C,0,400.0,42007.36633663366,13202.104146796277,101,595,496133.9,440639.0,35215.0,46858.93888888889,27768.1,44269.0696969697,19.572368421052634,25348.690016806722,0.2725190135148861,1.1154933756670518,1.0538406367034072,1.0585029050545294,0.0,0.0,3085.9,933468.0,0.0,219.0,0,0,21,19,0,61,0.0,493048.0,0.999999999979718
5015,226,1998-07-12,109344.0,12,9112.0,C,0,1000.0,48376.25806451613,12283.907153443406,93,504,382156.5,315499.2,40113.8,58076.06470588235,25271.1,51374.16842105264,16.578947368421055,23050.70952380952,0.3953023652757854,1.200507584038955,1.0619706952513501,1.130452647303169,116064.0,0.0,2866.5,578550.0,0.0,175.2,0,1,27,16,13,36,0.0,379290.0,0.9999999999736349
6357,6706,1998-07-12,64860.0,60,1081.0,C,0,200.0,44890.03333333333,9089.012046897695,132,561,285358.5,231136.4,38586.5,45289.02,36089.5,43511.637500000004,18.453947368421055,15463.277005347592,0.06990756221511697,1.008888090004636,0.9692939447651794,1.040848439445459,27748.0,11410.0,3156.0,473976.5,0.0,204.4,0,0,21,18,42,51,0.0,282202.5,0.9999999999645643
5354,2000,1998-07-14,290820.0,60,4847.0,C,0,900.0,44617.08095238096,10915.899465187957,84,342,255577.2,202188.2,22445.1,45372.31481481482,22445.1,44823.09464285715,11.25,22717.973333333335,0.21335529920508373,1.0169270117216014,1.0046173724509204,1.01225306209246,26544.0,98.0,2027.2,428994.0,0.0,102.2,0,0,14,11,23,36,0.0,253550.0,0.9999999999605601
6054,5180,1998-07-16,58764.0,12,4897.0,C,0,700.0,32543.264705882353,17349.90475128658,34,507,185109.8,129937.6,12532.5,46601.77692307692,12532.5,41251.64375,16.67763157894737,11099.285838264299,0.44119955706571795,1.431994525746935,1.2675938972363652,1.129695029710906,0.0,0.0,1758.8,313274.0,0.0,14.6,0,0,9,12,0,13,0.0,183351.0,0.9999999999454598
7295,11328,1998-07-18,280440.0,60,4674.0,C,0,1000.0,38619.102830188676,17484.955759479184,106,620,447002.3,415699.0,20382.2,46576.221052631576,19192.7,42340.88292682927,20.394736842105264,21917.532129032257,0.21325393617998706,1.2060409907855856,1.0963714797322415,1.1000295180929798,0.0,0.0,3410.3,859072.0,0.0,219.0,0,0,28,19,0,59,0.0,443592.0,0.9999999999774567
5365,2055,1998-07-19,271260.0,60,4521.0,C,0,700.0,14873.378082191783,7753.09729972205,73,458,179250.9,167666.0,2811.2,10497.78125,2229.7,10803.225806451614,15.06578947368421,11897.87633187773,0.3799837777845398,0.7058101518653062,0.7263464788892232,0.9717265406054487,68440.0,0.0,946.9,277384.0,0.0,146.0,0,0,19,14,10,30,0.0,178304.0,0.9999999999439161
6755,8713,1998-07-24,170700.0,60,2845.0,C,0,400.0,28620.397802197804,11546.84422375008,91,432,287644.9,260271.4,12496.2,31714.04761904762,1194.8,24665.86590909091,14.210526315789474,20241.67814814815,0.1405515875596888,1.108092481004276,0.8618281992774572,1.2857463720542466,0.0,0.0,2559.9,545225.0,0.0,131.4,14,0,7,26,0,44,264585.0,20500.0,0.07190837820046973
5991,4858,1998-07-27,335184.0,48,6983.0,D,1,-6652.7,38710.01136363636,24477.120206069965,88,401,591105.4,574703.8,-6652.7,19831.678260869565,-6652.7,24238.791304347826,13.19078947368421,44811.98044887781,0.15582886381038266,0.5123139352621328,0.6261633733555493,0.8181793392119544,0.0,0.0,3905.4,1161776.0,11.0,116.8,13,0,1,24,0,50,586600.0,600.0,0.0010217983651052147
7035,10005,1998-07-29,210744.0,36,5854.0,C,0,200.0,51175.192307692305,20060.060760158605,39,242,317650.9,285878.8,24442.1,47068.11818181818,24442.1,52724.08484848485,7.960526315789474,39903.253553719005,0.14670482923534328,0.9197448226402809,1.030266472105803,0.8927251806864418,36604.0,0.0,1324.9,565557.0,0.0,43.8,8,0,1,7,4,19,316126.0,200.0,0.0006322591250598351
5893,4467,1998-08-03,86184.0,36,2394.0,C,0,300.0,28459.64523809524,10103.07827153786,84,477,259749.2,230945.0,14344.7,32107.593333333334,13509.6,29279.235294117647,15.69078947368421,16554.246708595387,0.14461545974851395,1.1281796752361923,1.0287983226381665,1.0965994500825615,50116.0,0.0,2028.2,438190.0,0.0,360.0,16,0,2,16,11,39,251421.0,6300.0,0.024445039402126913
7164,10613,1998-08-15,249792.0,48,5204.0,C,0,700.0,58128.03111111111,22774.886854981123,45,284,359540.6,289502.0,17279.3,47440.888235294115,17279.3,59543.82352941176,9.342105263157896,38486.03605633802,0.1352178746345795,0.8161447638997081,1.0243564487045986,0.796739030436855,0.0,0.0,2364.6,646605.0,0.0,73.0,10,0,2,9,0,24,343476.0,13700.0,0.03835644052124565
5304,1718,1998-08-20,172272.0,24,7178.0,C,0,300.0,61146.523636363636,22317.59647813194,55,331,529787.7,457223.6,41103.1,65364.765,25244.9,59366.86578947368,10.888157894736842,48657.2389123867,0.14752172870823285,1.0689857918666357,0.9708951915699661,1.1010310906556142,86736.0,0.0,2351.7,897836.0,0.0,87.6,11,0,1,10,6,27,527136.0,300.0,0.000568789388654381
5561,2910,1998-08-29,437460.0,60,7291.0,C,0,900.0,48935.43584905661,24396.93977244729,53,312,483858.3,449843.0,17707.0,40901.031818181815,15939.3,45923.995,10.263157894736842,47145.16769230769,0.15464999607251614,0.8358162362338937,0.9384609372290025,0.8906244286734106,33890.0,0.0,1730.3,898008.0,0.0,73.0,10,0,1,9,10,23,481228.0,900.0,0.0018667241893881557
5520,2699,1998-08-30,231168.0,48,4816.0,C,0,300.0,54598.83888888889,22041.38307704004,144,613,969890.2,924485.0,21180.9,62543.77,21180.9,52265.66808510638,20.164473684210527,48098.95934747145,0.10012690636833718,1.1455146530830858,0.9572670250716633,1.1966511149573529,56145.0,0.0,4263.2,1833748.0,0.0,219.0,20,3,1,19,30,71,965327.0,300.0,0.0003106789681697935
7096,10257,1998-09-02,37812.0,12,3151.0,C,0,900.0,54062.07923076923,25528.823087216588,130,489,969767.0,902359.0,23945.8,50752.75714285714,9818.6,56556.665957446814,16.085526315789476,60288.173415132915,0.05226564052256411,0.9387866292901204,1.0461430035934756,0.8973788725818753,207214.0,0.0,3509.0,1661184.0,0.0,219.0,0,0,34,16,14,66,0.0,966258.0,0.9999999999896508
5241,1389,1998-09-02,125472.0,24,5228.0,C,0,800.0,48989.18247422681,29467.266709569773,97,393,539445.5,522172.2,11897.6,29562.58823529412,11897.6,45875.986666666664,12.927631578947368,41728.09974554707,0.12528727717357946,0.6034513485668488,0.9364513621234134,0.6444022325590693,70136.0,0.0,2086.5,989220.0,0.0,175.2,0,0,26,13,11,47,0.0,537359.0,0.9999999999813906
6078,5283,1998-09-09,170832.0,48,3559.0,C,0,700.0,65037.92923076924,23103.4898583507,65,356,545820.7,493695.2,42248.8,72918.50476190477,27099.4,65536.66888888889,11.710526315789474,46609.408089887635,0.07635797460402806,1.1211689180933448,1.0076684429215654,1.112636726691201,67543.0,0.0,2456.7,969414.0,0.0,102.2,11,0,1,11,7,35,542664.0,700.0,0.0012882708460389672
5046,349,1998-09-09,42816.0,12,3568.0,C,0,1100.0,17076.756470588236,5320.731429813169,85,458,145597.1,126900.6,11351.5,16712.127777777776,5713.9,14894.427777777779,15.06578947368421,9664.086986899563,0.3692019743970318,0.9786476604485783,0.8722047301376471,1.1220389273021676,46600.0,0.0,1147.1,224590.0,0.0,160.6,0,0,26,15,10,34,0.0,144450.0,0.9999999999307719
5334,1876,1998-09-10,209040.0,24,8710.0,C,0,900.0,44982.42272727273,14572.504223627093,66,355,255930.5,198426.2,23050.9,35053.62272727273,23050.9,43780.03555555556,11.677631578947368,21916.301971830988,0.3974210616015762,0.7792737828286662,0.9732698438956942,0.8006759764912471,16303.0,0.0,1908.5,436043.0,0.0,102.2,0,0,16,11,14,25,0.0,254022.0,0.9999999999606334
6969,9673,1998-09-12,88200.0,36,2450.0,C,0,1100.0,37386.856043956046,10470.008388378354,91,462,272827.2,216349.6,33948.1,45895.799999999996,22270.6,39607.667499999996,15.197368421052632,17952.265974025973,0.13647302252428878,1.227591855644775,1.0594008611700034,1.1587604846564719,44208.0,0.0,2358.2,442450.0,0.0,160.6,16,0,5,15,12,43,257269.0,13200.0,0.048804114332925246
6821,9037,1998-09-15,321936.0,48,6707.0,C,0,400.0,32014.602808988762,11317.701056486841,178,693,406922.0,344404.8,35471.8,50108.225000000006,28041.5,44124.108163265315,22.79605263157895,17850.546608946606,0.3757307909485067,1.5651677855668853,1.378249432383839,1.135620119578087,61488.0,0.0,5072.0,684504.0,0.0,262.8,0,0,42,44,36,56,0.0,401850.0,0.999999999975115
5760,3862,1998-09-18,74916.0,36,2081.0,C,0,600.0,56133.6526627219,27409.199321841075,169,664,1006351.7,962896.6,9850.0,42347.17307692308,9850.0,44864.225999999995,21.842105263157897,46073.93325301204,0.04516653675128314,0.7543990291139855,0.7992393842883081,0.9438962140455542,59636.0,0.0,3989.7,1905389.0,0.0,233.6,0,0,39,20,34,76,0.0,1002362.0,0.9999999999900236
5614,3137,1998-09-21,253560.0,60,4226.0,C,0,900.0,39822.71111111111,13798.585863209366,108,645,576472.5,539753.6,36718.7,46936.8125,23278.4,42586.896875,21.217105263157897,27170.176744186043,0.15553818579221831,1.178644325778149,1.0694122945442435,1.1021421125550974,0.0,0.0,2896.5,1113096.0,0.0,233.6,21,0,2,20,0,65,570576.0,3000.0,0.005230344365781861
5698,3556,1998-09-22,174840.0,60,2914.0,C,0,1100.0,34822.46896551724,11111.778628662372,87,389,265222.8,237516.8,22801.0,32989.58076923077,19578.2,33193.32653061225,12.796052631578949,20726.923187660665,0.1405900901070009,0.9473647831354196,0.9532157686449401,0.993861845358217,38160.0,0.0,1561.8,462901.0,0.0,116.8,13,0,6,12,18,38,244761.0,18900.0,0.0716829565209992
7091,10243,1998-09-22,113436.0,36,3151.0,C,0,200.0,68510.41730769232,27032.8497675628,104,384,981104.6,870622.0,29656.1,65504.275,17451.1,62789.83191489362,12.631578947368421,77670.78083333332,0.04056866643784306,0.9561213836466297,0.9165005027443994,1.043230615402081,0.0,0.0,3203.6,1848377.0,0.0,146.0,0,0,34,12,0,58,0.0,977901.0,0.9999999999897741
5169,1068,1998-09-24,253200.0,60,4220.0,C,0,1000.0,34086.20895522388,18873.407739340764,134,586,420720.8,372117.4,14575.5,42782.16,14324.3,33733.78085106383,19.276315789473685,21825.78894197952,0.19334925345813267,1.255116403342128,0.9896606831660388,1.2682290246741947,71055.0,9480.0,2609.8,709489.0,0.0,204.4,0,0,24,18,45,47,0.0,418111.0,0.9999999999760829
7294,11327,1998-09-27,39168.0,24,1632.0,C,0,300.0,55438.851851851854,14622.73782813835,54,347,246464.90000000002,184345.6,41811.2,59078.40499999999,41811.2,59922.217948717946,11.414473684210527,21592.31400576369,0.07558245025561142,1.0656498649578374,1.0808704714527313,0.9859181954963803,22158.0,0.0,2168.9,406396.0,0.0,87.6,0,0,13,10,6,25,0.0,244296.0,0.9999999999590661
5318,1808,1998-09-30,385584.0,48,8033.0,C,0,400.0,69656.36923076923,23107.003039295298,78,502,481289.8,463180.8,18109.0,66948.53157894737,18109.0,77116.44545454545,16.513157894736842,29145.836494023904,0.2756139800239034,0.9611257708184281,1.1070982638786449,0.8681485664394009,0.0,0.0,3191.8,941162.0,0.0,116.8,0,0,24,12,0,42,0.0,478098.0,0.9999999999790837
6923,9433,1998-10-05,44640.0,24,1860.0,C,0,600.0,41961.44925373134,12613.770886090317,67,417,245815.1,207771.4,34977.7,40928.87333333333,10042.1,41434.4935483871,13.717105263157896,17920.333429256592,0.10379271157563687,0.975392271989745,0.9874419085949038,0.9877971182550769,0.0,0.0,2065.1,451390.0,0.0,131.4,0,0,15,13,0,39,0.0,243750.0,0.9999999999589744
5368,2073,1998-10-05,44640.0,24,1860.0,C,0,600.0,41154.27910447762,12074.395888828676,67,417,245818.5,206571.4,35576.9,39596.44666666666,10637.8,41219.071875,13.717105263157896,17920.581294964028,0.10379127598303842,0.9621465256753111,1.0015743869633131,0.9606341156137523,0.0,0.0,2068.5,450190.0,0.0,131.4,0,0,15,13,0,39,0.0,243750.0,0.9999999999589744
5463,2413,1998-10-06,17952.0,12,1496.0,C,0,500.0,28597.88620689655,9101.802812272446,58,344,198159.7,167098.2,26363.5,31493.444444444445,14223.1,27999.297368421056,11.31578947368421,17511.787441860466,0.08542817254449167,1.1012507779626421,0.9790687729877802,1.1247940981803464,45136.0,0.0,1206.7,318813.0,0.0,102.2,0,0,15,11,7,25,0.0,196953.0,0.9999999999492265
5265,1498,1998-10-07,165780.0,60,2763.0,C,0,413.3,45342.204424778756,26937.96687515327,113,607,569732.5,526368.2,413.3,67906.284,413.3,58178.25,19.967105263157897,28533.55518945634,0.09683335920413606,1.497639668086229,1.2830926666497853,1.1672108389016151,0.0,0.0,6136.5,1089671.0,23.2,270.0,0,0,24,36,0,53,0.0,563596.0,0.9999999999822569
6321,6505,1998-10-08,38496.0,12,3208.0,C,0,800.0,42732.336111111115,27353.589391304522,36,390,186652.5,94429.2,34373.9,71709.24285714286,16196.8,57339.55238095239,12.828947368421053,14549.323076923076,0.22049135762772007,1.6781025650904267,1.3418305102356631,1.2506069522171204,0.0,0.0,2276.5,278776.0,0.0,29.2,0,0,9,13,0,14,0.0,184376.0,0.999999999945763
5226,1318,1998-10-11,185544.0,36,5154.0,C,0,200.0,27729.917142857143,15360.768047385516,35,293,139410.7,125716.2,3963.3,28261.442857142858,3963.3,29557.124137931034,9.638157894736842,14464.454880546076,0.3563217583379958,1.0191679513990524,1.06589298392064,0.9561634858552749,17354.0,2015.0,923.6999999999999,244805.0,0.0,29.2,0,0,11,7,7,10,0.0,138487.0,0.9999999999277911
6868,9208,1998-10-12,82128.0,24,3422.0,C,0,871.3,33221.211570247935,14676.80723090681,121,506,396672.5,359504.2,871.3,22471.423076923078,871.3,26875.61176470588,16.644736842105264,23831.707509881424,0.1435902147231885,0.6764179272222488,0.8089895126126313,0.836126941604067,0.0,0.0,5284.5,750717.0,0.0,175.2,17,0,4,48,0,52,379788.0,11600.0,0.029638108474719763
4967,37,1998-10-14,318480.0,60,5308.0,D,1,-1011.2,39953.97068965517,23451.647180035612,116,422,447359.9,430992.0,-1011.2,20759.711111111108,-1011.2,28216.30192307692,13.881578947368421,32226.874312796208,0.16470725478472167,0.5195906876732599,0.7062202186407581,0.735734652979995,27804.0,1164.0,2302.9,846920.0,0.4,160.6,0,0,18,14,36,48,0.0,445057.0,0.999999999977531
5293,1656,1998-10-29,189792.0,48,3954.0,C,0,500.0,34760.22890625,14092.496457274405,128,635,546211.2,508610.6,17074.4,31626.225,8538.6,30855.223076923077,20.888157894736842,26149.32359055118,0.1512085000897177,0.9098393763803755,0.8876587996950337,1.0249877277148478,193808.0,0.0,3276.2,857504.0,0.0,233.6,21,0,6,20,16,65,533835.0,9100.0,0.016760754049439424
5865,4354,1998-10-30,327660.0,60,5461.0,C,0,1000.0,49281.73888888889,25697.521091280294,126,660,749509.2,689972.6,36461.5,61217.59473684211,8700.0,51478.582500000004,21.710526315789476,34522.84799999999,0.15818509522789517,1.2421963206785775,1.044577233884104,1.1891857108720942,216852.0,0.0,4053.2,1218343.0,0.0,233.6,0,0,30,20,17,59,0.0,745456.0,0.9999999999865854
5841,4268,1998-11-04,41988.0,12,3499.0,C,0,200.0,37122.396124031,10838.574904013292,129,622,316814.9,258863.6,37845.5,50286.880952380954,10775.5,45137.212820512825,20.460526315789476,15484.200900321543,0.2259722681373643,1.3546237901998397,1.2159024610788645,1.1140891915769098,99690.0,0.0,3079.9,472675.0,0.0,233.6,0,0,35,20,15,59,0.0,313735.0,0.9999999999681259
5526,2725,1998-11-08,69624.0,36,1934.0,C,0,1100.0,49145.707586206896,11919.240676953807,145,585,427453.7,377598.0,42631.3,52161.65652173913,25890.4,49775.64081632653,19.24342105263158,22212.9785982906,0.08706621629204508,1.0613674941932265,1.0128176650806477,1.0479354088827848,47955.0,6454.0,3828.7,746595.0,0.0,219.0,0,6,22,19,44,54,0.0,423625.0,0.9999999999763942
6852,9140,1998-11-10,16032.0,48,334.0,C,0,500.0,23124.206611570247,8941.444783681365,121,449,230926.3,200292.0,16540.9,23293.977777777778,14873.8,22328.08148148148,14.769736842105264,15635.099153674832,0.021362192622096394,1.007341707284745,0.9655717857430774,1.043259260168179,92640.0,616.0,2281.3,335535.0,0.0,146.0,0,0,19,28,31,43,0.0,228645.0,0.9999999999562641
6469,7180,1998-11-17,99744.0,24,4156.0,C,0,700.0,40126.96862745098,16479.64095077113,102,523,478321.8,406443.0,32529.7,51773.27826086956,31566.9,50684.16744186047,17.203947368421055,27803.026233269593,0.14948013081871123,1.290236467365465,1.2630948502438413,1.0214881858332492,105157.0,0.0,2420.8,776827.0,0.0,360.0,17,0,9,16,13,47,448901.0,27000.0,0.0567344888946076
6168,5698,1998-11-21,99216.0,36,2756.0,C,0,300.0,57018.617441860464,25880.04781829928,86,443,560689.8,529878.8,30810.9,49819.26470588235,20258.5,51379.56904761904,14.572368421052632,38476.23006772009,0.07162863914767677,0.8737368061921815,0.9011016286215227,0.9696318131826502,91080.0,0.0,3178.8,996193.0,0.0,116.8,0,0,23,14,9,40,0.0,557511.0,0.9999999999820632
7292,11317,1998-11-22,317460.0,60,5291.0,C,0,700.0,64978.0724137931,26748.860365603225,145,499,1078955.9,1002447.4,37772.5,69975.83571428571,37772.5,77195.14444444444,16.414473684210527,65731.98268537073,0.08049354032907675,1.0769146129466065,1.188018381662208,0.9064797560626485,53886.0,0.0,3769.9,2023543.0,0.0,204.4,0,0,34,16,28,67,0.0,1075186.0,0.9999999999906992
5036,309,1998-11-25,91248.0,48,1901.0,C,0,900.0,30173.12424242424,10956.883405561994,99,579,399411.2,384544.4,14815.7,25381.553333333333,14815.7,29175.76875,19.04605263157895,20970.812573402418,0.09064980159636578,0.841197388808488,0.9669455673837253,0.8699531978787638,0.0,0.0,2117.2,781634.0,0.0,204.4,0,0,21,18,0,60,0.0,397294.0,0.9999999999748297
5644,3293,1998-11-27,276084.0,36,7669.0,C,0,1100.0,58466.19366197183,22606.36701478105,142,476,790073.0,732441.6,27423.1,59473.29375,18396.5,61888.64444444444,15.657894736842106,50458.443697478986,0.15198645531874172,1.0172253402312892,1.0585372598680611,0.9609726351944522,35541.0,696.0,3969.0,1482148.0,0.0,160.6,16,1,2,15,47,61,782204.0,3900.0,0.004961175620465471
6856,9156,1998-12-01,163332.0,36,4537.0,C,0,600.0,29463.690909090907,16549.387498177668,66,443,287898.8,270277.6,2777.0,24103.110526315788,2777.0,26639.535714285714,14.572368421052632,19756.486501128667,0.2296460961033909,0.8180614775149658,0.9041479489938822,0.9047871845732801,0.0,0.0,2897.7999999999997,555191.0,0.0,87.6,0,0,11,23,0,32,0.0,285001.0,0.9999999999649123
5428,2262,1998-12-02,230220.0,36,6395.0,C,0,200.0,64923.162745098045,28758.36270441695,153,662,1218721.2,1171264.0,21637.8,78311.95217391304,21637.8,73257.32727272727,21.776315789473685,55965.44483383685,0.11426693771208796,1.206225156795271,1.128369662905475,1.06899821599658,0.0,0.0,5193.2,2384500.0,0.0,292.0,0,3,42,22,0,86,0.0,1213528.0,0.9999999999917595
5027,276,1998-12-02,160920.0,36,4470.0,C,0,700.0,51649.398305084746,16029.138294266511,59,359,352218.8,303893.8,25428.1,43198.23333333333,25428.1,49607.76111111111,11.80921052631579,29825.77025069638,0.14987039600081845,0.8363743769057003,0.9604712296643084,0.8707958665554423,36484.0,0.0,2820.8,616691.0,0.0,116.8,12,0,1,12,7,27,348698.0,700.0,0.0020034459269370904
4989,105,1998-12-05,352704.0,48,7348.0,C,0,800.0,30797.4875,16415.401618181764,56,513,255396.6,225221.2,20818.3,25001.107692307694,6835.7,22268.21851851852,16.875,15134.613333333333,0.48550959534336113,0.8117904970069325,0.7230530903304365,1.1227259899703792,0.0,0.0,2563.6,477952.0,0.0,102.2,0,0,14,15,0,27,0.0,252833.0,0.9999999999604482
5221,1284,1998-12-05,52512.0,12,4376.0,C,0,1000.0,59684.29885057471,22496.238340889686,87,521,563908.8,522873.6,34979.2,62664.40555555556,31605.7,57959.31621621621,17.138157894736842,32903.69965451056,0.13299416310682802,1.0499311670217073,0.9710982171644816,1.0811791724901532,0.0,0.0,2979.8,1083642.0,0.0,160.6,0,0,25,13,0,49,0.0,560929.0,0.9999999999821725
6402,6922,1998-12-06,139488.0,24,5812.0,C,0,1100.0,46755.30576923077,22242.03424821573,104,573,700815.6,652859.0,33618.1,60022.67647058824,31440.7,54896.58529411764,18.848684210526315,37181.141780104714,0.15631580204852097,1.2837618206156824,1.174125254432692,1.093377231718019,0.0,0.0,3550.6,1349704.0,0.0,420.0,18,0,3,18,0,65,679965.0,17300.0,0.024811226721191928
5346,1928,1998-12-06,55632.0,24,2318.0,C,0,500.0,29645.320175438595,11976.126777776568,114,644,363519.5,325070.2,30392.2,39548.40625,28960.8,38670.83939393939,21.18421052631579,17159.926708074534,0.13508216195110279,1.334052255216514,1.3044500498575833,1.02269324533905,0.0,0.0,2555.5,685786.0,0.0,248.2,21,0,8,21,0,64,312864.0,48100.0,0.13325428574225534
6748,8645,1998-12-08,240900.0,60,4015.0,C,0,700.0,26268.19,10061.747545354825,120,533,312730.7,292916.8,9578.3,23545.96363636364,9578.3,23547.12222222222,17.532894736842106,17836.79789868668,0.22509645624479824,0.8963679502622739,0.8964120563030076,0.9999507967110735,115947.0,0.0,3007.7,486503.0,0.0,189.79999999999998,0,0,20,34,13,53,0.0,309723.0,0.999999999967713
