loan_id,is_closed,loan_date,min_balance,mean_balance,std_balance,total_tx_count,history_days,total_inflow,total_outflow,mean_balance_90d,freq_negative_balance,last_balance,sanction_interest,cash_reliance_ratio,months_history,avg_monthly_inflow,tx_per_month,dsti_ratio,balance_trend_90d
5314,1,1993-07-05,1100.0,12250.0,8330.8663014919,4,105,20100.0,0.0,15966.666666666666,0.0,20100.0,0.0,0.9999999995024875,3.4539473684210527,5819.428571428572,1.158095238095238,1.3803760777536742,1.3034013594802165
5316,1,1993-07-11,700.0,52083.85945945946,29122.05945394563,37,148,229893.7,177684.8,56036.57586206897,0.0,52208.9,0.0,0.9999999999563417,4.868421052631579,47221.408648648656,7.6000000000000005,0.09762521133845237,1.0758913880974443
6863,1,1993-07-28,800.0,30060.954166666666,11520.18445104369,24,170,75146.0,54873.0,35160.92941176471,0.0,20272.8,0.0,0.06047980645649085,5.592105263157895,13437.87294117647,4.291764705882353,0.15761423014604195,1.169654469552954
5325,1,1993-08-03,1000.0,41297.48,14151.260443037105,25,185,120309.8,86017.2,46378.6375,0.0,34292.7,0.0,0.041001439230762673,6.085526315789474,19769.826594594593,4.108108108108108,0.14866088908017858,1.1230379550706147
7240,1,1993-09-06,600.0,57188.21111111111,25256.6658167142,27,204,276327.1,235214.0,60804.54705882353,0.0,41142.9,0.0,0.002180343476696476,6.710526315789474,41178.15607843136,4.023529411764706,0.11119973391150531,1.0632356890837846
6687,1,1993-09-13,500.0,46318.55294117647,20670.97738216307,17,124,102647.8,58800.0,57919.48181818182,0.0,43847.8,0.0,0.025637233148386604,4.078947368421053,25165.26709677419,4.16774193548387,0.14543855165418734,1.2504596566139203
7284,1,1993-09-15,1000.0,22198.17906976744,6652.642956340849,43,244,90384.8,69355.8,20615.732,0.0,21029.0,0.0,0.9999999998885831,8.026315789473685,11261.057049180326,5.357377049180327,0.3906382835005541,0.9287127527856659
6111,1,1993-09-24,1000.0,37485.45625,28302.653142986743,32,163,213997.6,155856.8,21443.410526315787,0.0,58140.9,0.0,0.9999999999530848,5.361842105263158,39911.20883435583,5.968098159509202,0.1824299541613525,0.5720461391101601
7235,1,1993-10-13,8897.0,46715.8,20286.965558464442,32,176,182543.8,129141.0,44006.81764705882,0.0,53402.7,0.0,0.9999999999449406,5.7894736842105265,31530.292727272725,5.527272727272727,0.10202886559937029,0.9420114316278154
5997,1,1993-11-04,800.0,44131.16923076923,19844.247591152816,13,137,118393.5,65200.0,54099.455555555556,0.0,53193.5,0.0,0.006790018671975045,4.506578947368421,26271.258394160584,2.884671532846715,0.18560207223373004,1.225878590716727
7121,1,1993-11-10,1100.0,34272.21333333333,10171.031845987452,45,297,158586.5,109503.0,36219.47647058823,0.0,49083.3,0.0,0.9999999999364986,9.769736842105264,16232.422895622894,4.6060606060606055,0.037517504536494245,1.0568175480161592
6077,1,1993-11-22,800.0,69954.5716981132,24870.23292768019,53,313,518282.4,414536.6,83870.44375,0.0,103745.7,0.0,0.0015521503102059286,10.296052631578949,50337.97111821086,5.147603833865814,0.06589459061732142,1.1989272709716678
6228,1,1993-12-01,200.0,51760.01617647059,27848.686707573845,68,257,497102.3,409732.0,43871.446153846155,0.0,101797.3,0.0,0.9999999999798124,8.453947368421053,58801.20591439688,8.043579766536965,0.1316639663811352,0.8475933623319382
6356,1,1993-12-08,200.0,41562.323404255316,23576.743344256894,47,268,257545.0,229878.0,45949.529411764706,0.0,27667.0,0.0,0.9999999999609602,8.81578947368421,29214.059701492537,5.33134328358209,0.09070974818872965,1.1055572845093793
5523,1,1993-12-08,600.0,37510.494736842105,14598.865783434976,19,156,85016.4,50300.0,45788.18333333333,0.0,34716.3,0.0,0.071220843958547,5.131578947368421,16567.29846153846,3.7025641025641023,0.15741854379459477,1.2206766037706844
6456,1,1993-12-09,200.0,60382.08571428571,23888.321559448163,42,239,286683.4,227910.0,68390.96818181819,0.0,58773.2,0.0,0.9999999999649367,7.861842105263158,36465.16887029289,5.342259414225941,0.10744499807095176,1.1326367309354353
7104,1,1993-12-13,800.0,45198.15294117647,19487.23966632132,17,155,144433.5,77214.0,54402.88181818181,0.0,67219.5,0.0,0.005569014005682551,5.098684210526316,28327.60258064516,3.3341935483870966,0.15281914472457328,1.2036527660090088
6820,1,1993-12-16,900.0,37462.09310344827,13293.431805243708,29,171,145221.5,97495.6,41406.25263157895,0.0,47725.8,0.0,0.01869469485974169,5.625,25817.155555555557,5.155555555555556,0.12313517621752733,1.105284013527658
6876,1,1993-12-21,800.0,25714.04666666667,11715.975172745155,15,125,58553.2,21300.0,29641.558333333334,0.0,37253.1,0.0,0.9999999998281107,4.111842105263158,14240.138239999998,3.6479999999999997,0.5068771014213995,1.1527379842640852
7097,1,1993-12-23,400.0,50009.90869565217,20688.41804888367,23,196,175155.0,133200.0,55333.049999999996,0.0,41954.8,0.0,0.9999999999423226,6.447368421052632,27166.897959183672,3.56734693877551,0.11598674252666924,1.1064417318911481
4959,1,1994-01-05,1100.0,32590.624074074072,12061.705681876094,54,313,228685.3,200844.6,30317.13157894737,0.0,27855.2,0.0,0.021108550721160066,10.296052631578949,22210.96843450479,5.2447284345047915,0.1518619059059765,0.9302409030504672
6499,1,1994-01-05,1100.0,33312.53888888889,12270.895742079612,54,313,228693.9,199944.6,33058.01052631579,0.0,28763.7,0.0,0.021108550721160066,10.296052631578949,22211.803706070285,5.2447284345047915,0.15185619516165758,0.9923593823531236
5479,1,1994-01-10,200.0,55582.22602739726,29534.218113303323,73,317,630685.0,552028.8,71925.38518518518,0.0,78670.8,0.0,0.9999999999840996,10.427631578947368,60482.09463722398,7.000630914826498,0.03377859202655393,1.2940357073283064
5170,0,1994-01-20,800.0,47302.546341463414,26552.739504598183,41,255,284778.7,203628.0,31870.088888888888,0.0,81150.6,0.0,0.9999999999646724,8.388157894736842,33950.088156862745,4.887843137254902,0.1243001190235189,0.6737499637353648
6721,1,1994-01-21,1100.0,21575.686666666665,9070.837344626276,15,135,39167.1,8300.0,24937.608333333334,0.0,30867.0,0.0,0.9999999997416954,4.440789473684211,8819.850666666665,3.3777777777777778,0.09954817061957645,1.1558199146589605
7259,1,1994-01-31,900.0,54652.89818181818,25585.472260311017,55,256,386925.0,365003.6,38051.142857142855,0.0,21921.3,0.0,0.9999999999740475,8.421052631578947,45947.34375,6.53125,0.06537918743879961,0.6962328461263433
5285,1,1994-02-06,900.0,25900.31960784314,7684.869705311071,51,273,95405.0,70804.0,24061.321739130435,0.0,24601.0,0.0,0.9999999998940778,8.980263157894738,10623.853479853478,5.6791208791208785,0.6191726953202479,0.9289970971074122
5189,1,1994-02-07,200.0,36845.58888888889,12658.246764300018,54,292,189931.6,170898.0,34261.94,0.0,19048.1,0.0,0.012717994371613544,9.605263157894738,19773.700821917806,5.621917808219178,0.15702675115768167,0.9298790173776595
6650,1,1994-02-17,900.0,46576.27755102041,24439.877180919786,49,167,266271.6,250598.0,43604.364285714284,0.0,15673.6,0.0,0.9999999999623077,5.493421052631579,48470.99784431137,8.919760479041916,0.0847929727453388,0.9361925548598732
7226,1,1994-02-23,300.0,44735.43125,19635.357674451083,16,163,135994.6,92700.0,54845.4,0.0,43294.5,0.0,0.9999999999261405,5.361842105263158,25363.410061349692,2.984049079754601,0.2165718247092038,1.2259946636311916
6087,0,1994-02-27,800.0,45854.89090909091,30520.960807281426,66,304,358263.0,324344.0,26740.62962962963,0.0,33918.9,0.0,0.9999999999719863,10.0,35826.3,6.6,0.13986931384489346,0.5831576325590303
7262,1,1994-03-01,500.0,33229.10769230769,14579.421766566596,13,142,76660.9,31000.0,41278.25555555555,0.0,45660.9,0.0,0.9999999998686129,4.671052631578948,16411.91098591549,2.7830985915492956,0.3091047716053628,1.2422318385843645
5519,1,1994-03-08,700.0,40976.94285714286,10641.422753595749,70,365,237174.6,204112.8,40211.088461538464,0.0,33061.9,0.0,0.999999999957466,12.006578947368421,19753.72010958904,5.83013698630137,0.38656009874452246,0.9813101136390902
6577,1,1994-03-11,600.0,58226.50490196078,26115.030058226144,102,396,728065.9,689863.6,45650.269230769234,0.0,38202.2,0.0,0.9999999999862103,13.026315789473685,55891.92767676768,7.83030303030303,0.038538660038200036,0.7840118396217156
6509,1,1994-03-15,200.0,46061.3193877551,24131.83891162098,98,362,432628.6,420214.0,19824.41153846154,0.0,12414.4,0.0,0.9999999999766905,11.907894736842106,36331.24154696132,8.229834254143645,0.06349906860141317,0.43039174295618904
6520,1,1994-03-16,700.0,32558.533333333333,15743.433555304437,36,231,196349.0,163633.8,28178.886363636364,0.0,32715.3,0.0,0.008696052503250992,7.598684210526316,25839.868398268398,4.7376623376623375,0.147059572439001,0.8654838983834712
6699,1,1994-03-30,600.0,46444.63950617284,12923.560345495733,81,367,278859.2,242506.2,46095.01034482759,0.0,36353.1,0.0,0.9999999999637068,12.072368421052632,23098.96370572207,6.709536784741144,0.013810143343481506,0.9924721307994326
6336,1,1994-03-31,300.0,51034.361971830986,27309.501085647138,71,391,433316.2,369095.0,58723.74210526316,0.0,64221.1,0.0,0.9999999999768033,12.86184210526316,33690.05749360614,5.520204603580562,0.17512585128026187,1.1506706427753464
7055,0,1994-04-06,1100.0,63707.626582278484,26493.59158887542,79,335,585785.2,546475.0,52862.92,0.0,39310.2,0.0,0.9999999999828442,11.019736842105264,53157.821134328355,7.168955223880596,0.05239116163994889,0.8297738093166872
6103,0,1994-04-07,500.0,29069.116071428572,10432.344642413836,56,321,173575.3,150037.0,22474.572727272727,0.0,23568.3,0.0,0.04753733419629804,10.55921052631579,16438.283862928347,5.303426791277259,0.1514148325482473,0.7731426254694785
6202,1,1994-04-18,900.0,47426.55,18172.768250468802,82,448,524877.5,456882.0,39965.694444444445,0.0,67995.4,0.0,0.001722804572673203,14.73684210526316,35616.6875,5.564285714285714,0.15251277925480497,0.8426860995796148
7066,1,1994-05-02,1000.0,32702.726666666666,10504.310470160513,15,156,61162.9,30500.0,32258.212499999998,0.0,30662.8,0.0,0.9999999998346287,5.131578947368421,11918.924102564102,2.923076923076923,0.5019748379548065,0.9864074277028457
6696,0,1994-05-09,800.0,30045.399999999998,8832.079278613892,87,392,164345.4,135039.4,25425.622727272726,0.0,29305.8,0.0,0.9999999999380299,12.894736842105264,12745.153469387755,6.746938775510204,0.11643641658768691,0.8462401139212767
6072,1,1994-05-10,800.0,63579.21724137931,30034.313435862332,29,197,286180.0,205400.0,74918.93333333333,0.0,80780.0,0.0,0.9999999999648661,6.480263157894737,44161.78680203045,4.475126903553299,0.12200593293322573,1.1783557044610833
5130,1,1994-05-11,1100.0,29380.839743589742,7695.862800862465,78,455,207260.4,178798.6,31829.4,0.0,28461.9,0.0,0.053076488573796946,14.967105263157896,13847.727824175823,5.211428571428571,0.14630559065436613,1.0833386746922744
5568,0,1994-05-17,1100.0,44602.64166666666,24196.754530887032,84,333,467695.6,437685.4,42060.242105263154,0.0,30009.9,0.0,0.9999999999785396,10.953947368421053,42696.53525525525,7.668468468468468,0.10637865512464895,0.9429989015037749
6678,1,1994-05-20,1100.0,61531.59038461539,26678.258714234544,52,319,446745.7,357403.0,66299.92,0.0,89342.6,0.0,0.034450148607708495,10.493421052631579,42573.884890282134,4.955485893416928,0.1572560271556433,1.0774940087653233
6998,1,1994-05-21,1100.0,53379.12769230769,22871.826586869844,65,301,515264.19999999995,473934.0,55673.362499999996,0.0,41330.1,0.0,0.002141461021474153,9.901315789473685,52039.97235880398,6.564784053156146,0.15634135895270437,1.0429799979214183
6580,1,1994-05-22,900.0,49143.96595744681,23182.39661204049,47,231,289532.4,202675.0,47158.3294117647,0.0,86857.4,0.0,0.9999999999652992,7.598684210526316,38102.9651948052,6.185281385281385,0.10720950398592173,0.9595955166297038
6316,1,1994-05-26,1100.0,52890.40392156863,23250.780434566495,102,485,666797.7,651909.2,36690.14705882353,0.0,14888.6,0.0,0.9999999999849323,15.953947368421053,41795.154804123704,6.39340206185567,0.15334313339675024,0.693701396311786
6512,1,1994-05-26,500.0,22551.77926829268,5522.432869014776,82,402,96737.2,68183.8,24357.790476190476,0.0,28553.5,0.0,0.9999999998954237,13.223684210526317,7315.449950248755,6.200995024875621,0.18030333160192222,1.0800828695426343
6407,1,1994-05-26,600.0,56927.45405405405,17426.036797826957,37,260,232737.4,163338.4,62244.35333333334,0.0,69398.9,0.0,0.9999999999566788,8.552631578947368,27212.372923076924,4.326153846153846,0.03972457685548007,1.093397805271544
5002,1,1994-05-31,500.0,38709.829999999994,11517.175248212317,30,186,113646.0,85630.6,42186.01,0.0,28015.4,0.0,0.9999999999115318,6.11842105263158,18574.399999999998,4.903225806451612,0.47021707270748075,1.0898009624196747
6647,1,1994-06-01,200.0,43944.88941176471,16039.860835602089,85,479,423055.2,378872.0,52955.44210526315,0.0,44183.1,0.0,0.008566533409276447,15.756578947368421,26849.432317327766,5.394572025052192,0.16164215120416833,1.2050421061939403
7137,1,1994-06-03,300.0,53976.29285714286,22844.00616457968,28,194,247759.3,226436.2,54678.98888888889,0.0,21323.2,0.0,0.0012166190157058775,6.381578947368421,38824.13773195876,4.387628865979381,0.16265654222566628,1.0130186047321856
6903,1,1994-06-04,144.2,33459.68028169014,20087.36502977943,71,264,243548.7,184703.8,37712.987499999996,0.0,58844.8,1.8,0.9999999999583608,8.68421052631579,28045.00181818182,8.175757575757576,0.07744695519389853,1.127117389384207
5918,1,1994-06-04,300.0,34084.460563380286,11447.547499735838,71,364,250489.6,216556.8,32240.640000000003,0.0,33947.4,0.0,0.9999999999597796,11.973684210526317,20920.010549450548,5.929670329670329,0.39861356552866956,0.945904363972235
6642,1,1994-06-05,700.0,55570.305,23174.95183686821,60,333,413086.9,382261.0,65109.705882352944,0.0,30825.8,0.0,0.006822794957788274,10.953947368421053,37711.23651651652,5.4774774774774775,0.1715669014313716,1.1716636406914862
6210,1,1994-06-06,200.0,28362.248484848486,8425.332672368242,33,192,77528.3,55837.2,30873.48,0.0,21705.9,0.0,0.07079553200603131,6.315789473684211,12275.314166666667,5.225,0.14802065135357717,1.0885413406348103
6279,1,1994-06-07,200.0,36783.95,13552.449489852383,30,321,136713.2,107655.2,40692.525,0.0,29057.9,0.0,0.9999999999259968,10.55921052631579,12947.29370716511,2.8411214953271027,0.2811398335062256,1.106257620210375
7249,1,1994-06-12,1100.0,33857.106410256405,9598.252851868401,78,450,204511.1,165846.0,38736.294117647056,0.0,38665.0,0.0,0.9999999999506676,14.80263157894737,13815.860977777776,5.269333333333333,0.10458993480596841,1.1441111841285845
6736,0,1994-06-14,800.0,33211.759999999995,16686.231188764257,10,107,64650.4,21200.0,36813.066666666666,0.0,43450.3,0.0,0.9999999998448986,3.5197368421052633,18367.964112149533,2.8411214953271027,0.2616512079422318,1.1084346826420015
6112,1,1994-06-17,-1369.2,26252.81440677966,23430.521918399387,118,452,438627.5,431696.6,6594.56,5.0,6930.8,1.2,0.9999999999771164,14.868421052631579,29500.610619469026,7.936283185840708,0.24680845055887743,0.2511944013052194
5319,0,1994-06-23,300.0,40061.580434782605,16062.53213841481,46,274,240982.9,204742.4,34471.54583333333,0.0,36240.6,0.0,0.0012512982218530352,9.013157894736842,26736.788905109486,5.103649635036496,0.14926998199640223,0.8604639520112269
6596,1,1994-06-25,1000.0,50765.41612903226,18234.74108903289,31,211,257465.2,207622.2,51843.01052631579,0.0,49842.9,0.0,0.003898681076039927,6.940789473684211,37094.51222748815,4.466350710900474,0.10287235954388707,1.0212269389131432
5837,0,1994-06-29,1000.0,38426.728571428575,15757.722747155978,42,258,224210.9,202884.8,33060.87391304348,0.0,21326.1,0.0,0.013890257999718152,8.486842105263158,26418.648682170544,4.948837209302326,0.1542849540676154,0.860361397743903
5657,1,1994-07-05,800.0,30533.371739130438,8705.183539928967,46,242,101697.8,79197.4,30588.232000000004,0.0,22500.3,0.0,0.9999999999006636,7.960526315789474,12775.26082644628,5.7785123966942145,0.032484659633410774,1.0017967308465083
5533,1,1994-07-05,500.0,65097.22434210526,26285.863067554485,152,472,1054061.2,1001742.4,63160.37857142858,0.0,52318.9,0.0,0.9999999999904777,15.526315789473685,67888.68745762711,9.789830508474576,0.06836190495232468,0.970246876115632
6232,1,1994-07-08,500.0,19256.894827586206,6029.338312664938,58,314,111371.0,91587.6,19988.68,0.0,19783.2,0.0,0.9999999999096192,10.328947368421053,10782.415286624204,5.615286624203821,0.712734557943251,1.0380012026126597
6888,1,1994-07-11,300.0,48944.827826086956,26896.8541402657,115,522,487779.4,463878.2,44265.145454545454,0.0,23901.1,0.0,0.9999999999792669,17.17105263157895,28407.076168582375,6.697318007662835,0.11609783348581787,0.9043886231000045
6066,1,1994-07-11,1000.0,61218.65866666667,24967.390839870233,75,383,699587.9,605156.0,67919.68947368422,0.0,94431.9,0.0,0.0014356780348232943,12.598684210526317,55528.64793733681,5.953002610966057,0.1304191668212107,1.109460594888395
5549,0,1994-07-16,800.0,37570.62790697674,10371.123781863109,43,269,158214.4,116683.4,38797.23809523809,0.0,41531.0,0.0,0.9999999999363666,8.848684210526317,17879.991672862452,4.859479553903345,0.047035816062827286,1.032648114930948
5060,0,1994-07-19,900.0,57340.50819672131,21418.913855883657,61,232,389614.5,319518.0,58548.27096774193,0.0,70096.5,0.0,0.9999999999742492,7.631578947368421,51052.93448275862,7.993103448275862,0.08228714062647804,1.02106299366351
6004,1,1994-07-23,700.0,49727.45611510792,23416.563215441554,139,518,658169.3,619833.0,58702.023076923084,0.0,38336.2,0.0,0.9999999999847302,17.039473684210527,38626.15196911197,8.157528957528957,0.15523161621800904,1.180475086624908
5126,1,1994-07-24,-1069.7,36369.975,22812.186440376034,64,439,342886.4,261411.8,44496.21333333333,1.0,81474.6,0.0,0.9999999999706798,14.44078947368421,23744.297403189066,4.431890660592255,0.18261226788675225,1.2234326067339614
7220,1,1994-07-28,1000.0,36635.115662650605,12494.312333486101,83,425,344177.4,312816.0,32362.22,0.0,31361.3,0.0,0.009346586013145195,13.980263157894738,24618.80696470588,5.9369411764705875,0.148138778769704,0.8833661203411874
6668,1,1994-07-30,700.0,37912.99850746268,10605.68811295336,67,399,291052.7,257808.8,35171.566666666666,0.0,33243.7,0.0,0.9999999999654299,13.125,22175.44380952381,5.104761904761904,0.0936170665577497,0.9276915053412798
5395,1,1994-07-30,500.0,51992.85476190476,33855.698025767204,126,419,812759.3,793310.6,26920.385714285712,0.0,19448.5,0.0,0.9999999999876589,13.782894736842106,58968.6938424821,9.141766109785202,0.14088831644776714,0.5177708712550365
6836,0,1994-08-03,800.0,32354.031372549023,12250.079572479322,102,413,273115.4,248563.4,31853.800000000003,0.0,24552.0,0.0,0.9999999999630024,13.585526315789474,20103.409588377726,7.507990314769976,0.15693855236649,0.9845388237207796
6064,1,1994-08-04,200.0,32788.14215686275,9015.76816505543,102,399,226196.2,191293.4,35422.64615384616,0.0,34917.4,0.0,0.9999999999554403,13.125,17233.99619047619,7.771428571428571,0.07073228900713799,1.0803492913253854
6919,1,1994-08-05,600.0,40838.755208333336,21557.464543439626,96,496,472459.6,420445.0,35122.5105263158,0.0,52014.4,0.0,0.999999999978718,16.315789473684212,28957.201290322577,5.8838709677419345,0.11596424547984865,0.8600289195530767
6841,1,1994-08-07,200.0,60743.95714285715,21110.31187474146,42,198,267848.9,209639.4,71833.26400000001,0.0,58209.4,0.0,0.9999999999623603,6.5131578947368425,41124.275555555556,6.448484848484848,0.08717478790076698,1.1825581896029185
6038,1,1994-08-10,200.0,45414.07368421053,26516.428001628443,57,415,388617.3,319437.6,48282.61304347827,0.0,72386.4,0.0,0.9999999999741553,13.651315789473685,28467.38775903614,4.175421686746987,0.2367270244349565,1.0631641056599028
6729,1,1994-08-11,1100.0,48484.62410714286,20930.650934412955,112,496,661350.4,632417.2,48359.60952380953,0.0,28933.3,0.0,0.0016802743429488775,16.315789473684212,40534.379354838704,6.864516129032257,0.15354866899476866,0.9974215620805621
7198,1,1994-08-23,800.0,32555.818518518518,14361.643030576995,27,274,103427.6,49000.0,40484.354545454546,0.0,54427.5,0.0,0.9999999999022597,9.013157894736842,11475.17897810219,2.9956204379562044,0.332369543338232,1.2435366817759697
6686,1,1994-08-25,200.0,57496.98924731183,21234.856010411902,93,519,696151.5,655864.2,50128.23181818182,0.0,40287.4,0.0,0.00028870610584126496,17.072368421052634,40776.50404624277,5.447398843930635,0.15300477920801123,0.8718409862096747
5836,1,1994-08-27,900.0,63494.2,29061.53705517541,16,141,244462.5,154716.0,73610.88181818182,0.0,99262.5,0.0,0.003696022668787252,4.6381578947368425,52706.80851063829,3.4496453900709216,0.06295201878331862,1.1593323769192856
7061,1,1994-08-27,600.0,54422.596774193546,21910.827556377593,93,486,636169.6,594252.4,64089.52692307692,0.0,41917.2,0.0,0.9999999999842062,15.98684210526316,39793.32477366255,5.817283950617283,0.12763447205309222,1.177627138543507
5595,1,1994-09-02,900.0,57141.73095238096,24685.92139144404,126,482,702299.6,654213.6,73764.41481481482,0.0,64300.6,0.0,0.0209036085925156,15.855263157894738,44294.41460580912,7.9468879668049786,0.15595645771407182,1.290902700574075
5723,1,1994-09-10,1000.0,47420.84181818181,27950.21068970953,110,547,577410.2,513313.8,61428.45714285714,0.0,64096.3,0.0,0.9999999999825893,17.99342105263158,32090.07327239488,6.113345521023766,0.06135853859455736,1.2953894274046969
6120,1,1994-09-11,1000.0,46230.339705882354,19403.334950613862,68,391,513026.6,468771.8,44168.0,0.0,44254.7,0.0,0.0019568705725420362,12.86184210526316,39887.49012787723,5.28695652173913,0.10925731313090656,0.9553899078276977
6895,1,1994-09-19,900.0,36080.38671328671,20303.817120135827,143,603,500146.8,460942.0,53972.15416666667,0.0,39204.7,0.0,0.9999999999798324,19.835526315789476,25214.697711442783,7.209286898839137,0.13849065487826073,1.4958862436979479
5882,1,1994-09-26,800.0,25533.214285714286,6896.753585410004,84,476,198466.6,182801.0,22691.89,0.0,15665.6,0.0,0.9999999999492345,15.657894736842106,12675.17781512605,5.364705882352941,0.5773489020006886,0.8887204617950824
5754,1,1994-09-28,700.0,23771.966081871346,8912.019358254425,171,617,323632.8,295101.0,22938.275862068964,0.0,28531.7,0.0,0.9999999999689162,20.29605263157895,15945.60311183144,8.425283630470016,0.12047208157149734,0.964929689594019
6594,1,1994-09-28,600.0,14900.0,8889.038193190532,5,134,22500.0,0.0,20600.0,0.0,22500.0,0.0,0.9999999995555555,4.407894736842105,5104.477611940299,1.1343283582089552,1.5484444414109422,1.3825503346425836
6738,1,1994-09-29,-2719.7,27658.48780487805,29524.489997327957,82,356,297905.8,291580.1,10382.626666666667,2.0,6325.5,60.1,0.999999999966232,11.710526315789474,25439.146966292134,7.002247191011236,0.25138421527890786,0.3753866348789194
6624,1,1994-09-30,200.0,47991.53023255814,19235.72960061234,43,326,262679.5,185958.4,42440.15555555556,0.0,53022.0,0.0,0.9999999999616876,10.723684210526317,24495.26625766871,4.009815950920245,0.24310819629097077,0.8843259496218415
6216,1,1994-09-30,1000.0,57219.57450980392,19476.293991224597,102,388,499448.5,453576.8,54350.79666666666,0.0,45871.6,0.0,0.0038285764948812217,12.763157894736842,39132.047422680414,7.991752577319588,0.15038824661868444,0.9498636982673758
6229,1,1994-10-02,1100.0,42224.43909774436,11703.03977104676,133,528,414676.4,387691.8,37589.68148148148,0.0,26984.4,0.0,0.9999999999757283,17.36842105263158,23875.30787878788,7.657575757575757,0.020481411267146005,0.8902351878627364
5887,1,1994-10-03,700.0,37265.65526315789,16917.161794126067,76,488,304978.10000000003,275959.0,33695.68,0.0,29019.1,0.0,0.999999999966974,16.05263157894737,18998.635737704917,4.7344262295081965,0.2818097083969188,0.9042019992137557
6808,1,1994-10-12,1100.0,45134.72168674698,29551.483054320095,83,382,365365.3,311648.6,57112.665,0.0,53716.6,0.0,0.9999999999723669,12.56578947368421,29076.191413612563,6.605235602094241,0.21770389071174753,1.2653820130703566
6297,1,1994-10-25,900.0,39290.618055555555,9324.209981583175,72,450,198353.1,150326.0,41003.52352941177,0.0,48027.0,0.0,0.9999999999490369,14.80263157894737,13399.853866666666,4.864,0.10888178434099009,1.0435957882107698
5161,1,1994-10-28,500.0,41660.392857142855,19672.650902026955,14,111,99656.2,30700.0,46475.041666666664,0.0,68956.1,0.0,0.005066882853154957,3.6513157894736845,27293.229549549545,3.8342342342342337,0.14989065295750653,1.1155689725461295
5390,1,1994-10-30,200.0,40091.18311688312,13589.38398884065,77,448,371594.3,328291.4,42441.3,0.0,43302.8,0.0,0.9999999999729305,14.73684210526316,25215.327499999996,5.225,0.2813368177425668,1.0586192945635722
6150,1,1994-11-02,700.0,67891.93520408163,25921.044106424713,196,632,1348329.3,1280923.8,91662.17272727271,0.0,93620.2,0.0,0.9999999999925521,20.789473684210527,64856.34607594937,9.427848101265822,0.10666650863790693,1.3501187208500847
6223,1,1994-11-03,900.0,36039.0515625,9064.78033824496,64,347,197445.5,163920.2,32975.51739130435,0.0,33525.3,0.0,0.9999999999489474,11.414473684210527,17297.81902017291,5.606916426512968,0.07353528197868336,0.9149940398672057
5032,1,1994-11-03,300.0,49084.381967213114,20572.457529737083,61,336,285666.8,260479.6,38545.634999999995,0.0,25187.2,0.0,0.9999999999647265,11.052631578947368,25846.04380952381,5.519047619047619,0.09970578158864543,0.7852932734875705
6253,1,1994-11-04,300.0,40204.46481481482,12827.193914171468,54,312,244535.8,203402.6,41126.70476190476,0.0,41133.1,0.0,0.9999999999588476,10.263157894736842,23826.565128205126,5.2615384615384615,0.10450520188524219,1.0229387442690374
6460,1,1994-11-06,300.0,23050.189690721647,5423.587576531727,97,415,88063.5,64953.4,25182.715384615385,0.0,23110.0,0.0,0.9999999998848682,13.651315789473685,6450.916626506024,7.105542168674698,0.20958261843735074,1.0925166218405125
6645,1,1994-11-06,400.0,43563.619999999995,18981.79097613385,45,392,261444.69999999998,233173.0,34808.771428571425,0.0,28271.8,0.0,0.9999999999613424,12.894736842105264,20275.30326530612,3.4897959183673466,0.19235223991692016,0.799033033080839
5176,1,1994-11-12,800.0,23979.011764705883,13015.026674865436,51,440,158360.4,136135.0,18405.957142857143,0.0,22225.5,0.0,0.9999999999362628,14.473684210526317,10941.264,3.5236363636363635,0.7332790793337233,0.767586142239296
5269,1,1994-11-19,-2564.7,41752.161538461536,30609.38988808058,65,367,394206.7,373395.4,21406.094444444447,3.0,20811.2,0.4,0.9999999999745043,12.072368421052632,32653.634005449592,5.384196185286103,0.13955567695295176,0.5126942809798839
5351,1,1994-12-04,900.0,58336.31162790698,17204.070909560676,129,541,623544.1,568958.0,66783.40833333334,0.0,54586.0,0.0,0.006134612776685007,17.79605263157895,35038.33759704251,7.248798521256931,0.16267895080885147,1.144799978919775
5861,1,1994-12-08,900.0,52299.2859375,27533.493654127193,64,387,453745.7,404546.8,55895.719999999994,0.0,49198.8,0.0,0.999999999977854,12.730263157894738,35643.0730749354,5.027390180878553,0.060095828294483386,1.0687664083236286
5450,0,1994-12-11,500.0,33658.61756756757,11909.168772706618,74,412,282042.6,262118.4,33047.534999999996,0.0,19938.6,0.0,0.002853402861147945,13.55263157894737,20810.91029126213,5.460194174757281,0.159916118604296,0.9818446917447126
7142,0,1994-12-19,900.0,26358.754615384616,9885.477724726501,130,477,273163.9,254724.6,19420.57,0.0,18439.4,0.0,0.9999999999629696,15.69078947368421,17409.18775681342,8.285115303983229,0.46234207521981885,0.7367787392086103
6306,1,1994-12-20,700.0,30229.797599999998,7937.353315967115,125,631,315586.8,280493.6,31750.04444444444,0.0,35093.0,0.0,0.9999999999680678,20.75657894736842,15204.1818066561,6.022187004754358,0.2010631046684191,1.0502896795425962
6272,0,1994-12-20,400.0,63383.57558139535,21947.881092045613,86,512,741435.8,682119.0,64982.77272727273,0.0,59316.9,0.0,0.000542117810324605,16.842105263157894,44022.75062500001,5.10625,0.150921964306286,1.0252304657942723
5044,0,1994-12-21,600.0,35614.74428571429,9576.327716908689,70,385,207705.6,160567.8,38015.08947368421,0.0,48637.7,0.0,0.9999999999514672,12.664473684210527,16400.64997402597,5.5272727272727264,0.10261788414722715,1.067397512615548
5576,1,1994-12-21,1000.0,64493.09916666667,28994.626431825105,120,570,857688.8,803766.2,48869.245,0.0,53922.3,0.0,0.9999999999882803,18.75,45743.40266666667,6.4,0.05692624176662482,0.7577437838137059
7192,1,1994-12-21,200.0,25666.407086614174,17591.055950194852,127,613,399447.5,389778.0,35015.873076923075,0.0,9669.5,0.0,0.9999999999748428,20.164473684210527,19809.468189233277,6.2982055464926585,0.16264949505937304,1.3642685922153184
5739,1,1995-01-02,1100.0,26122.84888888889,8289.780093711837,45,246,91939.2,68782.4,25133.24,0.0,23156.6,0.0,0.99999999989031,8.092105263157896,11361.59219512195,5.560975609756097,0.560220775846063,0.9621171143040612
6526,1,1995-01-03,600.0,36999.52352941177,16205.72181108147,17,127,95840.5,47000.0,44811.458333333336,0.0,48665.3,0.0,0.9999999998951221,4.177631578947369,22941.348031496058,4.069291338582676,0.34928200319816316,1.2111360916742704
5624,0,1995-01-03,-2485.5,26746.525263157895,21147.08070284783,95,511,326642.5,312411.9,22588.6375,3.0,14230.7,22.5,0.9999999999692147,16.80921052631579,19432.352250489235,5.651663405088062,0.19055850523712006,0.8445447499929779
6244,1,1995-01-08,200.0,60819.976388888885,29717.34457286979,72,307,492006.60000000003,441010.0,72076.3962962963,0.0,50996.5,0.0,0.9999999999794946,10.098684210526317,48719.871791530946,7.129641693811074,0.1543107508703206,1.1850776761829367
5131,1,1995-01-08,200.0,63857.236752136756,25825.858181660515,117,521,736573.0,688579.2,74135.36153846154,0.0,47993.6,0.0,0.9999999999863479,17.138157894736842,42978.539731285986,6.826871401151632,0.04713980540510981,1.1609547374342237
6960,1,1995-01-11,8686.4,31375.160784313724,11990.873356406239,153,669,505472.8,493209.8,24195.021739130436,0.0,12262.9,0.0,0.0870095013561733,22.00657894736842,22969.16759342302,6.952466367713004,0.13862060893863212,0.7711521192750483
6358,0,1995-01-14,200.0,24523.073033707864,11727.066048624869,89,486,278052.9,258086.0,23287.338095238094,0.0,19966.8,0.0,0.12730146215395152,15.98684210526316,17392.609382716048,5.567078189300411,0.13212508532287243,0.9496092946317413
5418,0,1995-01-16,300.0,54157.19416666667,23422.026500661654,120,657,835259.0,777712.4,62784.83157894737,0.0,57546.3,0.0,0.9999999999879676,21.611842105263158,38648.2094368341,5.552511415525114,0.18756366992815,1.1593073188787515
6598,1,1995-01-18,300.0,47220.13401360544,19532.468493474174,147,532,747246.1,707829.8,46945.11212121212,0.0,39416.1,0.0,0.0006723801045326168,17.5,42699.77714285714,8.4,0.13292809420716625,0.9941757492205372
5464,1,1995-01-30,900.0,59701.78666666667,24705.82136034003,90,429,758891.5,686391.0,48395.01176470588,0.0,72500.4,0.0,0.9999999999867717,14.11184210526316,53776.926806526804,6.377622377622377,0.14846515917950048,0.8106124533056925
6591,0,1995-02-02,500.0,21368.909933774834,5923.774708486194,151,550,197615.9,179743.4,19438.25,0.0,17887.1,0.0,0.99999999994897,18.092105263157897,10922.769745454543,8.346181818181817,0.039733511711466024,0.9096509859953211
5724,0,1995-02-05,800.0,18632.93381294964,6901.260790646524,139,683,275514.7,262702.8,18521.658333333333,0.0,12826.4,0.0,0.9999999999634804,22.467105263157897,12263.026178623719,6.186822840409955,0.42966555880700935,0.9940280209937068
6315,1,1995-02-06,800.0,68377.06376811593,22291.65403318662,69,363,505169.9,473819.8,65446.024000000005,0.0,31349.9,0.0,0.0033892222731037457,11.94078947368421,42306.23955922865,5.7785123966942145,0.0850229194706369,0.957134167275343
5876,0,1995-02-08,1100.0,37596.9323943662,18388.528003099997,71,389,437805.6,406491.0,37635.814999999995,0.0,31314.7,0.0,0.002523074664602568,12.796052631578949,34214.113727506425,5.548586118251928,0.13473971692992867,1.0010341959608724
6986,0,1995-02-11,-669.7,30491.098245614037,24000.12499806356,57,271,249499.7,223011.2,11812.682142857142,3.0,26488.7,12.2,0.9999999999596346,8.914473684210527,27988.158228782286,6.394095940959409,0.1129406219956233,0.38741412473334524
6294,0,1995-02-12,700.0,43846.97789473684,11483.013284673825,95,443,381737.6,350466.0,47845.107407407406,0.0,31271.6,0.0,0.9999999999736325,14.572368421052632,26195.988803611737,6.519187358916478,0.050847479340343796,1.0911836959746009
5132,0,1995-02-17,200.0,33687.85862068966,13408.02036465337,58,336,258133.6,234862.6,27859.75909090909,0.0,23271.0,0.0,0.9999999999610677,11.052631578947368,23354.944761904764,5.247619047619048,0.3842869288561381,0.8269970316703013
5877,1,1995-02-23,1000.0,22360.536607142858,7476.937792262856,112,531,230279.8,210800.2,24754.859259259258,0.0,19479.6,0.0,0.9999999999563134,17.467105263157894,13183.626967984934,6.412052730696799,0.30727507739445914,1.1070780492933598
6227,1,1995-03-04,400.0,45582.448936170214,11726.617607165179,94,557,398113.6,364384.39999999997,46126.229999999996,0.0,33729.1,0.0,0.9999999999746785,18.322368421052634,21728.282657091557,5.130341113105924,0.0541690302005606,1.0119296147179795
7241,1,1995-03-04,-517.7,56053.9975,28355.36015800731,160,571,920743.1,896438.7999999999,25496.136363636364,1.0,24304.3,5.0,0.9999999999890508,18.782894736842106,49020.2981436077,8.518388791593695,0.14363437729278294,0.45484956463788095
6737,1,1995-03-11,1000.0,62933.474825174824,21005.680291887616,143,545,719837.3,692645.8,56141.305882352935,0.0,27191.2,0.0,0.0022489977903280586,17.92763157894737,40152.392513761464,7.976513761467889,0.07957184613866425,0.8920738292202863
7004,0,1995-03-15,900.0,36941.99831932773,11038.409511529931,119,571,459626.39999999997,411634.4,44551.04285714286,0.0,47992.1,0.0,0.9999999999781167,18.782894736842106,24470.4773380035,6.33555166374781,0.22582313869127918,1.2059727375867053
6169,0,1995-03-16,500.0,28250.109174311925,9371.387579711678,109,604,227466.7,197239.0,21104.491304347826,0.0,30227.6,0.0,0.9999999999556192,19.86842105263158,11448.65509933775,5.486092715231788,0.15093475901729358,0.7470587517611345
5208,0,1995-03-16,-974.6,46341.29351851852,28762.206936050658,108,646,649189.6,616222.6,26197.672000000002,2.0,32966.8,0.4,0.9999999999845313,21.25,30550.09882352941,5.08235294117647,0.06798668676385579,0.5653202577066154
6694,1,1995-03-19,900.0,44005.112727272724,25288.200975246633,55,288,264674.3,248455.6,29014.714285714286,0.0,16218.7,0.0,0.9999999999617996,9.473684210526317,27937.842777777772,5.805555555555555,0.20101766777987898,0.6593487092952852
5599,1,1995-03-21,1000.0,24577.2,7049.350987979909,151,667,253168.6,221301.2,24787.429629629627,0.0,31867.2,0.0,0.9999999999601588,21.940789473684212,11538.7188005997,6.882158920539729,0.11136418358852572,1.0085538474498352
6546,1,1995-03-27,600.0,31139.747863247863,9913.02291629028,117,568,319027.3,286224.4,25991.15769230769,0.0,32802.7,0.0,0.9999999999684066,18.68421052631579,17074.70056338028,6.261971830985915,0.07742449094896682,0.8346617897518905
5414,0,1995-03-29,700.0,50113.194117647065,31588.379961912357,34,375,250010.1,167625.0,69332.42857142857,0.0,82385.2,0.0,0.9999999999596573,12.335526315789474,20267.48544,2.7562666666666664,0.19114359349398224,1.383516452669665
5453,1,1995-04-01,500.0,22927.502666666667,6686.145590252044,75,400,135886.9,112615.40000000001,19649.358333333334,0.0,23286.1,0.0,0.9999999999257501,13.157894736842106,10327.4044,5.699999999999999,0.4214030774069397,0.8570213080088525
5740,1,1995-04-02,200.0,35538.04615384615,14265.870341694039,13,128,77465.7,34200.0,42773.34444444444,0.0,43265.7,0.0,0.9999999998701475,4.2105263157894735,18398.103750000002,3.0875000000000004,0.08408475243863936,1.2035930238606913
5804,0,1995-04-05,600.0,49916.09102564103,23319.33818504641,156,518,678171.0,659291.4,21258.042307692307,0.0,18894.0,0.0,0.9999999999851833,17.039473684210527,39799.99691119691,9.155212355212354,0.08321608683934535,0.42587554166678765
6745,1,1995-04-10,400.0,68740.02335329342,30916.763221258978,167,516,1189194.4,1126736.0,85916.6303030303,0.0,62458.3,0.0,0.9999999999915377,16.973684210526315,70061.06542635658,9.838759689922481,0.028132601006338603,1.2498778164353814
6950,1,1995-04-11,400.0,57357.84345549738,27075.74205832393,191,691,1155020.5,1133219.2,25018.611764705885,0.0,25947.2,0.0,0.9999999999913078,22.730263157894736,50814.215918958034,8.402894356005788,0.08586179910952066,0.4361846654809363
6996,1,1995-04-13,400.0,47118.99318181818,17179.81146303782,132,693,795503.6,746782.8,43536.94375,0.0,48720.6,0.0,0.0005053057099481392,22.79605263157895,34896.55041847042,5.79047619047619,0.15116107280610694,0.9239786506635252
5352,1,1995-04-15,800.0,31793.735714285714,12297.15509867766,14,167,62746.2,38800.0,27057.933333333334,0.0,23946.1,0.0,0.9999999998389071,5.493421052631579,11422.062754491018,2.5485029940119763,0.49903420402488036,0.851046054102572
6151,0,1995-04-25,200.0,31185.156862745098,9614.3623318295,51,312,155236.5,122833.0,29055.644444444442,0.0,32403.4,0.0,0.9999999999351447,10.263157894736842,15125.607692307693,4.969230769230769,0.2483867143682961,0.9317139100184618
5310,1,1995-04-28,600.0,36063.78833333333,10761.578895609015,120,503,347756.2,306647.6,29970.004,0.0,41108.6,0.0,0.9999999999710343,16.54605263157895,21017.47212723658,7.25248508946322,0.3279652260267636,0.83102761458892
5045,1,1995-05-01,-243.3,42084.31136363636,22038.48158908669,88,504,502143.6,451311.4,33400.288888888885,1.0,50832.1,0.2,0.9999999999799792,16.578947368421055,30288.02666666666,5.307936507936507,0.2575605232812921,0.7936517861098336
6929,1,1995-05-08,800.0,57977.034810126584,25051.25763785537,158,671,949476.7,903996.0,36501.705882352944,0.0,45480.6,0.0,0.9999999999894085,22.072368421052634,43016.53007451564,7.158271236959761,0.0705077790802975,0.629589043240988
5151,0,1995-05-24,200.0,72242.89666666667,24683.06321415813,30,203,301974.5,233029.0,76755.18947368422,0.0,68945.6,0.0,0.0006660405884912835,6.677631578947369,45221.79704433497,4.4926108374384235,0.06967878778045916,1.062460020356229
5212,1,1995-05-29,700.0,34577.3023255814,9923.171541124484,86,403,226245.7,194848.8,35211.495652173915,0.0,31397.0,0.0,0.9999999999554978,13.256578947368421,17066.673151364765,6.4873449131513645,0.1156640184842062,1.018341318545834
5138,0,1995-05-30,700.0,30847.14932432432,6554.760512834303,148,616,232489.30000000002,205694.0,25941.308695652173,0.0,29638.3,0.0,0.9999999999565613,20.263157894736842,11473.497922077922,7.303896103896104,0.15836495642013246,0.8409629173346884
5713,0,1995-05-30,900.0,24908.761445783133,8944.715311238842,166,672,395880.6,376698.2,22102.212499999998,0.0,19182.3,0.0,0.05209431866851764,22.105263157894736,17908.884285714284,7.5095238095238095,0.14774789742950126,0.8873268363517315
6704,0,1995-06-01,200.0,58445.02702702703,25817.73541355227,74,558,432097.1,351118.4,77032.49090909092,0.0,80978.7,0.0,0.9999999999766638,18.355263157894736,23540.773906810035,4.031541218637993,0.2952749142642425,1.3180332838290598
6474,0,1995-06-06,700.0,29108.363865546216,6107.706916241164,119,638,202133.0,176497.6,29369.75294117647,0.0,25635.0,0.0,0.9999999999499194,20.986842105263158,9631.415673981192,5.670219435736677,0.10964120277316257,1.008979861140524
6676,1,1995-06-13,200.0,27626.083333333332,13131.977125726578,12,125,60620.2,22700.0,33280.555555555555,0.0,37920.3,0.0,0.9999999998342257,4.111842105263158,14742.832639999997,2.9183999999999997,0.08417649643469298,1.2046787502212741
6965,1,1995-06-13,800.0,63889.87393939393,30644.157075754654,165,576,1210717.2,1174244.2,92492.60800000001,0.0,36472.9,0.0,0.9999999999917117,18.947368421052634,63898.963333333326,8.708333333333332,0.0909873915913314,1.4476880651425577
6725,1,1995-06-23,700.0,35566.88108108108,9992.57311449955,148,643,412238.9,376948.6,33367.16521739131,0.0,35289.8,0.0,0.9999999999754503,21.151315789473685,19489.988429237947,6.997200622083981,0.3781428615505205,0.9381526913181772
7166,1,1995-06-24,300.0,30953.14375,13022.421614480605,16,160,78047.2,42703.0,38053.13,0.0,35344.2,0.0,0.999999999871192,5.2631578947368425,14828.967999999999,3.0399999999999996,0.5570178581833761,1.2293785178995336
7138,0,1995-07-03,400.0,24643.283941605838,5853.928886719555,137,658,184336.5,167458.2,23706.421739130434,0.0,16893.2,0.0,0.9999999999451509,21.644736842105264,8516.458358662614,6.329483282674772,0.11741970156040761,0.9619830614168469
5970,0,1995-07-09,300.0,27778.74563106796,13613.100566191757,103,541,460422.3,423269.8,24360.70588235294,0.0,37152.4,0.0,0.9999999999781953,17.79605263157895,25872.158817005544,5.787800369685766,0.3744952272744458,0.8769548559578657
6157,1,1995-07-10,900.0,54128.56538461538,19656.29438137193,26,183,162431.9,118560.0,64255.1875,0.0,62671.9,0.0,0.005585725368156045,6.019736842105264,26983.222732240432,4.319125683060109,0.152242748734724,1.1870846203212324
6153,0,1995-07-25,1100.0,49651.8918367347,26473.42182373544,49,252,269184.3,240990.0,50368.90454545455,0.0,28194.4,0.0,0.9999999999626843,8.289473684210527,32473.02666666666,5.9111111111111105,0.1465831949511585,1.0144407931309671
5693,1,1995-08-01,1000.0,36548.81875,11906.808161813045,32,236,128071.3,83702.8,39691.455555555556,0.0,44368.6,0.0,0.9999999999212738,7.7631578947368425,16497.32,4.122033898305085,0.11135141943579235,1.085984633763183
5922,1,1995-08-05,500.0,41077.635294117645,25420.727566030233,51,343,263406.0,232102.6,25062.65263157895,0.0,31317.9,0.0,0.9999999999618104,11.282894736842106,23345.60466472303,4.520116618075801,0.07217632712783828,0.6101289045980369
5959,1,1995-08-11,600.0,50214.50434782609,22727.670225229824,23,179,233781.09999999998,168455.6,54416.926666666666,0.0,65325.4,0.0,0.002575958578475464,5.8881578947368425,39703.60581005586,3.906145251396648,0.11296203222263629,1.0836894113082212
5980,1,1995-08-18,1000.0,30812.94615384615,7990.971151238132,78,440,193524.1,168742.0,30654.81111111111,0.0,24782.0,0.0,0.07927732459478454,14.473684210526317,13370.756,5.389090909090909,0.13335072442175244,0.9948679022157062
6764,0,1995-08-26,600.0,38587.76,9896.492445941623,70,367,183167.9,138702.2,41345.4,0.0,44465.4,0.0,0.9999999999445468,12.072368421052632,15172.49089918256,5.798365122615803,0.046663399189879266,1.0714641116583434
5237,1,1995-08-29,800.0,48152.95333333333,11574.102240004077,90,489,361660.3,321820.6,49726.73809523809,0.0,40939.5,0.0,0.9999999999721441,16.085526315789476,22483.585112474433,5.595092024539876,0.084016850057946,1.032683036919534
6726,0,1995-09-03,1000.0,30461.404166666664,7824.866629042196,96,431,181800.0,142433.0,38265.67,0.0,39366.8,0.0,0.9999999999441123,14.17763157894737,12823.016241299303,6.771229698375869,0.11159620887597352,1.2562017751404704
6933,0,1995-09-09,400.0,42203.17272727273,20050.27841673887,22,160,131401.4,107821.6,46644.62857142858,0.0,23579.7,0.0,0.005367357266223423,5.2631578947368425,24966.265999999996,4.18,0.15745245998842902,1.1052398562971846
5145,0,1995-09-16,700.0,56105.5,21979.384405419012,35,241,330907.3,279107.8,53453.36111111111,0.0,51799.4,0.0,0.002123792851248827,7.927631578947369,41741.00381742738,4.414937759336099,0.15450035717067398,0.9527294311891671
7008,1,1995-09-22,300.0,39063.76666666666,14039.273386590507,36,202,139338.2,110200.2,41395.696,0.0,29138.1,0.0,0.01952164733641426,6.644736842105264,20969.709306930694,5.417821782178217,0.1437311292420507,1.0596954549374327
7227,0,1995-10-02,500.0,63527.42,28698.379826165863,130,484,1011187.1,960700.0,83352.93939393939,0.0,50517.0,0.0,0.9999999999900728,15.921052631578949,63512.57818181818,8.165289256198346,0.08253483245741211,1.3120781448517602
6600,1,1995-10-08,700.0,38509.05,15001.855573002804,18,169,104539.9,61640.6,46398.91818181818,0.0,42899.4,0.0,0.999999999903754,5.559210526315789,18804.810414201183,3.237869822485207,0.03227897470419647,1.2048834798513424
6712,0,1995-10-14,900.0,34922.881250000006,11836.447603426754,144,522,420932.3,382772.2,36739.03793103449,0.0,38159.6,0.0,0.9999999999760218,17.17105263157895,24514.064980842908,8.386206896551723,0.18099813318017297,1.052004777541499
7057,1,1995-10-20,800.0,45873.61666666667,20926.369442514395,126,476,692989.9,653115.0,41032.62962962963,0.0,39874.7,0.0,0.005505570768237123,15.657894736842106,44258.17848739496,8.047058823529412,0.145419450562766,0.8944712146600949
7176,1,1995-10-28,200.0,50676.8198757764,20993.62804538802,161,689,1042331.3,972480.2,56046.94545454546,0.0,69850.9,0.0,0.018219238165754395,22.664473684210527,45989.65387518142,7.103628447024673,0.15705706370465558,1.1059680852285743
7304,0,1995-10-29,200.0,59352.833333333336,27879.396856671145,18,156,232190.5,207486.0,63637.333333333336,0.0,24704.4,0.0,0.002160443150005598,5.131578947368421,45247.37948717949,3.5076923076923077,0.15466089037125835,1.0721869496139436
6362,1,1995-10-31,800.0,42164.027631578945,12938.940496291016,76,460,307505.7,261392.0,52225.12142857142,0.0,46113.5,0.0,0.0065517060640445084,15.131578947368421,20322.115826086956,5.022608695652174,0.15544641244443713,1.2386179487528604
5880,1,1995-10-31,900.0,55315.16842105263,32965.14577809675,19,188,192453.1,125000.0,57075.32857142857,0.0,67453.1,0.0,0.9999999999477374,6.184210526315789,31120.075744680853,3.072340425531915,0.06590600923236839,1.0318205691187559
6535,1,1995-11-02,500.0,41502.025714285715,13263.348751707794,105,425,321582.8,296910.0,40944.36923076923,0.0,24687.4,0.0,0.014101101765642787,13.980263157894738,23002.628517647056,7.510588235294117,0.15198263084578043,0.9865631500201648
5449,1,1995-11-04,300.0,27019.571153846155,7892.721828749214,52,330,128469.8,97645.6,27903.433333333334,0.0,30838.7,0.0,0.9999999999214836,10.855263157894738,11834.793696969697,4.79030303030303,0.34973148687521927,1.0327119244094385
6342,1,1995-11-12,400.0,72667.63571428572,34206.987415175485,56,230,480580.3,413867.4,83874.09677419355,0.0,106112.8,0.0,0.9999999999791286,7.565789473684211,63520.178782608695,7.401739130434782,0.026306601016596005,1.1542152973357656
5409,0,1995-11-18,600.0,67475.90169491526,21927.679528674224,59,362,536797.8,498050.2,72519.18888888888,0.0,38747.5,0.0,0.0011233977539323902,11.907894736842106,45079.15226519337,4.954696132596685,0.06730383884502596,1.0747420494805517
6955,0,1995-11-22,200.0,75924.24097222222,25561.827684429158,144,488,1328954.3,1242760.0,76882.14545454545,0.0,86194.1,0.0,0.9999999999924502,16.05263157894737,82787.31704918032,8.970491803278687,0.06149492676952812,1.0126165827926752
6985,1,1995-11-22,500.0,36840.57361111111,11410.835423144199,72,356,249344.1,215290.0,33576.63478260869,0.0,34054.0,0.0,0.00484394426215249,11.710526315789474,21292.305168539326,6.148314606741573,0.1484573874690654,0.9114036911566422
5125,0,1995-11-23,500.0,23255.149019607845,6550.595429955129,51,290,73128.7,51583.0,22379.054545454546,0.0,21545.7,0.0,0.9999999998616222,9.539473684210527,7665.9051034482745,5.346206896551723,0.19854146085502153,0.9623268600412804
5805,1,1995-11-28,600.0,26886.191666666666,11982.10175488715,12,129,55759.8,20600.0,32186.477777777778,0.0,35159.7,0.0,0.9999999998198587,4.243421052631579,13140.293953488374,2.827906976744186,0.4372809326766843,1.1971378529489172
6185,1,1995-11-28,700.0,46304.15217391304,15340.950971615734,23,173,129137.7,78490.6,52665.54,0.0,50647.1,0.0,0.9999999999219835,5.690789473684211,22692.405086705203,4.041618497109827,0.057243822083389774,1.137382664751543
7243,1,1995-12-04,400.0,49107.066666666666,18394.513784863888,57,309,382143.0,339863.6,51617.4,0.0,42293.9,0.0,0.0010515108896820096,10.164473684210527,37595.94563106796,5.607766990291261,0.16044283225611805,1.051119594250294
6403,0,1995-12-05,300.0,36421.425663716815,13195.884796079004,113,552,478122.4,447115.4,39420.73333333333,0.0,31007.0,0.0,0.0006312294455778963,18.157894736842106,26331.37855072464,6.223188405797101,0.15418866090269254,1.0823500893810682
6578,1,1995-12-11,500.0,30639.86315789474,16237.333801572568,76,519,286194.4,267814.0,31260.063157894736,0.0,18380.5,0.0,0.9999999999647113,17.072368421052634,16763.60262042389,4.4516377649325625,0.13911090899802794,1.020241604428895
5413,1,1995-12-12,300.0,50436.46605504587,26490.316135252076,109,569,666916.9,645385.0,73305.03846153847,0.0,21531.8,0.0,0.9999999999849359,18.717105263157897,35631.41258347979,5.823550087873461,0.10872428899181238,1.4534134561886218
6949,1,1995-12-12,300.0,52379.128703703704,25655.51365409269,108,569,664119.3,634004.0,75969.588,0.0,30115.3,0.0,0.9999999999848721,18.717105263157897,35481.94502636204,5.770123022847099,0.12296394674893893,1.4503789938018659
6545,0,1995-12-12,400.0,53685.786206896555,26747.651934377307,87,272,566208.9,487687.8,61328.52121212121,0.0,78521.0,0.0,0.9999999999822848,8.947368421052632,63282.17117647059,9.723529411764705,0.05053556064909031,1.1423604930427422
6178,0,1995-12-16,600.0,63188.63333333333,26204.030675466118,27,164,197022.6,155779.0,70566.32777777777,0.0,41243.5,0.0,0.9999999999488964,5.394736842105264,36521.26243902439,5.004878048780487,0.1326624457947627,1.1167566703707292
5160,0,1995-12-18,400.0,37809.39846153846,12656.782825432134,65,366,269311.0,231318.2,30598.640909090907,0.0,45077.7,0.0,0.009337486647045338,12.039473684210527,22369.00109289617,5.398907103825136,0.15199605849005898,0.8092866362876534
6785,0,1995-12-25,500.0,51145.515748031496,22705.18278242659,127,476,624607.4,605600.0,49732.78695652174,0.0,19007.0,0.0,0.9999999999838597,15.657894736842106,39890.89277310924,8.110924369747899,0.05236784273939671,0.9723782470355103
6540,0,1995-12-31,400.0,58185.58928571428,20963.728475446504,56,348,467021.0,431533.0,59041.13157894737,0.0,35488.1,0.0,0.0008605611288655747,11.447368421052632,40797.236781609194,4.8919540229885055,0.15809894265502258,1.014703679959053
6589,1,1996-01-01,700.0,54137.10561797753,23400.63444036177,89,267,559759.2,471127.0,50652.06896551724,0.0,88662.1,0.0,0.999999999982074,8.782894736842106,63732.8826966292,10.133333333333333,0.1240176132685406,0.9356257298569123
5900,0,1996-01-01,200.0,64881.31428571429,30587.603643206054,77,363,603340.4,548471.4,80129.05,0.0,54883.5,0.0,0.9999999999833523,11.94078947368421,50527.6808815427,6.448484848484848,0.055810992118421374,1.2350096614071349
5999,0,1996-01-03,500.0,31814.268361581922,12078.55101973188,177,696,401400.3,374230.4,29266.028,0.0,27184.4,0.0,0.9999999999748823,22.894736842105264,17532.426896551722,7.731034482758621,0.1174395313880116,0.9199025939613266
6043,0,1996-01-11,400.0,31814.41458333333,9092.645216549368,48,283,97274.6,75993.0,30707.647619047617,0.0,21281.5,0.0,0.9999999998958984,9.30921052631579,10449.285653710249,5.156183745583039,0.04057693641896756,0.96521177622053
5482,0,1996-01-12,1100.0,24377.37155172414,6878.836566414742,116,601,197974.4,175229.0,21778.436842105264,0.0,22745.4,0.0,0.9999999999490148,19.769736842105264,10014.012911813643,5.867554076539101,0.27481490402366926,0.8933874099987233
7263,1,1996-01-19,800.0,62571.28275862069,27471.97500043153,29,154,215539.5,176460.0,72420.6,0.0,39079.5,0.0,0.9999999999533665,5.065789473684211,42548.05714285714,5.724675324675324,0.0880181199941939,1.157409546289799
6013,0,1996-02-03,-36.1,34740.70243902439,17311.11971554469,82,551,314909.5,305229.1,22780.872727272726,1.0,9680.2,0.1,0.9999999999679801,18.125,17374.31724137931,4.524137931034483,0.20622393088370441,0.6557401296274731
5750,1,1996-02-08,13097.7,49291.82256097561,18482.29894648273,164,672,800390.9,750681.8,36498.00740740741,0.0,49709.2,0.0,0.006159648020035706,22.105263157894736,36208.15976190476,7.419047619047619,0.14557492104555841,0.7404475124622079
6027,1,1996-02-10,400.0,44763.458333333336,24849.149080234965,12,167,125895.5,66200.0,55290.5625,0.0,59695.5,0.0,0.9999999999202679,5.493421052631579,22917.50419161677,2.184431137724551,0.11209772134867828,1.235171824212605
6303,1,1996-02-12,700.0,45099.26153846154,19929.621714110985,13,126,109163.9,72800.0,40138.12857142858,0.0,36363.9,0.0,0.9999999999077694,4.144736842105264,26337.95682539682,3.136507936507936,0.11454950810555325,0.8899952503279468
7213,0,1996-02-13,700.0,33990.41971830986,12325.831191185674,71,358,235792.1,222405.2,27106.06071428571,0.0,13386.8,0.0,0.03073140749715174,11.776315789473685,20022.56938547486,6.029050279329608,0.15752224091243805,0.7974617827890392
6659,0,1996-02-20,1000.0,20158.001470588235,8426.832211799325,68,405,138828.1,123420.8,14942.304999999998,0.0,15407.2,0.0,0.9999999999274501,13.322368421052632,10420.677135802469,5.104197530864197,0.08972545516167588,0.7412592470731362
6175,0,1996-02-21,-2825.2,59647.424000000006,31590.330595889613,100,392,719516.0,707941.1,16704.379999999997,3.0,11574.8,9.9,0.999999999986044,12.894736842105264,55799.2,7.755102040816326,0.0868292018367953,0.28005199348088317
5610,0,1996-02-24,700.0,70622.83359375,28089.524636349874,128,561,815518.9,737938.0,73090.44444444444,0.0,77580.8,0.0,0.9999999999876752,18.453947368421055,44192.11151515151,6.936185383244206,0.05808729004811224,1.0349406943162276
5563,0,1996-02-29,1100.0,64777.0752293578,27227.866078850297,109,579,878170.5,853620.8,47981.485,0.0,24549.6,0.0,0.999999999988562,19.04605263157895,46107.74300518134,5.722970639032815,0.13741726629112644,0.7407170642191484
5989,0,1996-03-04,400.0,27951.91355932203,7864.495893274421,59,326,123704.3,96377.6,26495.970370370367,0.0,27341.3,0.0,0.9999999999183673,10.723684210526317,11535.615705521472,5.501840490797545,0.513626679850973,0.9479125750964829
6698,0,1996-03-10,200.0,60054.734000000004,23168.339445014884,50,215,329077.8,276526.0,62928.67999999999,0.0,52551.7,0.0,0.9999999999693743,7.072368421052632,46530.07032558139,7.069767441860465,0.11091751984852255,1.0478554444937085
5312,0,1996-03-13,1100.0,57124.26835443038,23297.66357464454,79,387,678389.7,596766.0,48179.80454545454,0.0,81623.6,0.0,0.0016274958017765228,12.730263157894738,53289.52682170542,6.205684754521963,0.10570557358840274,0.8434209474349207
7189,0,1996-03-21,1000.0,31791.328089887644,10868.943277490947,89,454,314688.7,277508.0,27462.772727272728,0.0,37180.5,0.0,0.011506560337157988,14.93421052631579,21071.66625550661,5.959471365638766,0.15290674972744192,0.8638447768204369
6816,0,1996-03-26,700.0,28124.933333333334,9838.648370404879,18,125,60087.1,28700.0,30944.32,0.0,31387.1,0.0,0.0521218642726273,4.111842105263158,14613.182719999997,4.377599999999999,0.14288468423196132,1.1002450964860675
6137,1,1996-04-10,900.0,49477.32123287671,22661.883780456672,146,636,1079599.8,999160.0,56772.66086956522,0.0,80439.7,0.0,0.002230742418940576,20.92105263157895,51603.51245283019,6.978616352201257,0.07206873762088929,1.1474481528795137
5128,0,1996-04-11,-3424.6,21447.624590163938,13056.987306542755,61,303,165167.3,156526.6,11343.744,2.0,8640.6,13.6,0.9999999999388417,9.967105263157896,16571.240660066003,6.12013201320132,0.2710720391692983,0.5289044456658988
5470,0,1996-04-15,600.0,47938.065714285716,18916.939576271827,35,219,216791.3,169359.8,46282.94285714286,0.0,47431.4,0.0,0.007897646500975701,7.203947368421053,30093.40420091324,4.858447488584474,0.13913347824177377,0.9654737244372301
5593,0,1996-04-18,1000.0,46487.002564102564,28041.875079726327,117,693,632945.0,621331.0,4961.766666666666,0.0,11614.0,0.0,0.9999999999841148,22.79605263157895,27765.552669552668,5.132467532467532,0.278006351578389,0.10673449334052817
5350,0,1996-04-21,900.0,35914.854999999996,23021.04106123776,60,433,327590.7,272164.0,26425.517647058823,0.0,55426.5,0.0,0.9999999999692748,14.243421052631579,22999.439445727483,4.212471131639723,0.22583159080890353,0.7357823841889658
6063,0,1996-04-25,1000.0,49482.968,27435.703120029266,50,251,400580.1,354117.8,42887.938095238096,0.0,46462.2,0.0,0.0025121272944511595,8.256578947368421,48516.474262948206,6.055776892430279,0.13782947133338033,0.866721213783516
6501,1,1996-04-29,1000.0,31318.872826086954,12216.3463270595,92,388,243755.4,218824.8,26835.837499999998,0.0,24930.3,0.0,0.11447909920347285,12.763157894736842,19098.3612371134,7.2082474226804125,0.13210557530852737,0.8568583435441709
5452,0,1996-04-29,300.0,47798.865454545456,12804.463916870107,110,464,327632.7,282611.0,41279.00357142858,0.0,45021.6,0.0,0.9999999999692527,15.263157894736842,21465.59068965517,7.206896551724138,0.038387017228146296,0.8635979781161761
4961,1,1996-04-29,715.0,25197.0925,15039.248404932323,80,388,242179.2,226324.8,15123.228571428572,0.0,15854.0,0.0,0.11447909920347285,12.763157894736842,18974.865154639174,6.268041237113402,0.13296537172247028,0.6001973666377023
4973,1,1996-05-02,700.0,52523.2448,20955.646998372446,125,561,813241.8,789552.4,41550.151999999995,0.0,23703.8,0.0,0.0008644590030211056,18.453947368421055,44068.71786096256,6.77361853832442,0.15691402732087154,0.7910812089067502
6190,0,1996-05-06,300.0,39514.67755102041,23277.873093332153,49,297,231224.8,215719.2,14827.5,0.0,15505.6,0.0,0.9999999999564984,9.769736842105264,23667.454276094275,5.015488215488215,0.08703935687795308,0.3752403136050568
6715,0,1996-05-06,1100.0,36907.45625,14352.078379313041,128,521,418400.0,391970.8,27952.01923076923,0.0,26428.9,0.0,0.011861994170389993,17.138157894736842,24413.35892514395,7.468714011516314,0.15061426040424203,0.7573542601759687
5892,1,1996-05-14,900.0,34798.28,21490.62646296442,10,139,85491.2,50600.0,43168.97142857143,0.0,34891.2,0.0,0.999999999882534,4.572368421052632,18697.35597122302,2.18705035971223,0.14814928927821647,1.2405489988633327
6550,0,1996-05-18,500.0,60781.306818181816,21161.10823723557,88,465,645092.7,575944.0,56550.86190476191,0.0,69148.6,0.0,0.0007792385903764153,15.296052631578949,42173.80232258064,5.753118279569892,0.15836845697074495,0.9303989146633743
5706,0,1996-05-24,500.0,33219.9,19260.546243938243,130,633,459573.5,430202.0,30137.63125,0.0,29371.5,0.0,0.9999999999781238,20.822368421052634,22071.144391785147,6.243285939968404,0.20325180780554206,0.9072161939357984
5148,0,1996-05-29,300.0,64182.6414893617,20167.802429516258,94,561,742462.2,647844.8,68165.94705882354,0.0,94617.3,0.0,0.00040643632564753523,18.453947368421055,40233.24577540106,5.0937611408199635,0.1177633051350587,1.062062038370631
6734,0,1996-05-30,300.0,61799.24361702128,26512.878935391018,94,318,679597.9,591266.0,66464.32962962963,0.0,88331.6,0.0,0.9999999999852043,10.460526315789474,64967.84955974843,8.986163522012578,0.07397505122653561,1.0754877524191666
6109,0,1996-06-03,1100.0,60030.743406593414,28681.80838333561,182,590,1106097.9,1000385.2,77536.709375,0.0,105727.0,0.0,0.9999999999909219,19.407894736842106,56992.16298305084,9.377627118644067,0.10787448093081915,1.291616677756612
6961,0,1996-06-06,1100.0,47154.5,21431.237856261745,13,135,141192.7,87600.0,57236.73333333333,0.0,53592.6,0.0,0.007822277846752882,4.440789473684211,31794.504296296298,2.9274074074074075,0.15389452066503942,1.2138127500279974
6810,0,1996-06-08,700.0,61578.30157894737,27339.88746857486,190,645,1146007.0,1125003.0,26700.425,0.0,21033.8,0.0,0.9999999999912021,21.217105263157897,54013.353178294565,8.955038759689922,0.07188963044867022,0.4336011924822628
5494,0,1996-06-13,600.0,51149.655147058824,26193.21138092937,136,578,1045406.1,980640.6,60433.739130434784,0.0,64765.2,7.6,0.012426584413475557,19.013157894736842,54983.296608996534,7.152941176470588,0.13640506228593025,1.181508241744123
5311,0,1996-06-15,500.0,37213.40752688172,11270.503745870139,186,651,476146.8,427623.2,28989.244827586204,0.0,48523.3,0.0,0.9999999999788356,21.414473684210527,22234.812165898617,8.685714285714285,0.022532234409565106,0.7790000095759934
5445,1,1996-06-29,900.0,43657.81348314606,20752.088935048898,178,544,729496.5,705943.6,25486.919230769232,0.0,26652.7,0.0,0.9999999999862381,17.894736842105264,40765.98088235294,9.947058823529412,0.04734339657118462,0.5837882658683875
5301,0,1996-07-06,800.0,32592.68,17970.97897715462,10,114,68439.8,21200.0,38137.475,0.0,47239.7,0.0,0.9999999998531441,3.75,18250.613333333335,2.6666666666666665,0.2160475336266064,1.170123935444976
7034,0,1996-07-11,600.0,43121.75507246377,10532.784888113652,69,410,252799.0,202631.4,42942.64705882353,0.0,50167.6,0.0,0.999999999960112,13.48684210526316,18744.120975609752,5.116097560975609,0.028222182326187725,0.9958464579352644
6751,0,1996-07-14,800.0,31337.257894736842,12288.06300721313,19,153,86717.0,50200.0,37477.75833333333,0.0,36516.9,0.0,0.08606852914861143,5.032894736842105,17230.044444444444,3.7751633986928104,0.13818884833961223,1.1959488748908151
6667,1,1996-07-15,1000.0,63263.1471830986,26666.145799399845,142,641,891122.4,846557.6,67245.40952380953,0.0,44564.6,0.0,0.9999999999887238,21.085526315789476,42262.27918876755,6.734477379095163,0.15368314542272501,1.0629475849273802
6130,0,1996-07-18,300.0,25906.40934579439,7545.466318441954,107,482,157742.7,138942.6,27058.766666666666,0.0,18800.0,0.0,0.999999999935939,15.855263157894738,9948.917178423237,6.748547717842323,0.0683491466580164,1.0444815526168059
5429,0,1996-07-18,200.0,52636.598958333336,15288.688964738765,96,523,440905.8,375221.2,63391.78947368421,0.0,65684.6,0.0,0.9999999999771507,17.203947368421055,25628.17652007648,5.580114722753345,0.021889969399173866,1.2043291306077981
5725,0,1996-07-23,800.0,32404.7734375,11798.830196336487,64,343,226733.7,184989.6,32323.752380952385,0.0,41743.9,0.0,0.999999999955633,11.282894736842106,20095.34833819242,5.672303206997084,0.46120126107859477,0.9974997181610025
6019,1,1996-07-25,300.0,27533.66363636364,6234.415407995346,77,357,107628.6,79808.2,29255.977777777778,0.0,27820.2,0.0,0.9999999999060397,11.743421052631579,9165.01243697479,6.556862745098039,0.10365506926437164,1.0625530315738279
6421,0,1996-07-25,900.0,51611.34242424242,22929.24381405384,66,364,455757.7,418361.2,48049.044444444444,0.0,37396.4,0.0,0.9999999999779484,11.973684210526317,38063.28043956044,5.512087912087912,0.07061924164844392,0.9309783892109244
6992,0,1996-07-27,200.0,46772.315189873414,22590.104308053575,79,261,409989.8,375260.2,41212.23846153846,0.0,34729.5,0.0,0.9999999999755325,8.585526315789474,47753.60122605364,9.201532567049808,0.05844585387819535,0.8811246200968472
5136,1,1996-07-28,300.0,66292.372,34581.40134837078,25,141,288707.0,201829.2,77149.27894736842,0.0,133377.7,0.0,0.9999999999652573,4.6381578947368425,62246.04822695035,5.390070921985815,0.1252448986050195,1.1637730949758547
5337,0,1996-07-31,700.0,51279.55333333334,24180.888923925817,15,148,150438.8,75800.0,64255.200000000004,0.0,74638.8,0.0,0.004678581453790414,4.868421052631579,30900.9427027027,3.081081081081081,0.14604732425023412,1.2530374352091267
5495,0,1996-08-02,500.0,39644.76363636364,10748.387757632041,44,267,123335.6,81813.0,44671.98333333333,0.0,41522.6,0.0,0.9999999999179789,8.782894736842106,14042.70501872659,5.009737827715355,0.10603370197935606,1.1268066504775542
7013,0,1996-08-02,500.0,40005.48181818182,10876.871704682686,44,267,123340.5,81113.0,45196.50555555555,0.0,42227.6,0.0,0.9999999999179789,8.782894736842106,14043.262921348312,5.009737827715355,0.10602948953381443,1.129757810433792
6012,0,1996-08-03,600.0,40688.1375,17230.159617750694,16,205,96392.1,42500.0,43012.8875,0.0,53892.1,0.0,0.9999999998950814,6.74342105263158,14294.243121951218,2.372682926829268,0.5022301589339232,1.0571358172742273
6471,1,1996-08-04,500.0,45183.34952380953,13513.4703010347,105,412,324426.0,283931.4,49493.424000000006,0.0,40494.6,0.0,0.9999999999689799,13.55263157894737,23938.22912621359,7.74757281553398,0.2709055863363567,1.0953907691806992
6296,0,1996-08-06,700.0,47654.244827586204,18202.53979303858,87,437,568470.1,510635.0,38458.23181818182,0.0,57835.1,0.0,0.014839626041161597,14.375,39545.74608695652,6.052173913043478,0.14244262799314136,0.8070263614344122
7305,1,1996-08-06,1000.0,36480.18503401361,15469.988112964207,147,675,652932.4,627249.8,30656.454545454544,0.0,25697.2,0.0,0.0015400347431600893,22.203947368421055,29406.14068148148,6.620444444444444,0.15309727472344448,0.8403590746172835
6144,1,1996-08-09,800.0,53505.21538461538,28278.24506461626,39,164,333102.3,264860.8,55045.149999999994,0.0,68241.5,0.0,0.9999999999698913,5.394736842105264,61745.79219512194,7.229268292682926,0.059890720775192245,1.0287810187105533
6283,0,1996-08-11,800.0,65066.73529411765,26945.910380677462,85,494,697341.9,597403.0,66643.68333333333,0.0,99938.7,0.0,0.9999999999855755,16.25,42913.347692307696,5.230769230769231,0.041572147024643895,1.0242358560306604
7246,0,1996-08-20,400.0,32435.31935483871,15220.65126336407,31,201,129036.59999999999,113758.0,33213.229999999996,0.0,15278.6,0.0,0.12871518838218932,6.611842105263158,19515.983283582085,4.6885572139303475,0.12717780921734118,1.0239834430612875
5088,1,1996-08-22,400.0,44829.54415584415,13400.064096640634,77,465,383627.7,344249.0,49917.07142857143,0.0,39378.8,0.0,0.013381612090328987,15.296052631578949,25080.17651612903,5.033978494623655,0.15143434082464163,1.1134860359923866
5988,1,1996-08-22,200.0,45100.42222222222,32279.92216277436,18,200,171310.2,82600.0,61646.32727272727,0.0,88710.1,0.0,0.9999999999413687,6.578947368421053,26039.1504,2.7359999999999998,0.2266587007283238,1.3668680739907517
5282,0,1996-08-24,-2838.8,21371.32,21196.682131732654,120,646,458514.0,419816.8,28807.73157894737,5.0,38697.3,37.8,0.9999999999781155,21.25,21577.129411764705,5.647058823529412,0.37511940730334764,1.3479622019354793
5938,0,1996-08-25,200.0,21568.935185185186,7900.831741722059,54,315,90423.0,73191.0,16705.727272727272,0.0,17232.1,0.0,0.9999999998883978,10.361842105263158,8726.537142857143,5.211428571428572,0.7677730447530797,0.7745272133997824
5606,0,1996-08-28,300.0,37095.84482758621,24704.38501837544,29,213,171658.5,158340.0,28961.675,0.0,13318.4,0.0,0.9999999999414823,7.006578947368421,24499.61690140845,4.138967136150234,0.2874330658093202,0.7807255806357989
5385,0,1996-09-09,700.0,49220.9806451613,16380.59460647302,31,240,181884.69999999998,132235.8,56117.700000000004,0.0,49648.9,0.0,0.9999999999445508,7.894736842105264,23038.728666666662,3.9266666666666663,0.08615926806805027,1.140117471310794
6865,1,1996-09-11,800.0,28977.436363636363,11482.495155433136,11,119,67390.6,23600.0,32784.64444444444,0.0,43790.6,0.0,0.011927658747904808,3.9144736842105265,17215.749915966386,2.810084033613445,0.1425438921076944,1.1313852620265563
5586,0,1996-09-14,900.0,42930.20714285714,19512.790972253762,14,134,111191.3,48300.0,53564.700000000004,0.0,62891.3,0.0,0.9999999999094854,4.407894736842105,25225.488955223882,3.1761194029850746,0.053675867368384346,1.2477158521336205
6302,0,1996-09-16,500.0,34005.9064516129,9801.680644529757,93,551,359492.8,316966.8,33999.72105263158,0.0,45526.0,0.0,0.012036389082938099,18.125,19834.08551724138,5.13103448275862,0.15211187810278737,0.9998181078046455
7194,0,1996-09-17,700.0,37557.05471698113,12288.790411270784,53,330,233238.4,181697.6,33333.34210526316,0.0,51540.7,0.0,0.9999999999568453,10.855263157894738,21486.20412121212,4.882424242424242,0.08898733291016801,0.8875387686169213
6461,0,1996-09-19,400.0,54371.29918032787,30062.389743314227,122,529,563270.3,537612.0,35959.5375,0.0,25658.0,0.0,0.999999999982147,17.401315789473685,32369.40854442344,7.010964083175803,0.06360944150518398,0.6613698409913451
6732,0,1996-09-19,600.0,72968.38115942029,23455.92726432901,69,345,492928.1,438787.6,67272.10869565218,0.0,54140.4,0.0,0.9999999999795376,11.348684210526317,43434.823884057965,6.079999999999999,0.08348140213125278,0.9219350575896383
6613,1,1996-09-22,900.0,56910.689473684215,24271.624057983947,19,105,172282.9,108330.0,62711.88823529412,0.0,45528.9,0.0,0.9999999999417457,3.4539473684210527,49880.00152380952,5.500952380952381,0.07026864258663365,1.1019351338780223
7036,0,1996-09-25,600.0,56669.787912087915,35314.5278448429,91,468,593514.7,559302.2,28644.1,0.0,34212.3,0.0,0.9999999999830811,15.394736842105264,38553.09162393162,5.9111111111111105,0.14045566180311495,0.5054562766209951
5897,1,1996-09-25,500.0,29941.905325443786,7237.180988793552,169,685,355100.2,337748.2,31257.669230769232,0.0,17351.9,0.0,0.9999999999716398,22.532894736842106,15759.191357664233,7.50014598540146,0.04016703555607758,1.0439438933690004
6995,1,1996-09-26,600.0,50492.688590604026,21691.134254741817,149,616,615726.7,612117.0,29498.295000000002,0.0,3609.3,0.0,0.999999999983496,20.263157894736842,30386.512467532466,7.353246753246753,0.26373543215679934,0.5842092353871432
5415,0,1996-09-26,300.0,31532.748387096777,12989.781215090346,31,396,146863.2,105200.0,36373.7,0.0,41662.8,0.0,0.9999999999311836,13.026315789473685,11274.346666666666,2.3797979797979796,0.3436119281321739,1.1535213975623173
7136,0,1996-09-28,800.0,30293.708695652174,10625.946392927808,23,191,62423.4,26214.6,36564.06428571429,0.0,36208.8,0.0,0.9999999998385116,6.282894736842105,9935.45214659686,3.6607329842931935,0.15208165428049883,1.2069854054842812
7271,0,1996-10-02,900.0,57131.740559440565,20293.363479654072,143,678,947723.0,894477.8,60785.36190476191,0.0,53259.7,0.0,0.001166457764672804,22.30263157894737,42493.77463126843,6.411799410029498,0.15392842963984693,1.0639508143617742
5375,1,1996-10-03,400.0,26449.092105263157,10352.391968575044,38,245,110391.2,93670.4,23047.6,0.0,16720.8,0.0,0.9999999999086816,8.05921052631579,13697.520326530612,4.715102040816326,0.617630037565091,0.8713947495649488
5635,0,1996-10-04,200.0,50722.27012987013,30287.214667670312,77,573,571831.4,549385.4,32866.58666666666,0.0,22446.0,0.0,0.9999999999823904,18.848684210526315,30338.000977312393,4.0851657940663175,0.07067044400508256,0.6479715236726353
6817,0,1996-10-04,600.0,32646.850943396224,12948.761537492877,53,273,148729.0,126253.0,26563.686363636363,0.0,22476.1,0.0,0.9999999999317598,8.980263157894738,16561.7641025641,5.901831501831501,0.08887942069427919,0.8136676459716237
5923,0,1996-10-10,200.0,25896.466666666664,11814.971181770212,12,124,60648.9,15900.0,30804.399999999998,0.0,44749.0,0.0,0.9999999998342615,4.078947368421053,14868.76258064516,2.9419354838709673,0.09059260928999427,1.1895213499436779
5329,0,1996-10-16,500.0,58855.27789473684,20275.14198096615,95,550,776665.3,688055.0,64010.594117647066,0.0,88610.1,0.0,0.0006469184041733105,18.092105263157897,42928.40930909091,5.25090909090909,0.1537909301722948,1.0875930994881142
6644,1,1996-10-20,900.0,40078.70727272727,21469.630340267242,55,308,229169.3,202933.4,31558.126086956523,0.0,26235.8,0.0,0.9999999999559808,10.131578947368421,22619.30753246753,5.428571428571429,0.1724190713034777,0.787403791852267
6354,0,1996-10-23,1000.0,23324.936363636363,11195.573958245528,11,120,42431.0,3600.0,27379.92222222222,0.0,38831.0,0.0,0.9999999997631454,3.947368421052632,10749.186666666666,2.7866666666666666,0.05935332776245397,1.173847670305721
5082,0,1996-10-24,900.0,41729.61607142857,16330.173222315432,56,369,242727.4,166646.0,38590.50666666667,0.0,76081.3,0.0,0.9999999999584818,12.138157894736842,19997.05409214092,4.613550135501355,0.2191822844311227,0.9247750228845517
6585,0,1996-10-29,500.0,64044.04593023256,25895.9123556906,172,663,1328950.6,1282370.0,51337.299999999996,0.0,46580.5,0.0,0.999999999992445,21.80921052631579,60935.29146304676,7.88657616892911,0.10178009902099679,0.8015936414746375
6921,1,1996-10-29,300.0,59935.271428571425,24799.97403787278,42,237,368574.5,325416.8,55824.159259259264,0.0,43157.5,0.0,0.0008183149803244806,7.796052631578948,47277.066666666666,5.387341772151898,0.15191297821242863,0.9314074654099848
5366,1,1996-10-29,300.0,60273.67857142857,25642.077157191914,42,237,368577.8,328916.8,56350.57037037037,0.0,39660.8,0.0,0.0008183149803244806,7.796052631578948,47277.489957805905,5.387341772151898,0.15191161808485723,0.9349117508107928
5886,0,1996-10-31,200.0,62590.42307692308,28733.343188251627,26,137,214555.3,186756.2,67673.26315789473,0.0,27799.1,0.0,0.9999999999532158,4.506578947368421,47609.351240875905,5.76934306569343,0.11245689889339751,1.0812079519563689
5741,1,1996-11-03,900.0,44948.625925925924,20196.07407074487,54,258,253465.9,229736.0,37037.00333333333,0.0,23729.8,0.0,0.003569035051748271,8.486842105263158,29865.74945736434,6.362790697674419,0.09562793671462626,0.8239852178380139
4996,1,1996-11-06,200.0,62778.09032258065,21638.258869671175,31,179,269640.8,190733.0,58414.61666666667,0.0,79007.6,0.0,0.999999999962704,5.8881578947368425,45793.74480446927,5.264804469273742,0.1609390109906742,0.9304936858894954
6015,1,1996-11-09,700.0,76232.70000000001,28391.569085736075,82,330,760052.5,653194.2,85736.2827586207,0.0,135658.1,0.0,0.9999999999867963,10.855263157894738,70016.95757575757,7.553939393939393,0.0655269831509112,1.1246654355332295
6309,1,1996-11-11,400.0,50815.804761904765,29147.98491700158,63,553,387680.2,346933.6,37995.67647058824,0.0,40746.5,0.0,0.9999999999740451,18.190789473684212,21311.895262206148,3.463291139240506,0.21532575781679691,0.7477137603377174
6073,0,1996-11-12,500.0,25997.563043478258,6720.217505796418,92,487,156608.8,129030.6,31092.505263157895,0.0,27578.1,0.0,0.9999999999354844,16.019736842105264,9775.990800821353,5.742915811088295,0.47105199760443517,1.1959776844929308
6006,0,1996-11-15,900.0,32434.693750000002,24143.874396857613,48,475,213955.9,173996.4,19698.544444444444,0.0,39959.4,0.0,0.9999999999530499,15.625,13693.177599999999,3.072,0.43788229224611663,0.6073294414371077
5611,0,1996-11-15,700.0,40524.46315789474,21716.75025029622,38,233,276707.3,239523.8,30689.154545454545,0.0,37183.5,0.0,0.00943327770084053,7.6644736842105265,36102.583347639484,4.95793991416309,0.14827193796554944,0.7572994716378585
6944,0,1996-11-15,1000.0,33613.105882352946,13279.637852717908,17,161,92238.1,53513.0,40542.39090909091,0.0,38725.1,0.0,0.9999999998908833,5.296052631578948,17416.38658385093,3.2099378881987577,0.05523533798564428,1.206148311284569
7101,0,1996-11-18,600.0,37436.422,12359.209052004047,50,304,228633.1,197465.0,34281.729999999996,0.0,31168.0,0.0,0.9999999999560214,10.0,22863.31,5.0,0.38362774227195107,0.9157320106831437
6599,1,1996-11-19,1000.0,75686.06568627451,20598.00230804139,102,616,782536.9,683905.0,75699.15,0.0,98631.7,0.0,0.0012881402217753905,20.263157894736842,38618.704155844156,5.033766233766234,0.15562407206079873,1.0001728759924975
6940,0,1996-11-22,500.0,41402.134999999995,14856.81419017355,20,166,98722.6,45014.6,50075.708333333336,0.0,53707.9,0.0,0.9999999998978372,5.460526315789474,18079.319518072287,3.662650602409638,0.3507322269598778,1.2094957982538432
5209,0,1996-11-25,600.0,37802.229999999996,14199.381522847558,40,242,196501.2,172602.8,36553.352173913045,0.0,23898.3,0.0,0.007670162555919568,7.960526315789474,24684.448264462808,5.024793388429751,0.15414563686790791,0.9669628528328466
5388,1,1996-11-28,200.0,32967.71267605634,17762.224670277326,71,326,355774.2,335723.0,23125.819230769233,0.0,20051.1,0.0,0.0005647547834570686,10.723684210526317,33176.48981595092,6.6208588957055206,0.15462756991209095,0.7014687203504498
6011,0,1996-11-28,200.0,44093.971153846156,14278.225737036766,52,311,250367.8,214293.0,42873.26315789474,0.0,36074.7,0.0,0.999999999959827,10.230263157894738,24473.251189710605,5.082958199356913,0.15265646437871638,0.9723157616850734
5591,0,1996-12-04,300.0,39426.07,13711.094458293303,30,228,149490.8,125043.8,41304.788235294116,0.0,24447.1,0.0,0.017510539996934946,7.5,19932.106666666667,4.0,0.1626521497496909,1.047651673748299
7154,0,1996-12-05,200.0,43196.74411764706,18631.358322644723,34,408,168039.0,109400.0,43947.100000000006,0.0,58638.6,0.0,0.9999999999389071,13.421052631578949,12520.55294117647,2.533333333333333,0.5558859921874311,1.017370658078665
7130,1,1996-12-11,700.0,28359.255384615386,17185.36385469143,65,384,192349.2,183992.0,17693.263636363637,0.0,8357.1,0.0,0.9999999999472794,12.631578947368421,15227.645,5.145833333333333,0.33767532646205284,0.6238973269983346
6818,0,1996-12-12,200.0,44197.50988372093,11044.494392196431,172,691,451400.8,390706.8,49720.64347826087,0.0,60694.1,0.0,0.9999999999775281,22.730263157894736,19859.022170767003,7.567004341534009,0.16325073664199846,1.1249648135793415
5625,0,1996-12-15,800.0,55230.44406779661,26510.559286203963,59,382,375691.6,316112.6,81362.65,0.0,59578.8,0.0,0.9999999999731913,12.56578947368421,29897.9702617801,4.695287958115183,0.12385456157521045,1.4731485751842592
6805,0,1996-12-21,800.0,41994.90769230769,13151.510254347311,39,214,170898.6,132514.2,45380.604166666664,0.0,38384.3,0.0,0.9999999999410127,7.0394736842105265,24277.184299065422,5.54018691588785,0.03863710008782766,1.080621595560095
7233,0,1996-12-25,1100.0,56646.51612903226,21971.162852105062,124,585,844304.3,802426.2,59849.416666666664,0.0,41878.1,0.0,0.9999999999881009,19.24342105263158,43874.958495726496,6.443760683760684,0.0733220066653766,1.0565418801709403
7308,1,1996-12-27,1000.0,30869.781308411217,11709.142374755249,107,440,255541.0,231341.4,26710.44827586207,0.0,24199.5,0.0,0.9999999999606435,14.473684210526317,17655.559999999998,7.392727272727273,0.30539954535262576,0.8652619855111038
5895,0,1997-01-03,800.0,54520.20224719101,13768.55521374187,89,452,383076.6,333528.0,55303.930434782604,0.0,49548.5,0.0,0.9999999999736764,14.868421052631579,25764.44389380531,5.985840707964602,0.06078143995060991,1.0143750049549425
7122,0,1997-01-04,-718.6,31518.182051282052,20629.925861099906,78,490,276276.4,264710.8,14551.683333333334,2.0,11565.4,4.6,0.9999999999635171,16.11842105263158,17140.413387755103,4.839183673469388,0.42239354629266,0.461691708774317
6173,0,1997-01-08,200.0,40175.612499999996,15672.003046986594,176,630,658006.9,612253.0,45438.532258064515,0.0,45754.0,0.0,0.022767556994945794,20.723684210526315,31751.444063492065,8.492698412698413,0.1525914849348501,1.1309978720736251
6142,0,1997-01-21,1000.0,44440.912676056345,13853.751836544183,71,311,247750.5,208837.0,42591.22068965517,0.0,41785.4,0.0,0.008933792475759626,10.230263157894738,24217.412218649515,6.9401929260450155,0.15270004759737366,0.958378622656381
5358,1,1997-01-21,900.0,20231.31315789474,4462.7098520155505,114,597,142273.4,128279.0,19747.609090909093,0.0,16514.3,0.0,0.999999999928931,19.638157894736842,7244.742646566164,5.80502512562814,0.4430799204566176,0.9760913158245584
6095,0,1997-01-24,500.0,41735.4201754386,11063.628902172542,114,617,538520.6,492364.0,41215.700000000004,0.0,60756.7,0.0,0.9999999999813189,20.29605263157895,26533.267811993515,5.616855753646677,0.04292724166662498,0.9875472636161471
6878,1,1997-01-24,200.0,36729.80172413793,9960.410273053054,58,315,99594.2,57093.0,42788.68461538462,0.0,42501.4,0.0,0.99999999989728,10.361842105263158,9611.63073015873,5.5974603174603175,0.20100647353500956,1.164958224525763
6554,0,1997-01-29,900.0,44346.15625,20389.130044150774,16,163,134078.0,89800.0,54967.5,0.0,44278.0,0.0,0.999999999925124,5.361842105263158,25005.958282208587,2.984049079754601,0.3250025415955456,1.2395099065120192
6793,0,1997-01-30,200.0,62765.86554621849,34244.48654819336,119,395,779547.0,753283.0,84496.8225,0.0,26264.0,0.0,0.9999999999870999,12.993421052631579,59995.51594936709,9.158481012658228,0.051753867774100154,1.34622253276054
7286,0,1997-01-31,200.0,26491.78018018018,7217.696103124469,111,499,217974.4,198216.6,28170.007999999998,0.0,19757.5,0.0,0.09284707947003963,16.414473684210527,13279.402324649298,6.762324649298597,0.1408195905865959,1.0633490010022768
6076,0,1997-02-02,500.0,40841.795348837215,15410.393720101682,43,213,160489.6,135949.8,42388.31333333334,0.0,24539.8,0.0,0.9999999999371734,7.006578947368421,22905.5579342723,6.137089201877934,0.08543777910851379,1.0378660624712595
5134,1,1997-02-02,500.0,33129.403076923074,14034.728710026882,65,333,203498.0,182432.2,24771.803703703703,0.0,21080.3,0.0,0.9999999999504303,10.953947368421053,18577.595195195194,5.933933933933933,0.23808248328950107,0.7477286457202029
5419,0,1997-02-05,700.0,44265.27297297297,33832.07369901993,37,286,237053.5,223573.0,21791.007142857143,0.0,13480.4,0.0,0.9999999999575605,9.407894736842106,25197.295104895104,3.9328671328671323,0.27502952076405246,0.49228222654899806
6255,0,1997-02-08,200.0,23594.146666666667,7544.802965794844,15,271,35090.0,11100.0,24558.533333333336,0.0,23990.1,0.0,0.9999999997115661,8.914473684210527,3936.295202952029,1.6826568265682655,1.312147519577553,1.0408739790373684
5656,0,1997-02-09,200.0,44355.04090909091,16699.810596406947,22,166,150949.3,105928.6,49578.54,0.0,45020.6,0.0,0.9999999999333983,5.460526315789474,27643.727228915657,4.0289156626506015,0.22015844489423225,1.1177656242147853
6934,1,1997-02-09,400.0,23391.68913043478,10577.341912266536,46,275,132622.1,111883.0,17013.29090909091,0.0,20739.0,0.0,0.9999999999240353,9.046052631578949,14660.770327272725,5.085090909090908,0.6640851589665611,0.7273220333490924
6028,0,1997-02-09,1100.0,56757.3095890411,14668.228535740516,73,303,266950.4,228271.6,54317.71666666667,0.0,38678.7,0.0,0.9999999999622139,9.967105263157896,26783.142442244225,7.324092409240923,0.19758697133601552,0.9570171146305417
6490,0,1997-02-10,900.0,33927.08571428571,12947.80948756529,21,164,98912.6,70874.6,38470.515384615384,0.0,28038.0,0.0,0.9999999998983393,5.394736842105264,18335.018536585365,3.8926829268292678,0.06659387864253859,1.1339174751775802
6415,0,1997-02-12,700.0,40812.49166666667,20009.133167152275,12,123,103405.4,56900.0,49164.87777777778,0.0,46505.3,0.0,0.9999999999029117,4.046052631578948,25557.106991869914,2.965853658536585,0.3877590683200146,1.204652687399783
7087,0,1997-02-20,300.0,42830.99523809524,9857.958953203315,63,314,166763.1,120317.0,47223.527586206896,0.0,46446.1,0.0,0.9999999999395113,10.328947368421053,16145.217324840763,6.09936305732484,0.114337265439989,1.102554991138269
5420,0,1997-02-24,600.0,45374.64242424242,27825.784981805853,99,317,379257.6,362153.4,32034.63333333333,0.0,17104.4,0.0,0.9999999999735288,10.427631578947368,36370.44492113565,9.494006309148265,0.08306194784584041,0.7060029923047522
5977,0,1997-02-25,6620.0,23023.659090909092,6846.270074071337,44,262,62999.0,40258.4,22405.175,0.0,22740.4,0.0,0.9999999998393083,8.618421052631579,7309.807633587787,5.105343511450382,0.16854068671433767,0.9731370196979389
6824,0,1997-02-26,-8245.1,39870.41127819549,26402.52306549008,133,546,713351.7,627976.3,40113.941379310345,3.0,85375.5,74.30000000000001,0.9999999999858875,17.960526315789476,39717.75032967032,7.405128205128204,0.0755078012815993,1.0061080406057148
5207,0,1997-02-28,900.0,22981.05593220339,6022.073345711425,59,296,67757.7,50095.4,21332.51935483871,0.0,17662.3,0.0,0.9999999998507016,9.736842105263158,6958.898918918919,6.059459459459459,0.10748826899778002,0.9282654116716527
7115,0,1997-03-04,800.0,18675.06030534351,5238.6093862292455,131,670,186934.0,173502.80000000002,14666.635,0.0,13431.1,0.0,0.9999999999459998,22.039473684210527,8481.781492537313,5.943880597014925,0.21787875571272067,0.785359444753698
7250,0,1997-03-04,1100.0,42572.41008403361,16541.33759794592,119,641,422817.1,377110.4,42937.86,0.0,45721.0,0.0,0.999999999976151,21.085526315789476,20052.48024960998,5.64368174726989,0.1237752122364276,1.0085841958479491
6010,0,1997-03-06,200.0,50892.0,28282.838447204456,16,199,154739.2,75509.0,63156.0,0.0,79230.1,0.0,0.9999999999351278,6.546052631578948,23638.551155778896,2.444221105527638,0.10588635413593148,1.2409809004871137
6088,0,1997-03-07,200.0,31516.346153846152,14090.878545097617,13,138,73666.0,37100.0,39221.23333333333,0.0,36566.0,0.0,0.07647034724686672,4.5394736842105265,16227.872463768115,2.8637681159420287,0.15436404273260465,1.2444727294665208
5682,1,1997-03-07,600.0,46016.19824561403,19927.134835323803,57,359,440992.3,381681.2,38355.61363636364,0.0,59310.8,0.0,0.0013662633153434499,11.80921052631579,37343.080557103065,4.8267409470752085,0.1505499791292696,0.833524173885534
7201,1,1997-03-07,600.0,48557.38070175439,19396.02562066001,57,359,441078.6,376581.2,43944.45909090909,0.0,64497.2,0.0,0.0013662633153434499,11.80921052631579,37350.38841225627,4.8267409470752085,0.15052052301148158,0.9050006084918695
6938,0,1997-03-10,700.0,49678.36623376624,19137.475493549646,77,406,559398.5,491031.4,50007.833333333336,0.0,68367.1,0.0,0.0012567866478760883,13.355263157894738,41885.9960591133,5.765517241379309,0.13579717647431874,1.0066320033140872
6875,0,1997-03-13,700.0,39962.466187050355,10772.622802819169,139,628,365159.8,324113.6,32444.776923076926,0.0,41045.9,0.0,0.9999999999722071,20.657894736842106,17676.52535031847,6.728662420382165,0.09815277406807858,0.8118812478463024
5953,0,1997-03-14,400.0,66376.85,30559.927764356165,16,137,253348.5,161407.0,76433.3090909091,0.0,91941.4,0.0,0.0015833808346956987,4.506578947368421,56217.47737226277,3.5503649635036494,0.07202386497117182,1.151505518556455
5942,0,1997-03-15,16399.9,37092.94552238806,11884.310835362778,134,585,445848.4,406433.0,32135.004,0.0,39415.4,0.0,0.012874024284184509,19.24342105263158,23168.87411965812,6.963418803418803,0.14623067055567768,0.8663373463275116
5382,0,1997-03-17,300.0,42536.88536585366,12304.330318968216,41,223,115369.9,69279.8,47094.854166666664,0.0,49849.1,0.0,0.9999999999124733,7.335526315789474,15727.55587443946,5.589237668161434,0.04050216096388095,1.10715332706048
6377,1,1997-03-17,400.0,29906.531428571427,8582.056505164628,70,310,151732.9,110959.6,27913.85161290322,0.0,40773.2,0.0,0.9999999999335177,10.197368421052632,14879.613419354837,6.864516129032258,0.09623905935452047,0.9333697446739617
5931,0,1997-03-17,1100.0,51945.21627906976,29659.976520853583,43,239,276295.8,263743.8,49904.72608695652,0.0,12551.9,0.0,0.9999999999636635,7.861842105263158,35143.900920502085,5.4694560669456065,0.07907488714743248,0.9607184193678562
5992,1,1997-03-18,300.0,50621.10493827161,19389.25337968756,81,371,499211.80000000005,428288.2,51448.2962962963,0.0,70923.6,0.0,0.005229851995083338,12.203947368421053,40905.76474393531,6.637196765498652,0.15499037942787916,1.0163408394358435
5790,0,1997-03-20,1000.0,29824.125,12770.284101070167,12,121,57681.5,20300.0,35205.944444444445,0.0,37381.6,0.0,0.999999999825793,3.980263157894737,14491.880991735536,3.014876033057851,0.12117129583038275,1.1804518802358803
6753,1,1997-03-20,400.0,34806.92142857143,13611.996793054312,14,118,80206.0,24500.0,38336.90833333333,0.0,55705.9,0.0,0.999999999874627,3.8815789473684212,20663.2406779661,3.606779661016949,0.2741583513228491,1.1014162341530764
6562,0,1997-03-21,800.0,60311.76666666667,25093.34321090162,66,243,419905.6,349221.6,57529.61071428571,0.0,70683.9,0.0,0.9999999999760911,7.99342105263158,52531.40016460905,8.25679012345679,0.07494565130405455,0.9538704283478182
7046,1,1997-03-28,300.0,17625.444285714286,6505.144392712535,70,365,114063.2,99133.2,12854.612,0.0,14930.1,0.0,0.9999999999117029,12.006578947368421,9500.058301369863,5.83013698630137,0.8037845400234102,0.7293213030167791
5868,1,1997-03-29,700.0,77525.11692307692,23284.240690745162,65,383,635727.5,557607.8,78208.96315789474,0.0,78119.7,0.0,0.0011080086867705662,12.598684210526317,50459.83289817232,5.1592689295039165,0.14889070309987526,1.0088209634744332
5784,0,1997-03-29,900.0,41766.69375,28843.33189907088,32,188,176172.5,159256.8,38329.2,0.0,16915.7,0.0,0.9999999999430096,6.184210526315789,28487.468085106382,5.174468085106383,0.08249241358180534,0.9176977287272833
5878,1,1997-04-01,600.0,44234.82947368421,12482.603185529077,190,636,552809.5,517499.2,45401.954054054055,0.0,35310.2,0.0,0.9999999999817881,20.92105263157895,26423.59874213836,9.081761006289307,0.23350339436639703,1.0263847421588983
5110,0,1997-04-01,900.0,29946.995238095238,7804.9007299963205,126,607,253392.0,218623.6,30924.196153846155,0.0,34768.4,0.0,0.9999999999601383,19.967105263157897,12690.47248764415,6.310378912685337,0.13427396027345154,1.0326310168234014
5210,0,1997-04-01,1000.0,40688.34830508474,13220.371518330689,118,615,536679.3,510457.0,37077.26,0.0,26252.2,0.0,0.005060994354084767,20.230263157894736,26528.537756097565,5.832845528455285,0.15511597496560137,0.9112500638482302
7230,0,1997-04-02,300.0,40748.34523809524,11470.114892915597,42,247,118526.6,74218.4,44042.769565217386,0.0,44322.7,0.0,0.9999999999147797,8.125,14587.889230769231,5.1692307692307695,0.021387604118081993,1.080848051548207
5005,1,1997-04-10,800.0,48780.096000000005,24959.844822572028,75,241,460652.0,424371.0,52802.176315789475,0.0,36280.9,0.0,0.9999999999782186,7.927631578947369,58107.14024896265,9.46058091286307,0.039375539560253796,1.0824533085167551
6871,0,1997-04-13,600.0,42341.63775510204,19753.53991751057,98,468,407642.3,384221.0,28838.22272727273,0.0,23421.1,0.0,0.9999999999752439,15.394736842105264,26479.328888888886,6.365811965811965,0.12923288248984258,0.6810842529818527
5363,0,1997-04-22,-2804.8,53227.14444444444,34779.1174455518,90,531,507891.1,508096.0,2094.3933333333334,4.0,-204.8,19.0,0.9999999999801908,17.467105263157894,29077.00459510358,5.152542372881356,0.1684492631383463,0.03934821893603297
7253,1,1997-04-26,300.0,66405.07079646018,25389.78426954882,113,533,974628.6,930282.8,75396.4388888889,0.0,44345.5,0.0,0.011449117953646037,17.532894736842106,55588.573058161346,6.445028142589118,0.14736841670598685,1.1354018296077775
6055,0,1997-04-28,300.0,42435.31166666667,20693.645824426647,60,450,264547.1,245965.6,22681.815384615384,0.0,18581.6,0.0,0.9999999999619167,14.80263157894737,17871.626311111107,4.053333333333333,0.3722101100638073,0.5345033296194011
5072,0,1997-04-28,300.0,58669.50434782608,28112.217725030623,23,199,321080.8,282914.6,62611.82307692307,0.0,38166.1,0.0,0.0009371866281919112,6.546052631578948,49049.52924623115,3.5135678391959795,0.16717795510663924,1.0671953643080523
6913,0,1997-04-29,400.0,55851.80263157895,25907.897039549815,152,590,623477.9,532299.4,69045.08666666667,0.0,91178.5,0.0,0.999999999983792,19.407894736842106,32124.962983050846,7.831864406779661,0.12961882635944955,1.236219484440883
6386,0,1997-04-30,321.0,25654.37837837838,18425.10848315396,148,620,495751.6,429301.2,33877.765384615384,0.0,66449.9,0.0,0.9999999999797418,20.394736842105264,24307.820387096774,7.256774193548387,0.14209418794342135,1.320545166666843
5634,1,1997-05-01,300.0,60289.9544117647,24639.677624078195,136,530,719643.0,684221.0,39397.97727272727,0.0,35436.7,0.0,0.9999999999860283,17.43421052631579,41277.63622641509,7.800754716981132,0.078783581050387,0.6534749885049603
5758,0,1997-05-02,200.0,44484.075000000004,32135.847571582624,68,374,431664.5,421620.8,10533.836363636363,0.0,10043.6,0.0,0.9999999999767311,12.302631578947368,35087.167914438505,5.527272727272727,0.14592229304531235,0.23680016638017895
6819,0,1997-05-03,900.0,46214.125,27989.629822572977,16,108,116216.90000000001,47600.0,57216.125,0.0,68616.8,0.0,0.9999999999134791,3.5526315789473686,32712.905185185187,4.503703703703703,0.0638280210070526,1.2380657426191524
7088,0,1997-05-03,500.0,37233.14339622642,12741.368623959617,106,437,361337.9,332727.0,33064.63448275862,0.0,28610.8,0.0,0.0019476364040525405,14.375,25136.549565217392,7.373913043478261,0.1585738722043965,0.8880430567468361
5039,0,1997-05-03,700.0,38819.32021276596,18712.608852566682,94,463,600842.5,578168.0,42351.28333333333,0.0,22674.3,0.0,0.013864459043655266,15.230263157894738,39450.56587473002,6.171922246220302,0.07059467811279177,1.0909846718154537
5532,0,1997-05-04,500.0,43629.436082474225,22466.555574880756,97,464,673795.8,643945.0,35006.35909090909,0.0,29880.9,0.0,0.000745054329350595,15.263157894736842,44145.24206896552,6.355172413793103,0.15822769727948183,0.8023564415710485
6037,0,1997-05-04,1100.0,30896.00266666667,8130.29349668723,150,638,222891.9,187279.2,29608.454545454544,0.0,35612.5,0.0,0.9999999999545873,20.986842105263158,10620.55448275862,7.147335423197492,0.10442016005436873,0.9583263846560801
6322,0,1997-05-06,900.0,61992.3,25699.739128305187,35,139,285647.3,233168.4,53250.04736842105,0.0,52478.9,0.0,0.999999999964872,4.572368421052632,62472.50302158273,7.654676258992805,0.05135059176960155,0.8589784111870549
6887,1,1997-05-08,700.0,30719.746666666666,15914.152244943032,75,338,241881.1,219242.2,20433.966666666667,0.0,29753.3,0.0,0.00710761769348994,11.118421052631579,21754.98650887574,6.745562130177515,0.15159742788801484,0.6651736709205154
6660,0,1997-05-09,600.0,60165.795,24445.209943624304,20,166,254668.1,206179.6,64447.67692307692,0.0,48503.1,0.0,0.002365520177793856,5.460526315789474,46638.0134939759,3.662650602409638,0.13128775305744986,1.0711680434433757
5451,0,1997-05-11,600.0,56388.81071428571,27438.99690378963,28,280,223940.7,170342.2,68155.35333333333,0.0,53598.4,0.0,0.9999999999550906,9.210526315789474,24313.561714285715,3.0399999999999996,0.13687834130347967,1.2086680399517624
6014,0,1997-05-18,300.0,35478.66185567011,17421.829840733364,97,461,442626.7,416967.0,29792.427272727273,0.0,25659.5,0.0,0.0006805884821588133,15.164473684210527,29188.398438177872,6.396529284164859,0.15718573967481292,0.8397280423238015
5556,0,1997-05-19,200.0,24411.294230769232,10874.530318934105,52,257,127126.4,114473.4,19277.00909090909,0.0,12652.9,0.0,0.9999999999207707,8.453947368421053,15037.51968871595,6.150972762645914,0.2973894691145018,0.7896758320464063
6346,0,1997-05-22,1000.0,40047.08387096775,21019.117673829533,62,684,345370.3,267556.4,50602.395000000004,0.0,77813.6,0.0,0.9999999999708074,22.5,15349.79111111111,2.7555555555555555,0.10886141621183462,1.263572527537982
5850,0,1997-05-22,500.0,49558.68571428572,29113.13867282119,49,473,349774.4,266803.0,67077.86333333333,0.0,82971.3,0.0,0.9999999999713344,15.55921052631579,22480.21513742072,3.149260042283298,0.20288951729731594,1.3535036765606259
5940,0,1997-05-28,800.0,57324.072222222225,22980.888932323123,18,145,159132.6,105087.0,67149.76153846153,0.0,54045.6,0.0,0.005056890012322574,4.769736842105264,33362.97268965517,3.7737931034482752,0.13356123988453988,1.1714059892052857
7119,1,1997-06-02,500.0,56531.81724137931,24247.686645578247,58,346,502310.5,467735.2,61625.18823529412,0.0,34575.3,0.0,0.0009998800143782769,11.381578947368421,44133.63930635838,5.095953757225433,0.16404720100470963,1.0900974217981738
5253,0,1997-06-03,300.0,22604.34,11029.074077606574,10,103,41842.7,11900.0,25082.6,0.0,29942.7,0.0,0.09850086486197845,3.3881578947368425,12349.690097087376,2.9514563106796112,0.168830147308995,1.1096364675501975
6851,0,1997-06-03,-625.1,36907.37301587302,29722.514746667595,63,320,229795.80000000002,228215.4,8480.935,1.0,1580.3,0.8,0.9999999999561079,10.526315789473685,21830.601,5.984999999999999,0.20782753520719494,0.22978972234232561
6695,0,1997-06-04,1100.0,40151.711764705884,16132.820182274487,17,136,125708.3,80900.0,46864.791666666664,0.0,44736.8,0.0,0.008802253376160116,4.473684210526316,28099.502352941177,3.8,0.18366873310918655,1.1671928691266849
6908,0,1997-06-08,900.0,45805.5,25098.117918397915,63,583,274297.0,217084.8,59454.66956521739,0.0,57226.7,0.0,0.9999999999631917,19.17763157894737,14302.965351629502,3.285077186963979,0.5494664778454476,1.2979810187038145
7255,0,1997-06-09,800.0,37524.88636363636,14909.062931918304,22,181,159192.3,121475.6,40783.81538461538,0.0,37716.7,0.0,0.9999999999369058,5.953947368421053,26737.27027624309,3.695027624309392,0.13296046911075757,1.0868471386836396
5674,0,1997-06-10,400.0,61345.1,28117.508578938265,58,281,445875.9,399694.0,74357.208,0.0,46281.9,0.0,0.9999999999774912,9.243421052631579,48237.10804270463,6.274733096085409,0.08951614585356328,1.2121132411207882
6278,0,1997-06-10,200.0,69963.48405797101,26296.55727792263,69,221,593765.1,535272.6,72268.825,0.0,58492.3,0.0,0.9999999999831078,7.269736842105264,81676.28524886876,9.491402714932127,0.04456617962561848,1.0329506307860439
5486,0,1997-06-13,300.0,36161.02156862745,12819.231108548658,102,575,364120.1,303344.4,50490.86470588235,0.0,60775.8,0.0,0.9999999999723411,18.914473684210527,19250.87137391304,5.392695652173913,0.5049641549277265,1.3962787139764983
5174,0,1997-06-13,1000.0,47433.4205882353,24768.34808683377,102,516,894091.9,842353.2,39957.95789473684,0.0,51738.6,0.0,0.001121659697408499,16.973684210526315,52675.18170542636,6.0093023255813955,0.1523108177081124,0.8424009356859122
6621,1,1997-06-14,500.0,50590.532,30497.265818290976,175,646,1046385.0,949235.8,76183.87272727273,0.0,97149.3,0.0,0.9999999999904104,21.25,49241.64705882353,8.235294117647058,0.07260114583501508,1.5058919070511811
6313,0,1997-06-15,700.0,52250.26119402985,24634.963971613874,67,333,362250.7,318513.4,39426.653333333335,0.0,43737.3,0.0,0.9999999999722523,10.953947368421053,33070.334174174175,6.1165165165165165,0.12676013422344196,0.754573325085933
6435,0,1997-06-16,400.0,54677.28095238095,22227.416323644524,21,172,235803.0,133614.6,61905.38461538462,0.0,102188.4,0.0,0.0017021421458181711,5.657894736842105,41676.80930232558,3.711627906976744,0.1443248679361141,1.1321957406400063
6970,0,1997-06-17,500.0,27522.883783783782,9910.18669121474,37,247,128199.9,102319.8,25911.594999999998,0.0,25880.0,0.0,0.9999999999215674,8.125,15778.44923076923,4.553846153846154,0.033399987030303856,0.9414563965805174
6310,1,1997-06-17,1100.0,60619.159999999996,27985.493467525688,40,228,309027.1,225365.4,52955.36315789474,0.0,83661.6,0.0,0.9999999999675023,7.5,41203.61333333333,5.333333333333333,0.06992105221437189,0.8735746775303219
5932,1,1997-06-18,700.0,45807.11428571429,28832.376207759226,63,368,377708.8,360537.0,25091.915384615386,0.0,17171.7,0.0,0.9999999999733997,12.105263157894738,31202.031304347824,5.204347826086956,0.08906471415282874,0.5477733267070914
6877,0,1997-06-19,1100.0,49699.664814814816,16853.230914901833,54,267,288595.2,228732.4,46322.768,0.0,59862.7,0.0,0.0038418552667001307,8.782894736842106,32858.7793258427,6.148314606741573,0.14467975062038554,0.9320539316166826
6763,0,1997-06-19,800.0,17535.77922077922,9184.828049923843,77,399,167313.2,160229.8,10361.189999999999,0.0,7083.3,0.0,0.03555887706057311,13.125,12747.672380952381,5.866666666666666,0.14426163017063603,0.5908599705574412
7085,0,1997-06-19,300.0,46147.52168674699,29670.987963805732,83,346,419423.8,409743.4,14574.133333333335,0.0,9680.4,0.0,0.999999999976038,11.381578947368421,36851.10843930636,7.292485549132948,0.17266780478945862,0.31581616514762234
7049,0,1997-06-24,200.0,54476.857142857145,25141.67782753039,49,254,355890.7,308642.0,53599.044444444444,0.0,47248.7,0.0,0.01241121748367047,8.355263157894738,42594.792440944875,5.864566929133858,0.15222518122297285,0.9838865023738494
6959,0,1997-06-30,-5525.0,45016.690833333334,28083.258524411067,120,539,665195.3,610286.1,45878.27222222222,3.0,54909.1,9.9,0.9999999999848446,17.730263157894736,37517.508571428574,6.768089053803339,0.06602250772126515,1.019139154005952
5214,0,1997-07-01,500.0,24872.139436619716,8273.729769931522,71,389,190532.5,157355.0,22581.144444444442,0.0,33277.4,0.0,0.04390883889985035,12.796052631578949,14889.943444730075,5.548586118251928,0.13949012004744726,0.9078891059173989
6350,0,1997-07-09,1100.0,61692.07751937985,26376.133504852813,129,553,958974.5,911861.0,75634.95416666666,0.0,111013.5,0.0,0.9999999999895266,18.190789473684212,52717.58553345388,7.0915009041591315,0.11633689094021027,1.226007571728262
5063,0,1997-07-10,600.0,5350.0,6717.514421272202,2,102,10100.0,0.0,10100.0,0.0,10100.0,0.0,0.999999999009901,3.355263157894737,3010.1960784313724,0.596078431372549,2.4765828474266725,1.8878504637610272
5041,0,1997-07-11,700.0,48648.401169590645,19732.115097790942,171,633,547477.7,487933.0,64688.446153846155,0.0,59544.8,0.0,0.9999999999816115,20.822368421052634,26292.76789889415,8.212322274881515,0.23390462431761005,1.3297137127907248
5086,0,1997-07-16,300.0,45912.4,21519.72175583645,59,483,254090.1,207611.6,66545.34736842106,0.0,46478.3,0.0,0.9999999999602371,15.888157894736842,15992.420372670807,3.713457556935818,0.2740673328440869,1.4493981441599018
6942,1,1997-07-16,700.0,31402.28372093023,11502.50496987873,86,430,338111.7,306875.0,26349.715000000004,0.0,31236.8,0.0,0.999999999970245,14.144736842105264,23903.71088372093,6.08,0.06388129469893794,0.8391018699715266
5270,0,1997-07-21,500.0,32688.033333333333,11262.531250822682,78,408,283323.3,244931.4,29934.784210526315,0.0,38391.7,0.0,0.9999999999644567,13.421052631578949,21110.363529411763,5.811764705882353,0.18858036208460907,0.9157719553241787
6705,0,1997-07-25,500.0,61748.70206185566,26907.01300851919,97,311,665494.9,565679.2,66892.28947368421,0.0,99815.6,0.0,0.9999999999848891,10.230263157894738,65051.59151125402,9.481672025723471,0.10685365011752142,1.0832987128351792
7051,1,1997-07-28,1000.0,68874.72173913044,26062.87599367688,23,117,168442.2,110743.79999999999,75717.2705882353,0.0,57698.3,0.0,0.9999999999403025,3.848684210526316,43766.17846153846,5.976068376068376,0.14815092901512072,1.0993477529249147
6758,1,1997-07-29,900.0,32407.646875000002,13829.314517124061,32,182,106174.6,74481.6,35918.728571428575,0.0,31693.2,0.0,0.9999999999052276,5.986842105263158,17734.65846153846,5.345054945054945,0.1557402418790645,1.1083411485840922
6249,0,1997-07-30,200.0,30181.31739130435,11585.481244316574,23,189,115289.4,98083.6,32715.13076923077,0.0,17205.7,0.0,0.04269185195139299,6.217105263157895,18543.90349206349,3.6994708994708994,0.15190976374993193,1.0839530406918856
5808,0,1997-07-31,800.0,38559.264077669905,10181.211719891966,103,431,283830.7,246761.4,43991.60909090909,0.0,37069.1,0.0,0.9999999999645429,14.17763157894737,20019.61317865429,7.264965197215776,0.04355728513746651,1.1408830052069454
5377,1,1997-08-04,1000.0,42291.185576923075,20423.924476420485,104,459,501293.3,454804.2,32608.829999999998,0.0,46489.0,0.0,0.9999999999799503,15.098684210526317,33201.12488017429,6.8880174291939,0.23191985288061057,0.7710549975710074
5446,0,1997-08-04,600.0,31897.432978723406,9079.326169130605,94,503,286841.5,245659.2,38350.74705882353,0.0,41196.7,0.0,0.2580169553908688,16.54605263157895,17335.947514910535,5.681113320079523,0.1161171027489245,1.2023145270775095
5856,1,1997-08-09,-2542.1,53636.37471264367,32197.490915176008,87,382,744277.3,679747.5,68770.9,1.0,64529.7,16.1,0.9999999999865196,12.56578947368421,59230.44481675393,6.923560209424084,0.07226013602495784,1.282169057018072
4986,1,1997-08-10,900.0,33057.37457627119,12670.953546334435,118,462,306055.9,265539.6,37618.25357142858,0.0,40516.3,0.0,0.9999999999670849,15.197368421052632,20138.743203463204,7.764502164502164,0.42569687239811255,1.1379685786375644
7001,0,1997-08-10,400.0,53217.72947368421,20909.130855309148,95,398,437579.0,363652.8,59283.648,0.0,73926.0,0.0,0.03152461796462513,13.092105263157896,33423.11959798995,7.256281407035176,0.14989624124740097,1.113983038644584
6677,0,1997-08-12,700.0,24067.298540145985,7369.334427365258,137,623,259220.4,243181.6,20946.178260869565,0.0,16038.7,0.0,0.9999999999611143,20.49342105263158,12648.956918138041,6.685072231139647,0.129101554324004,0.8703169662862936
6665,0,1997-08-15,600.0,39110.67083333333,10455.933721211133,144,671,454103.8,421904.2,34257.0,0.0,35199.4,0.0,0.9999999999778323,22.072368421052634,20573.406140089417,6.523994038748136,0.08044365565557102,0.8758990644068517
5817,0,1997-08-15,-1571.5,26649.7703125,22080.256063155182,64,469,198881.0,200452.4,-995.407142857143,10.0,-1571.5,23.2,0.9999999999494238,15.42763157894737,12891.220469083155,4.148400852878464,0.3258031314269098,-0.03735143420792395
6984,0,1997-08-15,900.0,29865.18974358974,8523.994736371058,39,226,95276.6,62711.8,33453.55454545454,0.0,32564.7,0.0,0.9999999998941788,7.434210526315789,12815.967433628319,5.246017699115044,0.15090550194566246,1.1201520841311075
6541,0,1997-08-17,300.0,33651.1036036036,12123.175982149585,111,502,359354.5,331721.2,29156.444,0.0,27633.1,0.0,0.0056029000609146475,16.513157894736842,21761.706772908365,6.721912350597609,0.14695538506711744,0.8664335153695637
5117,1,1997-08-20,500.0,40141.795454545456,22283.58371939614,110,535,487380.5,428124.0,57248.54642857143,0.0,59256.4,0.0,0.9999999999793947,17.598684210526315,27694.14429906542,6.2504672897196265,0.23152908890927862,1.4261580919850785
6097,0,1997-08-21,800.0,37200.395945945944,17835.976701595184,74,349,349107.0,315305.0,25095.037500000002,0.0,33802.0,0.0,0.05040990453659154,11.480263157894738,30409.32034383954,6.445845272206303,0.1389705508320056,0.6745906019311851
5389,0,1997-08-22,800.0,42902.40714285714,21203.475509252803,14,136,110858.7,43800.0,55070.6,0.0,67058.7,0.0,0.01906145048388296,4.473684210526316,24780.18,3.1294117647058823,0.1321620746370034,1.2836249444882837
7219,0,1997-08-23,1000.0,41985.62040816326,9814.240638203999,49,275,102785.5,60023.4,45273.92608695652,0.0,42762.2,0.0,0.9999999999015554,9.046052631578949,11362.469818181817,5.416727272727272,0.10473075114782679,1.0783198065443071
6338,0,1997-08-24,300.0,63544.64567901234,30163.74604529852,81,308,668498.9,607542.2,46175.269565217386,0.0,60956.6,0.0,0.9999999999849982,10.131578947368421,65981.70961038962,7.994805194805195,0.09867886172485557,0.726658699006668
6922,0,1997-08-26,500.0,29077.814705882352,10160.935911263663,34,239,125722.8,94494.8,28840.0,0.0,31228.0,0.0,0.0520183104411138,7.861842105263158,15991.519330543932,4.324686192468619,0.1452644961701923,0.991821437814154
5367,0,1997-08-26,500.0,29052.608823529412,9815.036532338121,34,239,125709.5,93894.8,28742.263157894737,0.0,31814.7,0.0,0.0520183104411138,7.861842105263158,15989.82761506276,4.324686192468619,0.14527986507865073,0.9893178035262531
5638,1,1997-08-27,1100.0,28809.0,14323.747992896271,51,320,231786.1,215355.0,20939.739999999998,0.0,16430.9,0.0,0.9999999999566503,10.526315789473685,22019.6795,4.845,0.2578148332005401,0.7268471655639392
5830,0,1997-08-28,700.0,34044.42954545454,7073.196837254752,176,694,343710.1,302177.8,40684.88076923077,0.0,41532.1,0.0,0.9999999999706529,22.828947368421055,15055.88910662824,7.709510086455331,0.44919300000228557,1.1950525034634425
5338,1,1997-08-30,-5851.2,36887.156,21128.247450818963,75,313,320129.8,305113.3,22798.122222222224,1.0,15016.3,2.3,0.0009447628644912526,10.296052631578949,31092.47897763578,7.284345047923321,0.1537349274048175,0.6180504188515297
6007,0,1997-08-30,400.0,58959.27777777778,22763.594806918914,45,320,400934.4,346373.0,57802.1625,0.0,54561.4,0.0,0.0010024359192587378,10.526315789473685,38088.768,4.2749999999999995,0.1585769326646173,0.9803743307042737
6612,1,1997-08-31,200.0,36685.09135802469,24192.13051814679,81,400,380798.2,360652.0,17820.723076923077,0.0,20146.2,0.0,0.9999999999736248,13.157894736842106,28940.6632,6.156,0.2804358677307589,0.4857756219862083
5718,1,1997-09-01,400.0,51802.019230769234,10744.592560408064,156,674,396995.8,345210.8,57174.708695652174,0.0,51799.6,0.0,0.9999999999745368,22.17105263157895,17906.042017804153,7.03620178041543,0.06528522596924544,1.1037158306495998
6104,0,1997-09-05,400.0,47679.97368421053,21180.710272552995,95,497,405268.2,376449.0,29028.333333333332,0.0,28833.7,0.0,0.9999999999751433,16.348684210526315,24789.040804828976,5.810865191146881,0.17725574913618597,0.6088160517768502
5229,1,1997-09-06,500.0,25967.495238095238,7748.942858772759,63,355,147704.6,128617.2,22397.48947368421,0.0,19101.8,0.0,0.03750860992835797,11.677631578947368,12648.506591549296,5.394929577464789,0.1549590051808901,0.8625202107364247
6625,0,1997-09-07,500.0,52777.34186046512,27659.861928030834,43,254,209953.5,184059.0,43635.97368421053,0.0,25908.9,0.0,0.999999999951884,8.355263157894738,25128.292913385823,5.146456692913385,0.31390910731779065,0.8267936985403537
5206,0,1997-09-07,200.0,40526.454999999994,22589.559555331594,60,287,249802.1,218720.0,25665.97391304348,0.0,31182.1,0.0,0.9999999999596804,9.44078947368421,26459.874006968643,6.355400696864112,0.202419709049454,0.6333140637815555
5963,0,1997-09-07,200.0,48890.17826086957,26678.762987643742,23,198,232747.4,143336.6,54331.86153846153,0.0,89411.0,0.0,0.9999999999568177,6.5131578947368425,35734.95434343434,3.531313131313131,0.09550872700840571,1.1113042222395473
4990,0,1997-09-08,900.0,46148.29761904762,12673.331275508797,84,418,331885.2,276345.4,46407.354545454546,0.0,55539.8,0.0,0.9999999999696538,13.75,24137.105454545457,6.109090909090909,0.1870978277255932,1.005613574708417
6641,0,1997-09-09,700.0,47029.538888888885,20089.41765282347,18,170,133238.4,84914.6,58818.209090909084,0.0,48338.4,0.0,0.9999999999245204,5.592105263157895,23826.16094117647,3.2188235294117646,0.14954150638456376,1.25066523015174
5369,0,1997-09-12,400.0,62852.91764705883,30947.28158330783,17,138,272514.1,186000.0,67147.01818181817,0.0,86514.1,0.0,0.0014726347644346688,4.5394736842105265,60032.09159420289,3.744927536231884,0.09929689005842779,1.068319828017993
6196,0,1997-09-14,800.0,54375.02307692307,27185.841612047814,91,423,635199.3,588902.6,45468.92857142857,0.0,46296.7,0.0,0.999999999984192,13.914473684210527,45650.25702127659,6.539952718676123,0.10819216191085447,0.8362098255800764
5236,0,1997-09-15,700.0,59749.88387096774,25629.232333675274,62,354,635492.1,556722.2,68093.87222222221,0.0,88469.8,0.0,0.0011057194126243822,11.644736842105264,54573.33288135593,5.324293785310735,0.1485524077508577,1.1396486118345797
5719,0,1997-09-20,800.0,62387.09,27465.733061554183,90,510,689094.2000000001,596692.4,58608.10555555555,0.0,92401.4,0.0,0.9999999999854055,16.776315789473685,41075.41898039216,5.364705882352941,0.13774661681049308,0.9394268196538944
5643,1,1997-09-21,600.0,48061.85671641791,26359.19062225771,134,632,1131512.9,1107701.6,33037.328571428574,0.0,23811.1,0.0,0.004091711260352992,20.789473684210527,54427.20278481012,6.445569620253164,0.14470705080495175,0.6873918492056325
7050,0,1997-09-23,1100.0,72885.75808823529,27188.600747496173,136,542,1154373.3,1102084.0,78450.61538461539,0.0,52289.2,0.0,0.9999999999913026,17.828947368421055,64747.137121771215,7.628044280442803,0.10014342389848031,1.0763504068775658
6355,0,1997-09-24,400.0,28863.03052631579,9001.234613333387,95,473,301298.6,262220.0,31847.157142857144,0.0,39078.4,0.0,0.150575760302401,15.55921052631579,19364.64575052854,6.105708245243129,0.1368473264510505,1.103389233600633
6688,0,1997-09-26,400.0,24946.635443037972,7487.80051800565,79,372,171809.1,142625.2,23481.3,0.0,29184.0,0.0,0.9999999999411464,12.23684210526316,14040.313548387096,6.455913978494623,0.02556922952661185,0.941261199098513
6239,0,1997-09-28,500.0,52871.42441860465,31203.09112803499,86,374,620549.4,593166.0,37522.73333333334,0.0,27383.2,0.0,0.9999999999838027,12.302631578947368,50440.37903743316,6.990374331550802,0.1490472542430781,0.709697794959212
5531,0,1997-09-30,700.0,33039.892523364484,12534.716939678694,107,595,455884.5,438139.4,25439.566666666666,0.0,17745.1,0.0,0.005069071610442528,19.572368421052634,23292.25008403361,5.46689075630252,0.11883781038007284,0.76996517591506
6113,0,1997-10-01,1000.0,40292.34146341463,12443.954613806967,41,224,104609.6,68316.8,44352.56785714285,0.0,36307.5,0.0,0.05112375807358698,7.36842105263158,14197.017142857143,5.564285714285714,0.1539760061190085,1.1007691842978944
7181,0,1997-10-02,900.0,64942.89333333333,28961.929740251046,15,125,224283.1,180400.0,72927.46363636364,0.0,43883.1,0.0,0.0040281252655640885,4.111842105263158,54545.649919999996,3.6479999999999997,0.15110279207557697,1.1229475602637276
6118,0,1997-10-04,900.0,59951.075172413795,27491.435997699893,145,657,947771.1,883735.2,61432.75,0.0,64050.3,0.0,0.9999999999893919,21.611842105263158,43854.24876712329,6.709284627092846,0.16598163696734244,1.0247147330231843
7264,1,1997-10-07,200.0,52484.822499999995,27425.065485451,40,238,299037.0,222051.0,58747.05263157895,0.0,76986.0,0.0,0.9999999999664146,7.828947368421053,38196.32268907563,5.109243697478991,0.09804608756461865,1.1193150671393772
5343,0,1997-10-08,1000.0,51453.801123595505,23458.498481343675,89,433,450344.7,398626.4,63044.17272727273,0.0,51718.3,0.0,0.9999999999776594,14.243421052631579,31617.734133949194,6.248498845265589,0.0592389066045216,1.225257830098573
5051,0,1997-10-11,20574.0,79500.5380952381,22324.05166043614,168,446,1082326.7,1033049.4,61550.99230769231,0.0,49277.3,0.0,0.9999999999907218,14.671052631578949,73772.94098654708,11.451121076233182,0.052051605210909645,0.7742210779279852
5779,0,1997-10-14,600.0,57995.119047619046,31107.14727280795,84,522,535431.6,474306.0,78586.23448275862,0.0,61126.0,0.0,0.9999999999812333,17.17105263157895,31182.223448275858,4.8919540229885055,0.09563141012026094,1.355049110334302
6605,0,1997-10-14,300.0,23918.494285714285,6320.378998385796,105,567,159268.3,129264.40000000001,26414.305263157894,0.0,30004.1,0.0,0.9999999999365362,18.651315789473685,8539.252768959435,5.62962962962963,0.19357665627055357,1.1043464917392734
6655,0,1997-10-17,600.0,37448.404724409455,22540.647194729765,127,557,635745.2,614690.0,33739.12857142857,0.0,21054.8,0.0,0.9999999999842093,18.322368421052634,34697.763159784554,6.931418312387791,0.1250801090192278,0.9009496882634197
6534,0,1997-10-19,300.0,27937.97837837838,7850.946892728123,111,521,286298.8,255439.2,27289.7375,0.0,30859.3,0.0,0.9999999999648342,17.138157894736842,16705.342648752398,6.476775431861804,0.5894521412190776,0.9767971440393113
5681,0,1997-10-20,700.0,36855.823287671235,15663.928694070413,73,501,290134.5,253492.0,35064.99333333333,0.0,36642.4,0.0,0.9999999999651943,16.480263157894736,17604.967664670658,4.4295409181636725,0.16251094877704864,0.9514098504902735
6607,0,1997-10-21,300.0,58553.67719298246,25207.977930295026,171,560,1078143.0,1020427.2,59869.30740740741,0.0,57715.7,0.0,0.9999999999906896,18.42105263157895,58527.76285714285,9.282857142857143,0.07268345468212267,1.0224687887639263
6242,0,1997-10-22,1000.0,27419.850000000002,12688.119619442146,12,129,45747.8,8100.0,33190.02222222222,0.0,37647.8,0.0,0.999999999780007,4.243421052631579,10780.876899224808,2.827906976744186,0.06752697448730507,1.210437774463312
7242,0,1997-10-23,800.0,33044.0156626506,8252.713497278717,83,454,220800.9,188448.0,36817.65789473684,0.0,32352.9,0.0,0.12146063259430502,14.93421052631579,14784.906079295153,5.557709251101322,0.13554364078450076,1.1142004730741473
7277,1,1997-10-24,900.0,60522.040384615386,20954.26377318421,52,261,427133.2,365013.4,55362.00833333333,0.0,62119.7,0.0,0.0021176071979323303,8.585526315789474,49750.38038314176,6.056704980842912,0.1495465952462471,0.9147412739617228
6675,0,1997-11-01,1000.0,65133.5358490566,20947.363829998318,106,503,686393.2,603354.0,68058.74545454545,0.0,83069.1,0.0,0.008502802992862003,16.54605263157895,41483.80373757455,6.406361829025845,0.15984551562217092,1.0449109595680288
5398,1,1997-11-04,300.0,64144.50223880597,28468.555790705144,134,617,1008742.4,944458.0,73588.51818181819,0.0,64314.3,0.0,0.9999999999900391,20.29605263157895,49701.408363047,6.6022690437601295,0.08965540707728681,1.14723032531113
5956,0,1997-11-04,700.0,40044.576,17004.86638936729,25,204,183813.7,156253.2,42070.94666666667,0.0,27575.2,0.0,0.003825282934110852,6.710526315789474,27391.845490196076,3.725490196078431,0.17063472411767738,1.0506028745606055
5731,0,1997-11-05,400.0,45410.149999999994,26778.69846068326,26,181,175342.8,156179.2,56514.55294117647,0.0,19163.5,0.0,0.9999999999426642,5.953947368421053,29449.840441988945,4.366850828729281,0.2608842656558812,1.2445357024526702
6956,0,1997-11-09,200.0,29114.622580645162,14649.67811136306,93,502,290341.2,256471.2,27808.08888888889,0.0,33869.8,0.0,0.07279054693178172,16.513157894736842,17582.415298804783,5.631872509960159,0.1408793932173578,0.9551244843484225
6437,0,1997-11-09,300.0,21532.345454545455,11004.95272532905,11,115,46252.6,7200.0,25066.199999999997,0.0,39052.7,0.0,0.07384882709082345,3.7828947368421053,12226.774260869564,2.9078260869565216,0.14533677981065896,1.16411842087864
5447,0,1997-11-12,-17030.4,12006.396551724138,14745.172610902393,174,587,312545.3,306184.4,-4611.825925925926,20.0,6360.9,355.4,0.9999999999677344,19.30921052631579,16186.33240204429,9.011243611584327,0.5572602718382452,-0.38411407637727235
5973,0,1997-11-24,400.0,44366.05454545455,22683.877974868567,11,108,118723.8,41600.0,50864.62222222223,0.0,77123.8,0.0,0.003384667456136007,3.5526315789473686,33418.55111111111,3.096296296296296,0.13681024002000444,1.146476123060366
6075,0,1997-11-26,-8657.3,45330.9197368421,32759.94939605866,152,684,988727.0,917210.2,47393.159999999996,4.0,71516.6,34.599999999999994,0.9999999999898498,22.5,43943.42222222222,6.7555555555555555,0.12261220738627775,1.045493015907791
5281,0,1997-11-27,400.0,51370.480597014925,27095.340184743734,134,689,892289.6,824546.8,61271.45333333334,0.0,67742.6,0.0,0.9999999999887424,22.664473684210527,39369.52661828737,5.912336719883889,0.20559048312723135,1.1927366185662351
5103,1,1997-11-28,200.0,41922.046710526316,9731.975450036936,152,623,346716.2,292154.0,47087.28,0.0,54562.2,0.0,0.9999999999708749,20.49342105263158,16918.414895666134,7.417014446227929,0.0617670157533505,1.1232104270554286
6468,0,1997-11-30,400.0,42000.78888888889,13429.797196148776,54,358,288598.9,237517.6,43657.4125,0.0,51081.3,0.0,0.9999999999651202,11.776315789473685,24506.722234636873,4.585474860335196,0.1386966386638608,1.039442678210145
7209,0,1997-11-30,700.0,29028.266101694913,19243.809938833172,59,424,235902.5,225487.6,19416.04117647059,0.0,10414.7,0.0,0.999999999957238,13.947368421052632,16913.764150943396,4.230188679245283,0.37992725562761887,0.6688667212075836
5584,0,1997-12-06,500.0,47061.86,12246.407730001189,135,606,519533.9,450345.0,55772.909523809525,0.0,72489.8,0.0,0.9999999999806178,19.93421052631579,26062.426666666666,6.772277227722772,0.03963560311614539,1.1850978586897871
4988,0,1997-12-06,379.0,46266.574698795186,28827.091843999817,83,636,368306.7,348328.3,15316.033333333335,0.0,19992.8,18.5,0.9999999999725766,20.92105263157895,17604.596981132076,3.9672955974842763,0.4186406541264463,0.3310388423982851
6502,1,1997-12-08,900.0,61588.33719512195,22716.440103874163,164,498,1008878.1,981031.4,68219.6888888889,0.0,27846.6,0.0,0.9999999999900505,16.38157894736842,61586.13301204819,10.01124497991968,0.04096701442671764,1.1076721987424503
5651,1,1997-12-08,200.0,36065.975000000006,11241.910004472638,72,422,297867.9,254432.4,31603.052631578947,0.0,56435.5,0.0,0.9999999999662275,13.881578947368421,21457.782369668246,5.1867298578199055,0.07475143384433929,0.8762567107312743
4962,1,1997-12-08,900.0,62991.26463414634,22476.347979775186,164,498,1009153.2999999999,977531.4,68836.62857142858,0.0,31621.9,0.0,0.9999999999900505,16.38157894736842,61602.93236947791,10.01124497991968,0.040955842563762425,1.0927964212229138
5862,0,1997-12-09,700.0,56496.39136690648,21125.219655712437,139,589,702641.0,647617.2,70865.77777777778,0.0,55023.7,0.0,0.9999999999856765,19.375,36265.34193548387,7.174193548387096,0.11504096683471475,1.2543416676829549
7199,1,1997-12-09,900.0,59138.441780821915,25823.684557712564,146,447,855021.9,778632.8,60405.54285714286,0.0,76389.2,0.0,0.9999999999882614,14.703947368421053,58149.14040268456,9.929306487695749,0.0655899635477332,1.021426013739131
6727,1,1997-12-10,1100.0,35642.19777777778,9970.089426002905,45,265,160925.8,103158.4,39270.62,0.0,57767.4,0.0,0.9999999999371544,8.717105263157896,18460.921962264147,5.162264150943396,0.1933814576197007,1.1018013040000147
7279,0,1997-12-11,200.0,51964.019277108426,24707.291006253043,83,333,589384.0,533936.8,54747.10344827586,0.0,55447.1,0.0,0.9999999999829835,10.953947368421053,53805.626426426425,7.577177177177177,0.12061935581529198,1.0535579079399249
6544,0,1997-12-11,1000.0,53546.70890052356,24632.060431052567,191,664,797971.0,765042.6,55916.65151515151,0.0,32928.2,0.0,0.9999999999874017,21.842105263157897,36533.612048192765,8.744578313253012,0.07439724261785609,1.0442593513746683
5933,0,1997-12-13,800.0,42728.93157894737,13891.271413336683,57,366,290163.1,215347.0,52303.1625,0.0,74816.0,0.0,0.013524479307077654,12.039473684210527,24100.978797814205,4.7344262295081965,0.15132165498679007,1.22406904537555
6574,0,1997-12-20,700.0,37934.865625,22908.16296637593,64,386,356453.0,335702.8,23798.810526315792,0.0,20750.2,0.0,0.9999999999718301,12.697368421052632,28072.982383419687,5.040414507772021,0.07672857731371278,0.6273598213132512
6399,0,1997-12-21,900.0,35987.26296296296,8500.999900341789,81,425,169368.3,142681.4,33015.91904761905,0.0,26686.8,0.0,0.9999999999403552,13.980263157894738,12114.814870588234,5.793882352941176,0.11308468296904589,0.9174334561765293
7187,0,1997-12-24,1100.0,78724.20970149254,16373.293143798604,134,534,416751.8,327630.2,83366.79310344828,0.0,89121.5,0.0,0.9999999999757172,17.565789473684212,23725.19610486891,7.628464419475654,0.016986160959379142,1.058972753222545
6353,0,1997-12-25,600.0,41285.01833333333,14317.07448670923,120,684,703252.7,678982.2,42660.75882352941,0.0,24270.5,0.0,0.0008576942319940291,22.5,31255.675555555554,5.333333333333333,0.15529979474669284,1.033322995493309
5043,0,1997-12-25,400.0,59623.21607142857,25407.637815788745,112,470,823643.5,728409.0,67141.048,0.0,102734.6,0.0,0.00048808999402714405,15.460526315789474,53273.962553191486,7.244255319148936,0.14643175811723708,1.1260890037918145
5469,0,1997-12-26,800.0,49740.62371134021,29394.413057581954,97,537,595596.4,580755.4,21149.715384615385,0.0,14840.8,0.0,0.9999999999831148,17.664473684210527,33717.189124767225,5.491247672253259,0.14491124928803267,0.4252000437932089
5976,0,1997-12-27,1100.0,26347.124418604653,9532.79994740063,86,374,228252.6,210978.2,26168.82857142857,0.0,17274.4,0.0,0.9999999999559801,12.302631578947368,18553.152513368987,6.990374331550802,0.5227144005734171,0.9932328153055477
6059,1,1997-12-28,300.0,49309.00967741936,26233.474473140293,31,182,243074.8,205005.0,45650.52777777778,0.0,38069.7,0.0,0.9999999999587253,5.986842105263158,40601.505054945046,5.178021978021977,0.16383629102811936,0.9258050013002999
5799,0,1997-12-28,900.0,36071.942307692305,15711.303814237473,52,337,245718.30000000002,194623.0,46307.6375,0.0,51095.2,0.0,0.06831020194179684,11.085526315789474,22165.68640949555,4.69080118694362,0.13299836261362624,1.2837578052260123
6147,0,1997-12-28,14855.3,44723.35581395349,35436.029353100355,86,536,425448.4,405467.0,19110.266666666666,0.0,19981.3,0.0,0.9999999999763426,17.63157894736842,24129.909253731345,4.877611940298507,0.15325378805125922,0.42729947953573183
6254,0,1997-12-28,1000.0,54799.85662650602,24844.513821660523,83,412,471108.2,451048.4,67529.47727272728,0.0,20059.8,0.0,0.9999999999786507,13.55263157894737,34761.381747572814,6.124271844660194,0.14858442728257767,1.232292955083046
7100,0,1997-12-31,600.0,58819.487692307695,22066.35064076996,65,395,508230.4,454608.8,56158.26666666667,0.0,53621.6,0.0,0.0011871714255517443,12.993421052631579,39114.440911392405,5.00253164556962,0.14833396217167402,0.9547561337305456
7147,0,1998-01-02,200.0,62460.22678571429,31861.59331757581,112,678,736200.9,724638.0,62666.426666666666,0.0,11562.7,0.0,0.999999999986332,22.30263157894737,33009.59787610619,5.021828908554572,0.16889027304226958,1.003301298786935
5909,0,1998-01-03,700.0,23137.19054054054,4868.0898129165225,74,331,106248.7,85130.2,23705.170370370368,0.0,21118.6,0.0,0.9999999999049971,10.888157894736842,9758.188761329304,6.796374622356495,0.10473255067607988,1.0245483486246587
7037,0,1998-01-03,400.0,54315.558974358966,14925.629654032195,39,241,220028.9,177334.8,58256.60833333334,0.0,42694.0,0.0,0.0018310993919911788,7.927631578947369,27754.68282157676,4.919502074688796,0.1636840899090148,1.0725583870012136
5782,0,1998-01-04,500.0,59128.5875,21405.4915018847,32,202,210464.4,166829.2,66668.18421052632,0.0,43635.1,0.0,0.006252735571511924,6.644736842105264,31673.850297029698,4.815841584158416,0.16726731826550817,1.1275118689289034
6237,0,1998-01-06,-1449.6,14785.585897435896,6609.171562045565,78,478,140084.5,129320.6,12229.192307692309,1.0,10778.5,0.0,0.9999999999281228,15.723684210526317,8909.139748953974,4.960669456066945,0.9539641570285425,0.8271023133105643
6552,0,1998-01-08,1000.0,39297.33529411765,12622.471304730285,85,473,373246.6,331590.6,38010.857894736844,0.0,41656.1,0.0,0.9999999999730367,15.55921052631579,23988.787822410148,5.4630021141649046,0.1480274878750817,0.9672629861687846
7067,0,1998-01-11,600.0,60593.8406779661,21974.288190104475,59,260,470431.6,418532.6,66757.28749999999,0.0,51899.0,0.0,0.9999999999786503,8.552631578947368,55004.310153846156,6.898461538461539,0.10330099555970303,1.1017173815367334
5320,0,1998-01-11,700.0,28370.441666666666,16621.38665670709,72,447,221278.9,204805.0,14387.23,0.0,16473.5,0.0,0.9999999999543527,14.703947368421053,15048.945324384787,4.896644295302013,0.26520130888382654,0.5071204094729624
5930,0,1998-01-12,1000.0,58360.68125,27018.40143712475,16,110,120595.09999999999,53174.6,62184.72666666667,0.0,67420.5,0.0,0.9999999999167575,3.618421052631579,33328.10036363636,4.421818181818182,0.08338309021051442,1.0655243448860772
6486,0,1998-01-15,500.0,28077.73140495868,9880.246623423533,121,632,359876.2,339889.6,23503.629999999997,0.0,19986.6,0.0,0.020983599218263465,20.789473684210527,17310.50075949367,5.820253164556962,0.14650067226646604,0.8370914890751543
5245,0,1998-01-17,800.0,71376.04415584415,25109.194803138787,77,281,601541.3,559389.0,84498.39677419355,0.0,42152.2,0.0,0.9999999999833111,9.243421052631579,65077.77765124556,8.330249110320285,0.08033464245220107,1.1838481350669876
6643,0,1998-01-18,600.0,55660.65578947368,13977.180083878635,95,519,415868.9,338535.2,66283.2,0.0,77333.8,0.0,0.9999999999757455,17.072368421052634,24359.180269749515,5.564547206165702,0.06133211310242673,1.19084475466469
5260,0,1998-01-19,800.0,55026.619999999995,25548.054001677494,90,565,622069.2,572470.0,61793.06399999999,0.0,49599.2,0.0,0.9999999999838534,18.585526315789476,33470.62598230088,4.842477876106194,0.10232853131542384,1.1229667384398738
5569,0,1998-01-20,200.0,20942.59435483871,7160.246306640331,124,664,271151.6,245174.2,25458.704545454544,0.0,25977.1,0.0,0.9999999999628945,21.842105263157897,12414.169638554215,5.677108433734939,0.676646142094432,1.2156423460217562
7110,0,1998-01-21,1000.0,25084.423664122136,8521.249762977905,131,654,261214.5,247282.2,17397.56818181818,0.0,13932.4,0.0,0.9999999999613656,21.513157894736842,12142.080733944955,6.089296636085627,0.21454312938077508,0.6935606098762416
7139,0,1998-01-22,800.0,54304.50852713179,14228.94749867343,129,603,530829.5,478263.0,63281.350000000006,0.0,52566.3,0.0,0.9999999999810183,19.835526315789476,26761.5535655058,6.503482587064676,0.07290309191114012,1.1653056386051284
6791,0,1998-01-23,200.0,36640.32207792207,10665.199718854723,77,308,211480.3,181580.0,36297.845714285715,0.0,29900.3,0.0,0.9999999999522629,10.131578947368421,20873.380259740257,7.6,0.4524422914716304,0.9906530195664068
5360,0,1998-01-25,400.0,47164.91871345029,16696.592829496705,171,625,654714.4,618291.0,59851.8935483871,0.0,36423.3,0.0,0.007216779780621922,20.55921052631579,31845.308416,8.31744,0.15380601545692815,1.2689917669386095
5287,0,1998-01-26,900.0,45735.83829787234,19455.06988026239,47,440,201968.6,178316.0,35173.075,0.0,23652.7,0.0,0.9999999999496176,14.473684210526317,13954.19418181818,3.247272727272727,0.1917702995396918,0.7690484377531522
6553,0,1998-01-26,700.0,48865.98409090909,24319.344887497962,132,475,567076.3,543621.8,45631.846666666665,0.0,23454.4,0.0,0.9999999999822825,15.625,36292.883200000004,8.448,0.0973193554108924,0.9338161812608975
7072,0,1998-01-27,700.0,44135.94383561644,9993.711593699896,73,379,185282.5,145970.2,45675.20384615385,0.0,39312.2,0.0,0.9999999999455054,12.467105263157896,14861.70976253298,5.855408970976253,0.12394267067469826,1.0348754295574056
6044,0,1998-01-27,900.0,46000.645348837206,21829.525560071197,86,415,442838.5,366396.0,55217.34117647058,0.0,84842.4,0.0,0.9999999999772927,13.651315789473685,32439.25397590361,6.299759036144578,0.14658166929690405,1.2003601415966385
5332,0,1998-01-29,500.0,61295.969158878506,18670.113397526355,107,594,510519.7,437604.4,81391.39565217392,0.0,72915.1,0.0,0.9999999999802415,19.539473684210527,26127.607542087542,5.476094276094276,0.04034047120076968,1.327842544228803
6866,0,1998-02-05,1000.0,48395.94017857143,20832.49060008441,112,465,716960.9,689093.6,44301.91333333334,0.0,27867.4,0.0,0.003651003393977656,15.296052631578949,46872.28249462365,7.322150537634408,0.10887031156412366,0.9154055724656655
6633,0,1998-02-05,400.0,52422.491095890415,30895.46728961792,146,651,935086.3,839443.4,41272.72857142857,0.0,137843.0,0.0,0.9999999999892597,21.414473684210527,43666.08835637481,6.817818740399385,0.1532997401515528,0.7873095631426601
6926,0,1998-02-07,1000.0,56102.47410714285,20395.42933231177,112,461,624949.8,579025.6,54598.293333333335,0.0,45924.3,0.0,0.004347574053608042,15.164473684210527,41211.44017353579,7.385683297180043,0.1515598574615044,0.9731886907399349
6442,0,1998-02-08,900.0,28548.365413533837,7771.536283071562,133,520,238028.2,208314.2,27170.583333333332,0.0,29713.9,0.0,0.9999999999576774,17.105263157894736,13915.49476923077,7.775384615384616,0.2906831603312636,0.9517386698061273
5889,0,1998-02-09,700.0,76826.46397058823,26697.237226240733,136,524,918066.4,880988.0,78990.7625,0.0,37078.3,0.0,0.9999999999890447,17.236842105263158,53261.86748091604,7.890076335877863,0.10052219819203935,1.0281712629642648
5765,0,1998-02-10,1100.0,58031.62727272727,30735.935714960455,11,115,174775.4,74100.0,66407.32222222222,0.0,100675.4,0.0,0.006312080748365339,3.7828947368421053,46201.49704347826,2.9078260869565216,0.13882667032576435,1.1443298306747278
5124,0,1998-02-12,700.0,51641.833333333336,19462.195793041104,33,187,171453.9,142982.0,55083.05454545454,0.0,28471.9,0.0,0.005878998453477781,6.151315789473684,27872.719572192513,5.364705882352942,0.15556429602119662,1.0666363097383227
5491,0,1998-02-13,1100.0,22133.735454545455,11407.190986049878,110,436,213844.2,205137.0,21119.79375,0.0,8707.1,0.0,0.9999999999529434,14.342105263157896,14910.237798165137,7.669724770642201,0.5991185462587401,0.9541902126656561
6730,0,1998-02-15,400.0,53890.64326923077,24474.845483946592,104,447,777279.9,719812.0,42535.11935483871,0.0,57467.8,0.0,0.006214557601100307,14.703947368421053,52861.98872483221,7.0729306487695744,0.14666493231820724,0.7892857974332543
7151,0,1998-02-18,300.0,45733.43548387097,20414.41994525505,93,405,461096.0,424969.4,52885.757575757576,0.0,36126.5,0.0,0.9999999999781995,13.322368421052632,34610.66271604938,6.980740740740741,0.1610775281631354,1.1563915329047416
5140,0,1998-02-24,1000.0,21491.790625,8412.09621056391,64,304,96513.6,77116.0,16015.453125,0.0,19397.6,0.0,0.9999999998954893,10.0,9651.36,6.4,0.3082467130971731,0.7451893328477885
7171,0,1998-02-24,300.0,72465.66956521738,30856.626329016868,23,168,306750.3,226070.6,81262.86666666667,0.0,80679.6,0.0,0.0009831005023321405,5.526315789473684,55507.19714285714,4.161904761904762,0.0736481070867686,1.1213981343582016
6568,0,1998-02-25,600.0,38280.102666666666,18059.022445730505,75,641,292510.9,261109.0,40248.668,0.0,31401.9,0.0,0.999999999965476,21.085526315789476,13872.59182527301,3.5569422776911073,0.2648387585842712,1.0514252884837023
6861,0,1998-02-28,1000.0,37189.77195121951,12651.725211135925,82,403,304774.4,266770.8,37187.980769230766,0.0,38003.2,0.0,0.0033109513024186183,13.256578947368421,22990.426203473948,6.18560794044665,0.15589097682319317,0.9999518364352807
6855,0,1998-03-01,600.0,33782.061386138615,7816.654293992667,101,444,160519.4,123086.0,38670.409375,0.0,37433.1,0.0,0.9999999999364455,14.605263157894738,10990.517477477477,6.915315315315315,0.1320229008009186,1.144702477493577
7129,0,1998-03-01,300.0,48180.3778761062,13378.644686694159,113,426,372115.0,341476.0,47438.700000000004,0.0,30638.8,0.0,0.9999999999729449,14.013157894736842,26554.68544600939,8.063849765258215,0.12193704969181748,0.9846062252176715
5384,0,1998-03-07,1000.0,40311.637037037035,15155.251505035581,27,187,121433.2,93625.2,45842.80588235294,0.0,27807.9,0.0,0.9999999999170365,6.151315789473684,19741.012192513368,4.389304812834225,0.09847519367585901,1.1372102261404553
6859,0,1998-03-07,500.0,39041.91875,24359.757099878625,80,339,306593.3,269128.6,25337.126666666667,0.0,37464.6,0.0,0.9999999999671397,11.151315789473685,27493.912448377578,7.174041297935103,0.16501834749304828,0.64897237306445
5772,0,1998-03-08,1100.0,64863.95428571428,22167.038821297436,35,243,287773.5,237829.4,73485.31176470588,0.0,49944.1,0.0,0.0038522959682622537,7.99342105263158,36001.29382716049,4.378600823045267,0.15491109917398102,1.1329144601589798
5665,0,1998-03-11,1100.0,48478.5906779661,12051.539852408316,118,444,330588.3,281657.0,44925.57142857143,0.0,50935.1,0.0,0.009749884981528541,14.605263157894738,22634.874594594592,8.079279279279278,0.14959216956795887,0.9267095183879459
6495,0,1998-03-12,400.0,49296.52272727273,25514.535100547644,22,165,193616.0,168435.2,54215.560000000005,0.0,25180.7,0.0,0.9999999999481253,5.427631578947369,35672.281212121205,4.053333333333333,0.11457074961232243,1.0997846701874578
5061,0,1998-03-13,500.0,25727.382352941175,8961.646333139917,85,446,272322.3,232796.0,25400.492307692304,0.0,39526.2,0.0,0.9999999999630734,14.671052631578949,18561.878744394617,5.79372197309417,0.09460249273443068,0.9872940802668002
6948,0,1998-03-15,400.0,38742.92380952381,23121.177375382616,21,245,127635.2,89000.0,35429.2,0.0,38635.4,0.0,0.9999999999203054,8.05921052631579,15837.184,2.605714285714286,0.2754908951771408,0.914468927668956
5773,0,1998-03-16,600.0,42220.02946428571,33144.90770317254,112,697,539749.3,529763.0,18442.691666666666,0.0,20985.9,0.0,0.9999999999813655,22.92763157894737,23541.43288378766,4.88493543758967,0.23690146751737073,0.43682327786860653
6052,0,1998-03-23,6392.0,25150.975925925926,7025.3438828055705,54,314,88528.1,71314.6,21687.879999999997,0.0,17213.5,0.0,0.9999999998857195,10.328947368421053,8570.873375796178,5.228025477707006,0.07245469301053188,0.8623076915683735
6682,0,1998-03-30,-214.8,31916.898260869562,15511.883282067594,115,478,325736.1,322905.1,15419.943333333333,1.0,2830.7,24.5,0.008760923776560119,15.723684210526317,20716.27079497908,7.3138075313807525,0.14563431943913743,0.48312787798077045
6083,0,1998-03-31,600.0,41135.01098901099,18746.193751902756,91,561,594030.4,583608.8,23732.633333333335,0.0,10421.7,0.0,0.00845587302646763,18.453947368421055,32189.882638146166,4.931194295900178,0.15567003007662678,0.5769448641670216
6962,0,1998-04-02,300.0,43095.51162790698,25143.86347498738,86,611,540704.2,519206.0,38484.59655172414,0.0,21498.3,0.0,0.9999999999814226,20.098684210526315,26902.467561374793,4.278887070376432,0.21611400458247584,0.8930070693921857
5158,0,1998-04-11,200.0,64193.40472972973,29366.481591170148,148,648,1157400.5,1135255.6,50614.446153846155,0.0,22144.8,0.0,0.9999999999913264,21.315789473684212,54297.801234567894,6.943209876543209,0.0964495776985799,0.7884680109905516
6464,0,1998-04-16,300.0,50541.553125,18485.31283321777,32,217,185726.0,126269.8,52301.649999999994,0.0,59456.1,0.0,0.047233578185294965,7.1381578947368425,26018.757603686634,4.48294930875576,0.07925051728508847,1.0348247482679975
5172,0,1998-04-16,400.0,28050.29918699187,9147.726880698387,123,496,234586.3,213273.2,19179.13703703704,0.0,21313.1,0.0,0.9999999999570174,16.315789473684212,14377.869999999997,7.538709677419354,0.0984846850761033,0.6837409078008629
5582,0,1998-04-17,900.0,63500.40697674418,21550.697258655076,215,682,1231352.4,1151449.8,59972.10625,0.0,79902.5,0.0,0.004979998367172994,22.43421052631579,54887.262404692076,9.58357771260997,0.06263748361185754,0.9444365649895641
6136,0,1998-04-19,800.0,45160.51162790698,26253.234957721645,43,251,239412.8,225653.4,29535.26842105263,0.0,13759.2,0.0,0.9999999999578646,8.256578947368421,28996.610039840634,5.20796812749004,0.08097498279847733,0.6540065059019663
6235,0,1998-04-19,700.0,52905.40714285714,19287.97492844276,140,599,820039.6,768116.0,39283.340740740736,0.0,51923.7,0.0,0.01531586834215753,19.703947368421055,41618.036460767944,7.1051752921535885,0.12869420218231573,0.7425203368578414
6508,0,1998-04-19,13026.6,30696.238181818182,11380.741722662877,55,254,148382.3,113787.0,24766.11153846154,0.0,34595.1,0.0,0.10727136940000874,8.355263157894738,17759.14141732283,6.58267716535433,0.12990492864990813,0.8068125932467756
4968,0,1998-04-19,13841.0,31383.44909090909,10950.811532854588,55,254,148403.7,110987.0,26212.342307692303,0.0,37416.7,0.0,0.10727136940000874,8.355263157894738,17761.702677165355,6.58267716535433,0.1298861961959899,0.8352282192887781
6632,0,1998-04-23,700.0,64162.669178082186,23329.248678918844,146,601,1004343.4,975098.2,49385.3052631579,0.0,29245.0,0.0,0.9999999999899938,19.769736842105264,50802.062163061564,7.385024958402662,0.059446405732745886,0.7696890713569458
7195,0,1998-04-23,1000.0,28634.139215686275,8016.806960032865,51,292,105918.7,77241.0,31120.425,0.0,28677.8,0.0,0.9999999999046956,9.605263157894738,11027.15232876712,5.30958904109589,0.6407819338052245,1.0868294225545778
5525,0,1998-04-27,200.0,69554.2923076923,29245.776818467417,91,315,693723.7,618565.0,51528.2,0.0,75158.7,0.0,0.9999999999855361,10.361842105263158,66949.8427936508,8.782222222222222,0.03895453507857654,0.7408342214833078
6320,0,1998-04-28,500.0,41026.3314516129,10342.270598892203,124,644,432869.1,400075.6,38015.45789473684,0.0,32793.3,0.0,0.9999999999767238,21.18421052631579,20433.572422360245,5.853416149068322,0.42807003175556074,0.9266111918953015
6766,0,1998-04-28,1100.0,45497.74206349206,15938.03881118303,126,559,724145.0,671376.8,44455.958333333336,0.0,52767.8,0.0,0.0015309182865192775,18.388157894736842,39381.05187835421,6.8522361359570665,0.07866727401753691,0.977102517780422
6872,0,1998-04-29,900.0,18241.44,6812.897166080388,30,176,43977.3,26710.6,20968.395,0.0,17266.7,0.0,0.9999999997693141,5.7894736842105265,7596.079090909091,5.181818181818182,0.42034843997581134,1.1494923091874918
5906,0,1998-05-05,200.0,67815.17450980392,26169.159052547657,51,275,495722.6,429922.4,71917.646875,0.0,90314.9,0.0,0.9999999999797591,9.046052631578949,54799.88014545453,5.637818181818181,0.041131476813561,1.060494902272913
7172,0,1998-05-07,700.0,41690.6,16927.38870265652,86,415,424726.3,395617.4,35254.218181818185,0.0,29123.4,0.0,0.0016560678324992412,13.651315789473685,31112.480771084334,6.299759036144578,0.12245889444844242,0.8456155146090972
6571,0,1998-05-12,200.0,66051.94507042253,20781.866701859122,142,673,1014708.1,940834.0,70326.51052631579,0.0,73904.0,0.0,0.002578886654930297,22.138157894736842,45835.25444279346,6.4142644873699854,0.127325572197065,1.0647152092294738
5616,0,1998-05-15,300.0,31685.09911504425,8392.463065320397,113,574,229428.3,185780.4,39206.295,0.0,43648.0,0.0,0.9999999999559658,18.88157894736842,12150.906480836236,5.984668989547038,0.44885540055083173,1.2373732790064373
6312,0,1998-05-17,300.0,22935.07212121212,5128.0615150032145,165,659,143783.3,114748.2,25481.67692307692,0.0,29034.9,0.0,0.9999999999295466,21.67763157894737,6632.795629742032,7.611532625189681,0.04583286090988677,1.1110353949312044
6470,0,1998-05-17,600.0,50265.36186046512,22598.989371999247,215,684,686516.2,610002.0,84849.13823529413,0.0,76514.2,0.0,0.9999999999853407,22.5,30511.83111111111,9.555555555555555,0.13620945866878723,1.688024020476608
5147,0,1998-05-21,700.0,23066.613333333335,8114.044262605659,15,159,40077.6,8800.0,27871.63333333333,0.0,31277.6,0.0,0.9999999997482059,5.230263157894737,7662.635471698112,2.8679245283018866,0.048416762207483074,1.2083105967261003
5501,0,1998-05-21,300.0,31673.896923076925,10787.938569689824,130,638,344140.1,304292.6,36431.68888888889,0.0,39847.5,0.0,0.999999999970728,20.986842105263158,16397.898181818182,6.19435736677116,0.3464468393171611,1.150211764781094
6436,0,1998-05-22,600.0,44813.422580645165,28179.088478784048,31,222,372964.7,338729.2,38118.47222222222,0.0,34235.5,0.0,0.0016129379125999232,7.302631578947369,51072.6436036036,4.245045045045044,0.16159335832386298,0.8506039043351149
5699,0,1998-05-24,1000.0,58926.411188811195,27760.093299654243,143,674,889668.0,818425.4,66406.35500000001,0.0,71242.6,0.0,0.9999999999887027,22.17105263157895,40127.458753709194,6.449851632047477,0.1816711106209644,1.126937032970705
5313,0,1998-05-27,400.0,36159.705555555556,10229.963510981173,54,304,149842.3,112223.0,36522.92222222222,0.0,37619.2,0.0,0.9999999999327166,10.0,14984.23,5.4,0.12012629269563649,1.0100447902156773
6234,0,1998-05-28,1000.0,43197.28125,13377.630978738904,80,446,324797.6,275500.4,41071.98888888888,0.0,49297.2,0.0,0.9999999999689686,14.671052631578949,22138.670493273537,5.452914798206278,0.019377857398282607,0.9508003210128155
6569,0,1998-05-28,1000.0,39247.387500000004,18467.46455474465,56,329,277065.2,219964.6,41691.452941176474,0.0,57100.5,0.0,0.050491291158557494,10.822368421052632,25601.16133738602,5.1744680851063825,0.14796203768259011,1.06227332788848
7202,0,1998-05-29,300.0,54575.39882352942,28027.564719301634,85,416,491261.3,466561.6,48567.20625,0.0,38199.7,0.0,0.9999999999795393,13.68421052631579,35899.86423076923,6.211538461538462,0.08164376278257472,0.889910239559474
5683,0,1998-05-29,300.0,57514.34705882353,27755.30323498723,85,416,491325.2,464461.6,52135.08125,0.0,26863.5,0.0,0.9999999999795393,13.68421052631579,35904.53384615385,6.211538461538462,0.0816331444865045,0.9064708878223633
5034,0,1998-05-30,900.0,44659.6496124031,11387.127112028216,129,674,384719.0,335802.2,51869.87777777778,0.0,48916.6,0.0,0.9999999999737614,22.17105263157895,17352.310979228485,5.818397626112759,0.18049469041583,1.1614483816227197
5435,0,1998-06-01,600.0,53094.36448598131,21446.09361167235,107,579,815923.7,772783.0,57760.166666666664,0.0,43140.7,0.0,0.006529272700537627,19.04605263157895,42839.51723661485,5.617962003454231,0.1530362716801635,1.0878775405822685
5815,0,1998-06-03,1000.0,66345.6825,28183.949451379074,40,241,383586.7,324459.8,78360.8423076923,0.0,59126.9,0.0,0.9999999999738011,7.927631578947369,48386.0401659751,5.045643153526971,0.08680189543771359,1.1810993472842986
5589,0,1998-06-05,600.0,48798.69772727273,28087.26339722942,44,510,249136.6,225937.0,61915.5,0.0,23199.6,0.0,0.9999999999596932,16.776315789473685,14850.49537254902,2.6227450980392155,0.5471197957172376,1.2687941045752247
6746,0,1998-06-06,400.0,29159.44181818182,11311.813505713119,55,288,180678.3,159111.0,25714.663157894734,0.0,21519.2,0.0,0.015076555397123364,9.473684210526317,19071.59833333333,5.805555555555555,0.16223076557616048,0.8818640394221197
6790,0,1998-06-08,1000.0,20237.192592592593,6245.934128330562,81,340,96510.5,69034.2,19865.869565217392,0.0,27476.0,0.0,0.9999999998946281,11.18421052631579,8629.174117647059,7.24235294117647,0.3674743322006234,0.9816514550873212
6857,0,1998-06-08,700.0,40349.88486238533,10524.344981804665,218,675,428341.8,357132.8,50716.27142857143,0.0,71208.5,0.0,0.9999999999763075,22.203947368421055,19291.24551111111,9.818074074074072,0.07516362789604292,1.2569124196753447
6450,0,1998-06-10,1000.0,42818.502958579884,18387.004646334764,169,659,712532.0,646247.2,35848.995652173915,0.0,66284.9,0.0,0.009020716639430389,21.67763157894737,32869.457966616086,7.796054628224582,0.14852693961285096,0.8372314108804743
7221,0,1998-06-11,600.0,20874.116101694915,9790.925693713745,118,481,272392.7,262751.0,18095.88076923077,0.0,9641.6,0.0,0.09999225151925524,15.822368421052632,17215.671683991684,7.457796257796257,0.14759807489165908,0.8669052463060886
5527,0,1998-06-15,400.0,49909.15555555555,17920.61636115787,63,344,344935.7,322896.0,41975.68125,0.0,22039.7,0.0,0.9999999999707986,11.31578947368421,30482.68976744186,5.567441860465117,0.08552394880616018,0.8410417041591707
5620,0,1998-06-16,700.0,46609.348543689324,24793.342825878528,103,659,523271.6,428551.2,64129.24210526316,0.0,94720.3,0.0,0.999999999980762,21.67763157894737,24138.78094081942,4.75144157814871,0.10360920897768454,1.3758879730188174
6215,0,1998-06-18,1000.0,45921.1985915493,11738.93503503245,71,377,313917.1,247696.8,49880.42,0.0,66220.2,0.0,0.9999999999678929,12.401315789473685,25313.209124668432,5.725198938992042,0.06478830839958143,1.0862177277384288
7167,0,1998-06-18,400.0,61366.869333333336,22661.358296060393,75,341,588205.0,521741.2,70997.69130434783,0.0,66463.8,0.0,0.0006834148874982331,11.217105263157896,52438.21700879765,6.686217008797653,0.14300638782801894,1.1569384598574237
5823,0,1998-06-21,1100.0,49635.71543624161,23435.838013657525,149,671,945015.3,891792.8,31009.873684210525,0.0,53222.2,0.0,0.999999999989376,22.072368421052634,42814.40405365126,6.750521609538002,0.1381777962202816,0.6247492033794906
6207,0,1998-06-23,1100.0,34785.53451327434,10154.957755537176,113,606,424319.4,385296.0,36311.53333333333,0.0,39023.4,0.0,0.03653236672716176,19.93421052631579,21285.989702970295,5.668646864686468,0.1445551765030252,1.0438687756555236
6932,0,1998-06-25,800.0,57411.60828729282,22184.5250679484,181,686,1102249.8,1004013.0,55054.93333333333,0.0,98236.7,0.0,0.0007296427395464572,22.565789473684212,48846.05527696793,8.020991253644315,0.09617972162541077,0.9589512463793735
5669,0,1998-06-27,700.0,54293.59240506329,21993.073666869575,79,403,421819.7,379190.0,39375.34375,0.0,42629.7,0.0,0.999999999976159,13.256578947368421,31819.64982630273,5.959305210918114,0.06269710729889691,0.7252300317316202
5154,0,1998-07-01,1000.0,50883.196875,21193.14130159087,64,594,339139.6,297801.0,59523.183333333334,0.0,41338.5,0.0,0.9999999999700818,19.539473684210527,17356.639461279457,3.2754208754208753,0.10439808944573457,1.169800385535138
7168,0,1998-07-05,500.0,64087.07016129032,23975.578533904947,124,561,965295.2000000001,938012.4,68109.21739130435,0.0,27297.3,0.0,0.0005202534674839475,18.453947368421055,52308.33169340463,6.719429590017825,0.11063247118667592,1.0627606662196247
5585,0,1998-07-08,900.0,51249.12985074627,31799.726667341,134,632,808367.6,779534.0,24388.615384615383,0.0,28833.5,0.0,0.9999999999875765,20.789473684210527,38883.50481012658,6.445569620253164,0.18990057697108492,0.4758835018444983
7200,0,1998-07-11,800.0,28375.804,7195.005761508946,50,326,81614.9,44987.6,31982.575,0.0,36627.3,0.0,0.9999999998758242,10.723684210526317,7610.714601226992,4.662576687116564,0.06819333354510417,1.1271072702901714
6539,0,1998-07-11,900.0,28534.93717948718,7374.821969783567,78,413,118859.8,80739.40000000001,36734.57777777778,0.0,38120.5,0.0,0.9999999999148588,13.585526315789474,8749.002227602905,5.741404358353511,0.12184246512343652,1.2873544291981656
5774,0,1998-07-12,800.0,21298.78,11014.437192232273,55,287,182037.8,168591.0,18549.795238095237,0.0,13446.7,0.0,0.019847614425916156,9.44078947368421,19282.052682926827,5.825783972125436,0.13971541530888104,0.870932289520147
6357,0,1998-07-12,200.0,44890.03333333333,9089.012046897695,132,561,285358.5,231136.4,45289.02,0.0,54222.1,0.0,0.9999999999645643,18.453947368421055,15463.277005347592,7.152941176470588,0.06990756221511697,1.008888090004636
5042,0,1998-07-12,400.0,42007.36633663366,13202.104146796277,101,595,496133.9,440639.0,46858.93888888889,0.0,55494.8,0.0,0.999999999979718,19.572368421052634,25348.690016806722,5.160336134453781,0.2725190135148861,1.1154933756670518
5015,0,1998-07-12,1000.0,48376.25806451613,12283.907153443406,93,504,382156.5,315499.2,58076.06470588235,0.0,66657.0,0.0,0.9999999999736349,16.578947368421055,23050.70952380952,5.609523809523809,0.3953023652757854,1.200507584038955
5354,0,1998-07-14,900.0,44617.08095238096,10915.899465187957,84,342,255577.2,202188.2,45372.31481481482,0.0,53388.9,0.0,0.9999999999605601,11.25,22717.973333333335,7.466666666666667,0.21335529920508373,1.0169270117216014
6054,0,1998-07-16,700.0,32543.264705882353,17349.90475128658,34,507,185109.8,129937.6,46601.77692307692,0.0,55172.0,0.0,0.9999999999454598,16.67763157894737,11099.285838264299,2.0386587771203155,0.44119955706571795,1.431994525746935
7295,0,1998-07-18,1000.0,38619.102830188676,17484.955759479184,106,620,447002.3,415699.0,46576.221052631576,0.0,31303.2,0.0,0.9999999999774567,20.394736842105264,21917.532129032257,5.1974193548387095,0.21325393617998706,1.2060409907855856
5365,0,1998-07-19,700.0,14873.378082191783,7753.09729972205,73,458,179250.9,167666.0,10497.78125,0.0,11584.9,0.0,0.9999999999439161,15.06578947368421,11897.87633187773,4.845414847161572,0.3799837777845398,0.7058101518653062
6755,0,1998-07-24,400.0,28620.397802197804,11546.84422375008,91,432,287644.9,260271.4,31714.04761904762,0.0,27372.9,0.0,0.07190837820046973,14.210526315789474,20241.67814814815,6.4037037037037035,0.1405515875596888,1.108092481004276
5991,0,1998-07-27,-6652.7,38710.01136363636,24477.120206069965,88,401,591105.4,574703.8,19831.678260869565,1.0,16401.1,11.0,0.0010217983651052147,13.19078947368421,44811.98044887781,6.671321695760598,0.15582886381038266,0.5123139352621328
7035,0,1998-07-29,200.0,51175.192307692305,20060.060760158605,39,242,317650.9,285878.8,47068.11818181818,0.0,31772.1,0.0,0.0006322591250598351,7.960526315789474,39903.253553719005,4.899173553719008,0.14670482923534328,0.9197448226402809
5893,0,1998-08-03,300.0,28459.64523809524,10103.07827153786,84,477,259749.2,230945.0,32107.593333333334,0.0,28804.1,0.0,0.024445039402126913,15.69078947368421,16554.246708595387,5.353459119496855,0.14461545974851395,1.1281796752361923
7164,0,1998-08-15,700.0,58128.03111111111,22774.886854981123,45,284,359540.6,289502.0,47440.888235294115,0.0,70038.5,0.0,0.03835644052124565,9.342105263157896,38486.03605633802,4.816901408450704,0.1352178746345795,0.8161447638997081
5304,0,1998-08-20,300.0,61146.523636363636,22317.59647813194,55,331,529787.7,457223.6,65364.765,0.0,72563.9,0.0,0.000568789388654381,10.888157894736842,48657.2389123867,5.051359516616314,0.14752172870823285,1.0689857918666357
5561,0,1998-08-29,900.0,48935.43584905661,24396.93977244729,53,312,483858.3,449843.0,40901.031818181815,0.0,34015.2,0.0,0.0018667241893881557,10.263157894736842,47145.16769230769,5.1641025641025635,0.15464999607251614,0.8358162362338937
5520,0,1998-08-30,300.0,54598.83888888889,22041.38307704004,144,613,969890.2,924485.0,62543.77,0.0,45405.1,0.0,0.0003106789681697935,20.164473684210527,48098.95934747145,7.141272430668842,0.10012690636833718,1.1455146530830858
5241,0,1998-09-02,800.0,48989.18247422681,29467.266709569773,97,393,539445.5,522172.2,29562.58823529412,0.0,17273.4,0.0,0.9999999999813906,12.927631578947368,41728.09974554707,7.5033078880407125,0.12528727717357946,0.6034513485668488
7096,0,1998-09-02,900.0,54062.07923076923,25528.823087216588,130,489,969767.0,902359.0,50752.75714285714,0.0,67407.8,0.0,0.9999999999896508,16.085526315789476,60288.173415132915,8.081799591002044,0.05226564052256411,0.9387866292901204
6078,0,1998-09-09,700.0,65037.92923076924,23103.4898583507,65,356,545820.7,493695.2,72918.50476190477,0.0,52125.4,0.0,0.0012882708460389672,11.710526315789474,46609.408089887635,5.550561797752809,0.07635797460402806,1.1211689180933448
5046,0,1998-09-09,1100.0,17076.756470588236,5320.731429813169,85,458,145597.1,126900.6,16712.127777777776,0.0,18696.6,0.0,0.9999999999307719,15.06578947368421,9664.086986899563,5.641921397379913,0.3692019743970318,0.9786476604485783
5334,0,1998-09-10,900.0,44982.42272727273,14572.504223627093,66,355,255930.5,198426.2,35053.62272727273,0.0,57504.2,0.0,0.9999999999606334,11.677631578947368,21916.301971830988,5.651830985915493,0.3974210616015762,0.7792737828286662
6969,0,1998-09-12,1100.0,37386.856043956046,10470.008388378354,91,462,272827.2,216349.6,45895.799999999996,0.0,56477.5,0.0,0.048804114332925246,15.197368421052632,17952.265974025973,5.987878787878787,0.13647302252428878,1.227591855644775
6821,0,1998-09-15,400.0,32014.602808988762,11317.701056486841,178,693,406922.0,344404.8,50108.225000000006,0.0,62516.8,0.0,0.999999999975115,22.79605263157895,17850.546608946606,7.8083694083694075,0.3757307909485067,1.5651677855668853
5760,0,1998-09-18,600.0,56133.6526627219,27409.199321841075,169,664,1006351.7,962896.6,42347.17307692308,0.0,43455.2,0.0,0.9999999999900236,21.842105263157897,46073.93325301204,7.737349397590361,0.04516653675128314,0.7543990291139855
5614,0,1998-09-21,900.0,39822.71111111111,13798.585863209366,108,645,576472.5,539753.6,46936.8125,0.0,36718.7,0.0,0.005230344365781861,21.217105263157897,27170.176744186043,5.090232558139534,0.15553818579221831,1.178644325778149
7091,0,1998-09-22,200.0,68510.41730769232,27032.8497675628,104,384,981104.6,870622.0,65504.275,0.0,110482.6,0.0,0.9999999999897741,12.631578947368421,77670.78083333332,8.233333333333333,0.04056866643784306,0.9561213836466297
5698,0,1998-09-22,1100.0,34822.46896551724,11111.778628662372,87,389,265222.8,237516.8,32989.58076923077,0.0,27706.0,0.0,0.0716829565209992,12.796052631578949,20726.923187660665,6.798971722365038,0.1405900901070009,0.9473647831354196
5169,0,1998-09-24,1000.0,34086.20895522388,18873.407739340764,134,586,420720.8,372117.4,42782.16,0.0,48603.2,0.0,0.9999999999760829,19.276315789473685,21825.78894197952,6.951535836177474,0.19334925345813267,1.255116403342128
7294,0,1998-09-27,300.0,55438.851851851854,14622.73782813835,54,347,246464.90000000002,184345.6,59078.40499999999,0.0,62119.2,0.0,0.9999999999590661,11.414473684210527,21592.31400576369,4.7308357348703165,0.07558245025561142,1.0656498649578374
5318,0,1998-09-30,400.0,69656.36923076923,23107.003039295298,78,502,481289.8,463180.8,66948.53157894737,0.0,18109.0,0.0,0.9999999999790837,16.513157894736842,29145.836494023904,4.723505976095617,0.2756139800239034,0.9611257708184281
5368,0,1998-10-05,600.0,41154.27910447762,12074.395888828676,67,417,245818.5,206571.4,39596.44666666666,0.0,39246.8,0.0,0.9999999999589744,13.717105263157896,17920.581294964028,4.884412470023981,0.10379127598303842,0.9621465256753111
6923,0,1998-10-05,600.0,41961.44925373134,12613.770886090317,67,417,245815.1,207771.4,40928.87333333333,0.0,38043.6,0.0,0.9999999999589744,13.717105263157896,17920.333429256592,4.884412470023981,0.10379271157563687,0.975392271989745
5463,0,1998-10-06,500.0,28597.88620689655,9101.802812272446,58,344,198159.7,167098.2,31493.444444444445,0.0,31076.0,0.0,0.9999999999492265,11.31578947368421,17511.787441860466,5.125581395348838,0.08542817254449167,1.1012507779626421
5265,0,1998-10-07,413.3,45342.204424778756,26937.96687515327,113,607,569732.5,526368.2,67906.284,0.0,43363.9,23.2,0.9999999999822569,19.967105263157897,28533.55518945634,5.659308072487644,0.09683335920413606,1.497639668086229
6321,0,1998-10-08,800.0,42732.336111111115,27353.589391304522,36,390,186652.5,94429.2,71709.24285714286,0.0,92223.4,0.0,0.999999999945763,12.828947368421053,14549.323076923076,2.806153846153846,0.22049135762772007,1.6781025650904267
5226,0,1998-10-11,200.0,27729.917142857143,15360.768047385516,35,293,139410.7,125716.2,28261.442857142858,0.0,13694.4,0.0,0.9999999999277911,9.638157894736842,14464.454880546076,3.631399317406143,0.3563217583379958,1.0191679513990524
6868,0,1998-10-12,871.3,33221.211570247935,14676.80723090681,121,506,396672.5,359504.2,22471.423076923078,0.0,37167.7,0.0,0.029638108474719763,16.644736842105264,23831.707509881424,7.269565217391304,0.1435902147231885,0.6764179272222488
4967,0,1998-10-14,-1011.2,39953.97068965517,23451.647180035612,116,422,447359.9,430992.0,20759.711111111108,1.0,16367.8,0.4,0.999999999977531,13.881578947368421,32226.874312796208,8.356398104265402,0.16470725478472167,0.5195906876732599
5293,0,1998-10-29,500.0,34760.22890625,14092.496457274405,128,635,546211.2,508610.6,31626.225,0.0,37600.4,0.0,0.016760754049439424,20.888157894736842,26149.32359055118,6.127874015748032,0.1512085000897177,0.9098393763803755
5865,0,1998-10-30,1000.0,49281.73888888889,25697.521091280294,126,660,749509.2,689972.6,61217.59473684211,0.0,59536.5,0.0,0.9999999999865854,21.710526315789476,34522.84799999999,5.803636363636363,0.15818509522789517,1.2421963206785775
5841,0,1998-11-04,200.0,37122.396124031,10838.574904013292,129,622,316814.9,258863.6,50286.880952380954,0.0,57965.7,0.0,0.9999999999681259,20.460526315789476,15484.200900321543,6.304823151125401,0.2259722681373643,1.3546237901998397
5526,0,1998-11-08,1100.0,49145.707586206896,11919.240676953807,145,585,427453.7,377598.0,52161.65652173913,0.0,49870.2,0.0,0.9999999999763942,19.24342105263158,22212.9785982906,7.535042735042735,0.08706621629204508,1.0613674941932265
6852,0,1998-11-10,500.0,23124.206611570247,8941.444783681365,121,449,230926.3,200292.0,23293.977777777778,0.0,30634.0,0.0,0.9999999999562641,14.769736842105264,15635.099153674832,8.192427616926503,0.021362192622096394,1.007341707284745
6469,0,1998-11-17,700.0,40126.96862745098,16479.64095077113,102,523,478321.8,406443.0,51773.27826086956,0.0,71878.9,0.0,0.0567344888946076,17.203947368421055,27803.026233269593,5.92887189292543,0.14948013081871123,1.290236467365465
6168,0,1998-11-21,300.0,57018.617441860464,25880.04781829928,86,443,560689.8,529878.8,49819.26470588235,0.0,30810.9,0.0,0.9999999999820632,14.572368421052632,38476.23006772009,5.901580135440181,0.07162863914767677,0.8737368061921815
7292,0,1998-11-22,700.0,64978.0724137931,26748.860365603225,145,499,1078955.9,1002447.4,69975.83571428571,0.0,76508.5,0.0,0.9999999999906992,16.414473684210527,65731.98268537073,8.833667334669338,0.08049354032907675,1.0769146129466065
5036,0,1998-11-25,900.0,30173.12424242424,10956.883405561994,99,579,399411.2,384544.4,25381.553333333333,0.0,14866.7,0.0,0.9999999999748297,19.04605263157895,20970.812573402418,5.197927461139896,0.09064980159636578,0.841197388808488
5644,0,1998-11-27,1100.0,58466.19366197183,22606.36701478105,142,476,790073.0,732441.6,59473.29375,0.0,57631.4,0.0,0.004961175620465471,15.657894736842106,50458.443697478986,9.06890756302521,0.15198645531874172,1.0172253402312892
6856,0,1998-12-01,600.0,29463.690909090907,16549.387498177668,66,443,287898.8,270277.6,24103.110526315788,0.0,17621.0,0.0,0.9999999999649123,14.572368421052632,19756.486501128667,4.529119638826185,0.2296460961033909,0.8180614775149658
5428,0,1998-12-02,200.0,64923.162745098045,28758.36270441695,153,662,1218721.2,1171264.0,78311.95217391304,0.0,94156.9,0.0,0.9999999999917595,21.776315789473685,55965.44483383685,7.025981873111782,0.11426693771208796,1.206225156795271
5027,0,1998-12-02,700.0,51649.398305084746,16029.138294266511,59,359,352218.8,303893.8,43198.23333333333,0.0,48339.6,0.0,0.0020034459269370904,11.80921052631579,29825.77025069638,4.996100278551532,0.14987039600081845,0.8363743769057003
4989,0,1998-12-05,800.0,30797.4875,16415.401618181764,56,513,255396.6,225221.2,25001.107692307694,0.0,30175.3,0.0,0.9999999999604482,16.875,15134.613333333333,3.3185185185185184,0.48550959534336113,0.8117904970069325
5221,0,1998-12-05,1000.0,59684.29885057471,22496.238340889686,87,521,563908.8,522873.6,62664.40555555556,0.0,41050.0,0.0,0.9999999999821725,17.138157894736842,32903.69965451056,5.076391554702495,0.13299416310682802,1.0499311670217073
6402,0,1998-12-06,1100.0,46755.30576923077,22242.03424821573,104,573,700815.6,652859.0,60022.67647058824,0.0,47956.3,0.0,0.024811226721191928,18.848684210526315,37181.141780104714,5.517626527050611,0.15631580204852097,1.2837618206156824
5346,0,1998-12-06,500.0,29645.320175438595,11976.126777776568,114,644,363519.5,325070.2,39548.40625,0.0,38463.8,0.0,0.13325428574225534,21.18421052631579,17159.926708074534,5.381366459627329,0.13508216195110279,1.334052255216514
6748,0,1998-12-08,700.0,26268.19,10061.747545354825,120,533,312730.7,292916.8,23545.96363636364,0.0,19813.8,0.0,0.999999999967713,17.532894736842106,17836.79789868668,6.844277673545966,0.22509645624479824,0.8963679502622739
