loan_id,amount,duration,payments,target,order_count,order_total_amount,order_mean_amount,order_max_amount,order_amt_household_utility,order_amt_insurance_payment,order_amt_loan_payment,order_amt_other_unknown,is_closed,loan_date,min_balance,mean_balance,std_balance,total_tx_count,history_days,total_inflow,total_outflow,mean_balance_90d,freq_negative_balance,last_balance,sanction_interest,cash_reliance_ratio,months_history,avg_monthly_inflow,tx_per_month,dsti_ratio,balance_trend_90d
5314,96396.0,12,8033.0,1,1,8033.2,8033.2,8033.2,0.0,0.0,8033.2,0.0,1,1993-07-05,1100.0,12250.0,8330.8663014919,4,105,20100.0,0.0,15966.666666666666,0.0,20100.0,0.0,0.9999999995024876,3.4539473684210527,5819.428571428572,1.158095238095238,1.3803760777536742,1.3034013594802163
5316,165960.0,36,4610.0,0,4,13152.0,3288.0,4610.0,4167.0,956.0,4610.0,3419.0,1,1993-07-11,700.0,52083.85945945946,29122.05945394563,37,148,229893.7,177684.8,56036.57586206897,0.0,52208.9,0.0,0.9999999999563416,4.868421052631579,47221.408648648656,7.6,0.0976252113384523,1.0758913880974443
6863,127080.0,60,2118.0,0,4,10591.3,2647.825,7936.0,7936.0,66.0,2118.3,471.0,1,1993-07-28,800.0,30060.954166666663,11520.18445104369,24,170,75146.0,54873.0,35160.92941176471,0.0,20272.8,0.0,0.0604798064564908,5.592105263157895,13437.87294117647,4.291764705882353,0.1576142301460419,1.169654469552954
5325,105804.0,36,2939.0,0,2,9932.7,4966.35,6994.0,6994.0,0.0,2938.7,0.0,1,1993-08-03,1000.0,41297.48,14151.260443037105,25,185,120309.8,86017.2,46378.6375,0.0,34292.7,0.0,0.0410014392307626,6.085526315789474,19769.826594594597,4.108108108108108,0.1486608890801785,1.1230379550706149
7240,274740.0,60,4579.0,0,3,14834.0,4944.666666666667,9499.0,756.0,0.0,4579.0,9499.0,1,1993-09-06,600.0,57188.21111111111,25256.6658167142,27,204,276327.1,235214.0,60804.54705882353,0.0,41142.9,0.0,0.0021803434766964,6.710526315789474,41178.15607843136,4.023529411764706,0.1111997339115053,1.0632356890837846
6687,87840.0,24,3660.0,0,5,8796.8,1759.36,3659.8,1915.0,646.0,3659.8,2576.0,1,1993-09-13,500.0,46318.55294117647,20670.97738216307,17,124,102647.8,58800.0,57919.48181818182,0.0,43847.8,0.0,0.0256372331483866,4.078947368421053,25165.26709677419,4.16774193548387,0.1454385516541873,1.2504596566139203
7284,52788.0,12,4399.0,0,3,7512.0,2504.0,4399.0,506.0,0.0,4399.0,2607.0,1,1993-09-15,1000.0,22198.17906976744,6652.642956340849,43,244,90384.8,69355.8,20615.732,0.0,21029.0,0.0,0.9999999998885832,8.026315789473685,11261.057049180326,5.357377049180327,0.3906382835005541,0.928712752785666
6111,174744.0,24,7281.0,1,1,7281.3,7281.3,7281.3,0.0,0.0,7281.3,0.0,1,1993-09-24,1000.0,37485.45625,28302.653142986743,32,163,213997.6,155856.8,21443.410526315787,0.0,58140.9,0.0,0.9999999999530848,5.361842105263158,39911.20883435583,5.968098159509202,0.1824299541613525,0.5720461391101601
7235,154416.0,48,3217.0,0,1,3216.7,3216.7,3216.7,0.0,0.0,3216.7,0.0,1,1993-10-13,8897.0,46715.8,20286.96555846444,32,176,182543.8,129141.0,44006.81764705882,0.0,53402.7,0.0,0.9999999999449406,5.789473684210527,31530.292727272725,5.527272727272727,0.1020288655993702,0.9420114316278154
5997,117024.0,24,4876.0,0,1,4875.8,4875.8,4875.8,0.0,0.0,4875.8,0.0,1,1993-11-04,800.0,44131.16923076923,19844.247591152816,13,137,118393.5,65200.0,54099.45555555556,0.0,53193.5,0.0,0.006790018671975,4.506578947368421,26271.258394160584,2.884671532846715,0.18560207223373,1.225878590716727
7121,21924.0,36,609.0,0,2,6871.0,3435.5,6262.0,6262.0,0.0,609.0,0.0,1,1993-11-10,1100.0,34272.21333333333,10171.031845987452,45,297,158586.5,109503.0,36219.47647058823,0.0,49083.3,0.0,0.9999999999364986,9.769736842105264,16232.422895622894,4.6060606060606055,0.0375175045364942,1.0568175480161592
6077,79608.0,24,3317.0,0,1,3317.0,3317.0,3317.0,0.0,0.0,3317.0,0.0,1,1993-11-22,800.0,69954.5716981132,24870.23292768019,53,313,518282.4,414536.6,83870.44375,0.0,103745.7,0.0,0.0015521503102059,10.296052631578949,50337.97111821086,5.147603833865814,0.0658945906173214,1.1989272709716678
6228,464520.0,60,7742.0,1,1,7741.8,7741.8,7741.8,0.0,0.0,7741.8,0.0,1,1993-12-01,200.0,51760.01617647059,27848.686707573845,68,257,497102.3,409732.0,43871.44615384616,0.0,101797.3,0.0,0.9999999999798124,8.453947368421053,58801.20591439688,8.043579766536965,0.1316639663811352,0.8475933623319382
6356,95400.0,36,2650.0,0,1,2650.2,2650.2,2650.2,0.0,0.0,2650.2,0.0,1,1993-12-08,200.0,41562.32340425532,23576.74334425689,47,268,257545.0,229878.0,45949.52941176471,0.0,27667.0,0.0,0.9999999999609602,8.81578947368421,29214.059701492537,5.33134328358209,0.0907097481887296,1.1055572845093793
5523,93888.0,36,2608.0,0,2,13331.2,6665.6,10723.0,10723.0,0.0,2608.2,0.0,1,1993-12-08,600.0,37510.494736842105,14598.865783434976,19,156,85016.4,50300.0,45788.18333333333,0.0,34716.3,0.0,0.071220843958547,5.131578947368421,16567.29846153846,3.7025641025641023,0.1574185437945947,1.2206766037706844
6456,47016.0,12,3918.0,0,2,18499.2,9249.6,14581.0,14581.0,0.0,3918.2,0.0,1,1993-12-09,200.0,60382.08571428571,23888.321559448163,42,239,286683.4,227910.0,68390.96818181819,0.0,58773.2,0.0,0.9999999999649368,7.861842105263158,36465.16887029289,5.342259414225941,0.1074449980709517,1.1326367309354353
7104,259740.0,60,4329.0,0,2,16742.8,8371.4,12414.0,12414.0,0.0,4328.8,0.0,1,1993-12-13,800.0,45198.15294117647,19487.23966632132,17,155,144433.5,77214.0,54402.88181818181,0.0,67219.5,0.0,0.0055690140056825,5.098684210526316,28327.60258064516,3.3341935483870966,0.1528191447245732,1.2036527660090088
6820,38148.0,12,3179.0,0,4,17612.0,4403.0,9115.0,4697.0,9115.0,3179.0,621.0,1,1993-12-16,900.0,37462.09310344827,13293.431805243708,29,171,145221.5,97495.6,41406.25263157895,0.0,47725.8,0.0,0.0186946948597416,5.625,25817.15555555556,5.155555555555556,0.1231351762175273,1.105284013527658
6876,86616.0,12,7218.0,0,3,11733.0,3911.0,7218.0,2239.0,0.0,7218.0,2276.0,1,1993-12-21,800.0,25714.04666666667,11715.975172745157,15,125,58553.2,21300.0,29641.55833333333,0.0,37253.1,0.0,0.9999999998281108,4.111842105263158,14240.138239999998,3.648,0.5068771014213995,1.1527379842640852
7097,75624.0,24,3151.0,1,1,3151.3,3151.3,3151.3,0.0,0.0,3151.3,0.0,1,1993-12-23,400.0,50009.90869565217,20688.41804888367,23,196,175155.0,133200.0,55333.05,0.0,41954.8,0.0,0.9999999999423226,6.447368421052632,27166.897959183672,3.56734693877551,0.1159867425266692,1.106441731891148
4959,80952.0,24,3373.0,0,2,10638.7,5319.35,7266.0,7266.0,0.0,3372.7,0.0,1,1994-01-05,1100.0,32590.624074074072,12061.705681876094,54,313,228685.3,200844.6,30317.13157894737,0.0,27855.2,0.0,0.02110855072116,10.296052631578949,22210.96843450479,5.244728434504792,0.1518619059059765,0.9302409030504672
6499,80952.0,24,3373.0,0,2,10638.7,5319.35,7266.0,7266.0,0.0,3372.7,0.0,1,1994-01-05,1100.0,33312.53888888889,12270.895742079612,54,313,228693.9,199944.6,33058.01052631579,0.0,28763.7,0.0,0.02110855072116,10.296052631578949,22211.803706070285,5.244728434504792,0.1518561951616575,0.9923593823531236
5479,24516.0,12,2043.0,0,1,2043.0,2043.0,2043.0,0.0,0.0,2043.0,0.0,1,1994-01-10,200.0,55582.22602739726,29534.218113303323,73,317,630685.0,552028.8,71925.38518518518,0.0,78670.8,0.0,0.9999999999840996,10.427631578947368,60482.09463722398,7.000630914826498,0.0337785920265539,1.2940357073283064
5170,253200.0,60,4220.0,0,1,4219.5,4219.5,4219.5,0.0,0.0,4219.5,0.0,0,1994-01-20,800.0,47302.54634146341,26552.739504598183,41,255,284778.7,203628.0,31870.088888888888,0.0,81150.6,0.0,0.9999999999646724,8.388157894736842,33950.088156862745,4.887843137254902,0.1243001190235189,0.6737499637353648
6721,21072.0,24,878.0,0,3,5206.0,1735.3333333333333,3833.0,495.0,0.0,878.0,3833.0,1,1994-01-21,1100.0,21575.686666666665,9070.837344626276,15,135,39167.1,8300.0,24937.608333333334,0.0,30867.0,0.0,0.9999999997416954,4.440789473684211,8819.850666666665,3.3777777777777778,0.0995481706195764,1.1558199146589605
7259,108144.0,36,3004.0,0,2,7740.5,3870.25,4736.0,4736.0,0.0,3004.5,0.0,1,1994-01-31,900.0,54652.89818181818,25585.472260311017,55,256,386925.0,365003.6,38051.142857142855,0.0,21921.3,0.0,0.9999999999740476,8.421052631578947,45947.34375,6.53125,0.0653791874387996,0.6962328461263433
5285,78936.0,12,6578.0,0,3,10124.0,3374.6666666666665,6578.0,2359.0,0.0,6578.0,1187.0,1,1994-02-06,900.0,25900.31960784314,7684.869705311071,51,273,95405.0,70804.0,24061.321739130435,0.0,24601.0,0.0,0.9999999998940778,8.980263157894738,10623.853479853478,5.679120879120879,0.6191726953202479,0.9289970971074122
5189,149040.0,48,3105.0,0,2,7502.2,3751.1,4397.0,4397.0,0.0,3105.2,0.0,1,1994-02-07,200.0,36845.58888888889,12658.246764300018,54,292,189931.6,170898.0,34261.94,0.0,19048.1,0.0,0.0127179943716135,9.605263157894738,19773.70082191781,5.621917808219178,0.1570267511576816,0.9298790173776595
6650,49320.0,12,4110.0,1,3,16372.0,5457.333333333333,11567.0,695.0,0.0,4110.0,11567.0,1,1994-02-17,900.0,46576.27755102041,24439.877180919782,49,167,266271.6,250598.0,43604.36428571429,0.0,15673.6,0.0,0.9999999999623076,5.493421052631579,48470.99784431137,8.919760479041916,0.0847929727453388,0.9361925548598732
7226,197748.0,36,5493.0,0,2,13010.0,6505.0,7517.0,7517.0,0.0,5493.0,0.0,1,1994-02-23,300.0,44735.43125,19635.357674451083,16,163,135994.6,92700.0,54845.4,0.0,43294.5,0.0,0.9999999999261404,5.361842105263158,25363.41006134969,2.984049079754601,0.2165718247092038,1.2259946636311916
6087,300660.0,60,5011.0,0,4,12927.2,3231.8,5791.0,5791.0,958.0,5011.2,1167.0,0,1994-02-27,800.0,45854.89090909091,30520.960807281423,66,304,358263.0,324344.0,26740.62962962963,0.0,33918.9,0.0,0.9999999999719864,10.0,35826.3,6.6,0.1398693138448934,0.5831576325590303
7262,182628.0,36,5073.0,0,2,8337.0,4168.5,5073.0,3264.0,0.0,5073.0,0.0,1,1994-03-01,500.0,33229.10769230769,14579.421766566596,13,142,76660.9,31000.0,41278.25555555555,0.0,45660.9,0.0,0.9999999998686128,4.671052631578948,16411.91098591549,2.783098591549296,0.3091047716053628,1.2422318385843645
5519,91632.0,12,7636.0,0,2,11168.0,5584.0,7636.0,3532.0,0.0,7636.0,0.0,1,1994-03-08,700.0,40976.94285714286,10641.422753595749,70,365,237174.6,204112.8,40211.088461538464,0.0,33061.9,0.0,0.999999999957466,12.00657894736842,19753.72010958904,5.83013698630137,0.3865600987445224,0.9813101136390902
6577,51696.0,24,2154.0,0,1,2153.8,2153.8,2153.8,0.0,0.0,2153.8,0.0,1,1994-03-11,600.0,58226.50490196078,26115.030058226144,102,396,728065.9,689863.6,45650.269230769234,0.0,38202.2,0.0,0.9999999999862104,13.026315789473683,55891.92767676768,7.83030303030303,0.0385386600382,0.7840118396217156
6509,55368.0,24,2307.0,0,1,2306.8,2306.8,2306.8,0.0,0.0,2306.8,0.0,1,1994-03-15,200.0,46061.3193877551,24131.83891162098,98,362,432628.6,420214.0,19824.41153846154,0.0,12414.4,0.0,0.9999999999766904,11.907894736842106,36331.24154696132,8.229834254143645,0.0634990686014131,0.430391742956189
6520,91200.0,24,3800.0,0,2,14078.8,7039.4,10279.0,10279.0,0.0,3799.8,0.0,1,1994-03-16,700.0,32558.533333333333,15743.433555304437,36,231,196349.0,163633.8,28178.886363636364,0.0,32715.3,0.0,0.0086960525032509,7.598684210526316,25839.8683982684,4.7376623376623375,0.147059572439001,0.8654838983834712
6699,7656.0,24,319.0,0,2,4027.0,2013.5,3708.0,3708.0,0.0,319.0,0.0,1,1994-03-30,600.0,46444.63950617284,12923.560345495733,81,367,278859.2,242506.2,46095.01034482759,0.0,36353.1,0.0,0.9999999999637068,12.072368421052632,23098.96370572207,6.709536784741144,0.0138101433434815,0.9924721307994326
6336,212400.0,36,5900.0,0,1,5900.0,5900.0,5900.0,0.0,0.0,5900.0,0.0,1,1994-03-31,300.0,51034.361971830986,27309.501085647134,71,391,433316.2,369095.0,58723.74210526316,0.0,64221.1,0.0,0.9999999999768032,12.86184210526316,33690.05749360614,5.520204603580562,0.1751258512802618,1.1506706427753464
7055,167100.0,60,2785.0,0,1,2784.8,2784.8,2784.8,0.0,0.0,2784.8,0.0,0,1994-04-06,1100.0,63707.62658227848,26493.59158887542,79,335,585785.2,546475.0,52862.92,0.0,39310.2,0.0,0.9999999999828442,11.019736842105264,53157.82113432836,7.168955223880596,0.0523911616399488,0.8297738093166872
6103,149340.0,60,2489.0,0,2,11243.3,5621.65,8754.0,8754.0,0.0,2489.3,0.0,0,1994-04-07,500.0,29069.11607142857,10432.344642413836,56,321,173575.3,150037.0,22474.572727272727,0.0,23568.3,0.0,0.047537334196298,10.55921052631579,16438.283862928347,5.303426791277259,0.1514148325482473,0.7731426254694785
6202,65184.0,12,5432.0,0,1,5432.3,5432.3,5432.3,0.0,0.0,5432.3,0.0,1,1994-04-18,900.0,47426.55,18172.7682504688,82,448,524877.5,456882.0,39965.694444444445,0.0,67995.4,0.0,0.0017228045726732,14.73684210526316,35616.6875,5.564285714285714,0.1525127792548049,0.8426860995796148
7066,215388.0,36,5983.0,1,1,5983.0,5983.0,5983.0,0.0,0.0,5983.0,0.0,1,1994-05-02,1000.0,32702.726666666666,10504.310470160512,15,156,61162.9,30500.0,32258.2125,0.0,30662.8,0.0,0.9999999998346288,5.131578947368421,11918.924102564102,2.923076923076923,0.5019748379548065,0.9864074277028456
6696,89040.0,60,1484.0,0,2,8525.0,4262.5,7041.0,7041.0,0.0,1484.0,0.0,0,1994-05-09,800.0,30045.4,8832.079278613892,87,392,164345.4,135039.4,25425.622727272726,0.0,29305.8,0.0,0.99999999993803,12.894736842105264,12745.153469387757,6.746938775510204,0.1164364165876869,0.8462401139212767
6072,193968.0,36,5388.0,0,1,5388.5,5388.5,5388.5,0.0,0.0,5388.5,0.0,1,1994-05-10,800.0,63579.21724137931,30034.31343586233,29,197,286180.0,205400.0,74918.93333333333,0.0,80780.0,0.0,0.999999999964866,6.480263157894737,44161.78680203045,4.475126903553299,0.1220059329332257,1.1783557044610833
5130,24312.0,12,2026.0,0,1,2025.7,2025.7,2025.7,0.0,0.0,2025.7,0.0,1,1994-05-11,1100.0,29380.839743589742,7695.862800862465,78,455,207260.4,178798.6,31829.4,0.0,28461.9,0.0,0.0530764885737969,14.967105263157896,13847.727824175823,5.211428571428571,0.1463055906543661,1.0833386746922744
5568,272520.0,60,4542.0,0,2,10449.0,5224.5,5907.0,5907.0,0.0,4542.0,0.0,0,1994-05-17,1100.0,44602.64166666666,24196.754530887032,84,333,467695.6,437685.4,42060.242105263154,0.0,30009.9,0.0,0.9999999999785396,10.953947368421051,42696.53525525525,7.668468468468468,0.1063786551246489,0.9429989015037747
6678,80340.0,12,6695.0,0,1,6695.0,6695.0,6695.0,0.0,0.0,6695.0,0.0,1,1994-05-20,1100.0,61531.59038461539,26678.258714234544,52,319,446745.7,357403.0,66299.92,0.0,89342.6,0.0,0.0344501486077084,10.49342105263158,42573.88489028213,4.955485893416928,0.1572560271556433,1.0774940087653233
6998,97632.0,12,8136.0,0,3,20582.0,6860.666666666667,8136.0,6531.0,0.0,8136.0,5915.0,1,1994-05-21,1100.0,53379.12769230769,22871.826586869844,65,301,515264.2,473934.0,55673.3625,0.0,41330.1,0.0,0.0021414610214741,9.901315789473683,52039.97235880398,6.564784053156146,0.1563413589527043,1.0429799979214185
6580,196080.0,48,4085.0,0,1,4085.0,4085.0,4085.0,0.0,0.0,4085.0,0.0,1,1994-05-22,900.0,49143.96595744681,23182.39661204049,47,231,289532.4,202675.0,47158.3294117647,0.0,86857.4,0.0,0.9999999999652992,7.598684210526316,38102.9651948052,6.185281385281385,0.1072095039859217,0.9595955166297038
6316,76908.0,12,6409.0,1,1,6408.8,6408.8,6408.8,0.0,0.0,6408.8,0.0,1,1994-05-26,1100.0,52890.40392156863,23250.78043456649,102,485,666797.7,651909.2,36690.14705882353,0.0,14888.6,0.0,0.9999999999849324,15.953947368421051,41795.1548041237,6.39340206185567,0.1533431333967502,0.693701396311786
6512,63312.0,48,1319.0,0,3,4096.0,1365.3333333333333,2306.0,2306.0,0.0,1319.0,471.0,1,1994-05-26,500.0,22551.77926829268,5522.432869014776,82,402,96737.2,68183.8,24357.79047619048,0.0,28553.5,0.0,0.9999999998954237,13.223684210526317,7315.449950248755,6.200995024875621,0.1803033316019222,1.0800828695426343
6407,25944.0,24,1081.0,0,1,1081.0,1081.0,1081.0,0.0,0.0,1081.0,0.0,1,1994-05-26,600.0,56927.45405405405,17426.036797826957,37,260,232737.4,163338.4,62244.35333333334,0.0,69398.9,0.0,0.9999999999566788,8.552631578947368,27212.372923076924,4.326153846153846,0.03972457685548,1.093397805271544
5002,104808.0,12,8734.0,0,5,17342.0,3468.4,8734.0,6256.0,735.0,8734.0,1617.0,1,1994-05-31,500.0,38709.83,11517.175248212316,30,186,113646.0,85630.6,42186.01,0.0,28015.4,0.0,0.9999999999115318,6.11842105263158,18574.4,4.903225806451612,0.4702170727074807,1.0898009624196747
6647,208320.0,48,4340.0,0,1,4340.0,4340.0,4340.0,0.0,0.0,4340.0,0.0,1,1994-06-01,200.0,43944.88941176471,16039.860835602089,85,479,423055.2,378872.0,52955.44210526315,0.0,44183.1,0.0,0.0085665334092764,15.75657894736842,26849.432317327766,5.394572025052192,0.1616421512041683,1.2050421061939405
7137,151560.0,24,6315.0,0,2,16449.0,8224.5,10134.0,10134.0,0.0,6315.0,0.0,1,1994-06-03,300.0,53976.29285714286,22844.00616457968,28,194,247759.3,226436.2,54678.98888888889,0.0,21323.2,0.0,0.0012166190157058,6.381578947368421,38824.13773195876,4.387628865979381,0.1626565422256662,1.0130186047321856
6903,52128.0,24,2172.0,0,1,2172.0,2172.0,2172.0,0.0,0.0,2172.0,0.0,1,1994-06-04,144.2,33459.68028169014,20087.36502977943,71,264,243548.7,184703.8,37712.9875,0.0,58844.8,1.8,0.9999999999583608,8.68421052631579,28045.00181818182,8.175757575757576,0.0774469551938985,1.127117389384207
5918,300204.0,36,8339.0,0,1,8339.0,8339.0,8339.0,0.0,0.0,8339.0,0.0,1,1994-06-04,300.0,34084.460563380286,11447.547499735838,71,364,250489.6,216556.8,32240.640000000003,0.0,33947.4,0.0,0.9999999999597796,11.973684210526317,20920.010549450548,5.929670329670329,0.3986135655286695,0.945904363972235
6642,77640.0,12,6470.0,0,1,6469.7,6469.7,6469.7,0.0,0.0,6469.7,0.0,1,1994-06-05,700.0,55570.305,23174.95183686821,60,333,413086.9,382261.0,65109.705882352944,0.0,30825.8,0.0,0.0068227949577882,10.953947368421051,37711.23651651652,5.4774774774774775,0.1715669014313716,1.1716636406914862
6210,87216.0,48,1817.0,1,1,1817.3,1817.3,1817.3,0.0,0.0,1817.3,0.0,1,1994-06-06,200.0,28362.24848484849,8425.332672368242,33,192,77528.3,55837.2,30873.48,0.0,21705.9,0.0,0.0707955320060313,6.315789473684211,12275.314166666669,5.225,0.1480206513535771,1.0885413406348103
6279,87360.0,24,3640.0,0,1,3639.5,3639.5,3639.5,0.0,0.0,3639.5,0.0,1,1994-06-07,200.0,36783.95,13552.449489852384,30,321,136713.2,107655.2,40692.525,0.0,29057.9,0.0,0.9999999999259968,10.55921052631579,12947.29370716511,2.8411214953271027,0.2811398335062256,1.106257620210375
7249,69360.0,48,1445.0,0,1,1445.0,1445.0,1445.0,0.0,0.0,1445.0,0.0,1,1994-06-12,1100.0,33857.106410256405,9598.2528518684,78,450,204511.1,165846.0,38736.294117647056,0.0,38665.0,0.0,0.9999999999506676,14.80263157894737,13815.860977777776,5.269333333333333,0.1045899348059684,1.1441111841285845
6736,288360.0,60,4806.0,0,1,4806.5,4806.5,4806.5,0.0,0.0,4806.5,0.0,0,1994-06-14,800.0,33211.759999999995,16686.231188764257,10,107,64650.4,21200.0,36813.066666666666,0.0,43450.3,0.0,0.9999999998448986,3.5197368421052637,18367.964112149533,2.8411214953271027,0.2616512079422318,1.1084346826420015
6112,174744.0,24,7281.0,1,4,18478.3,4619.575,8110.0,8110.0,1017.0,7281.3,2070.0,1,1994-06-17,-1369.2,26252.81440677966,23430.521918399387,118,452,438627.5,431696.6,6594.56,5.0,6930.8,1.2,0.9999999999771164,14.86842105263158,29500.610619469026,7.936283185840708,0.2468084505588774,0.2511944013052194
5319,239460.0,60,3991.0,0,3,14941.8,4980.599999999999,6745.0,4206.0,0.0,3990.8,6745.0,0,1994-06-23,300.0,40061.580434782605,16062.53213841481,46,274,240982.9,204742.4,34471.54583333333,0.0,36240.6,0.0,0.001251298221853,9.013157894736842,26736.788905109486,5.103649635036496,0.1492699819964022,0.8604639520112269
6596,91584.0,24,3816.0,0,1,3816.0,3816.0,3816.0,0.0,0.0,3816.0,0.0,1,1994-06-25,1000.0,50765.41612903226,18234.74108903289,31,211,257465.2,207622.2,51843.01052631579,0.0,49842.9,0.0,0.0038986810760399,6.940789473684211,37094.51222748815,4.466350710900474,0.102872359543887,1.0212269389131432
5837,244560.0,60,4076.0,0,2,16081.5,8040.75,12006.0,12006.0,0.0,4075.5,0.0,0,1994-06-29,1000.0,38426.728571428575,15757.722747155978,42,258,224210.9,202884.8,33060.87391304348,0.0,21326.1,0.0,0.0138902579997181,8.486842105263158,26418.648682170544,4.948837209302326,0.1542849540676154,0.860361397743903
5657,4980.0,12,415.0,0,4,5148.0,1287.0,2704.0,489.0,1540.0,415.0,2704.0,1,1994-07-05,800.0,30533.37173913044,8705.183539928967,46,242,101697.8,79197.4,30588.232000000004,0.0,22500.3,0.0,0.9999999999006636,7.960526315789474,12775.26082644628,5.778512396694215,0.0324846596334107,1.0017967308465083
5533,111384.0,24,4641.0,0,3,12266.0,4088.6666666666665,6892.0,6892.0,0.0,4641.0,733.0,1,1994-07-05,500.0,65097.22434210526,26285.863067554485,152,472,1054061.2,1001742.4,63160.37857142858,0.0,52318.9,0.0,0.9999999999904776,15.526315789473683,67888.68745762711,9.789830508474576,0.0683619049523246,0.970246876115632
6232,276660.0,36,7685.0,1,1,7685.0,7685.0,7685.0,0.0,0.0,7685.0,0.0,1,1994-07-08,500.0,19256.89482758621,6029.338312664938,58,314,111371.0,91587.6,19988.68,0.0,19783.2,0.0,0.9999999999096192,10.328947368421051,10782.415286624204,5.615286624203821,0.712734557943251,1.0380012026126595
6888,39576.0,12,3298.0,0,3,16808.3,5602.766666666666,9493.0,9493.0,0.0,3298.3,4017.0,1,1994-07-11,300.0,48944.82782608696,26896.8541402657,115,522,487779.4,463878.2,44265.145454545454,0.0,23901.1,0.0,0.9999999999792668,17.17105263157895,28407.07616858237,6.697318007662835,0.1160978334858178,0.9043886231000045
6066,173808.0,24,7242.0,0,1,7242.0,7242.0,7242.0,0.0,0.0,7242.0,0.0,1,1994-07-11,1000.0,61218.65866666667,24967.390839870237,75,383,699587.9,605156.0,67919.68947368422,0.0,94431.9,0.0,0.0014356780348232,12.598684210526317,55528.64793733681,5.953002610966057,0.1304191668212107,1.109460594888395
5549,50460.0,60,841.0,0,2,8130.0,4065.0,7289.0,7289.0,0.0,841.0,0.0,0,1994-07-16,800.0,37570.62790697674,10371.123781863109,43,269,158214.4,116683.4,38797.23809523809,0.0,41531.0,0.0,0.9999999999363666,8.848684210526317,17879.991672862452,4.859479553903345,0.0470358160628272,1.032648114930948
5060,252060.0,60,4201.0,1,3,12584.2,4194.733333333334,7497.0,7497.0,0.0,4201.2,886.0,0,1994-07-19,900.0,57340.50819672131,21418.913855883657,61,232,389614.5,319518.0,58548.27096774193,0.0,70096.5,0.0,0.9999999999742492,7.631578947368421,51052.93448275862,7.993103448275862,0.082287140626478,1.02106299366351
6004,143904.0,24,5996.0,0,3,9483.2,3161.066666666667,5996.2,2687.0,0.0,5996.2,800.0,1,1994-07-23,700.0,49727.45611510792,23416.563215441554,139,518,658169.3,619833.0,58702.02307692309,0.0,38336.2,0.0,0.9999999999847302,17.039473684210527,38626.15196911197,8.157528957528957,0.155231616218009,1.180475086624908
5126,208128.0,48,4336.0,1,1,4335.8,4335.8,4335.8,0.0,0.0,4335.8,0.0,1,1994-07-24,-1069.7,36369.975,22812.186440376037,64,439,342886.4,261411.8,44496.21333333333,1.0,81474.6,0.0,0.9999999999706798,14.44078947368421,23744.297403189063,4.431890660592255,0.1826122678867522,1.2234326067339614
7220,131292.0,36,3647.0,0,2,10959.0,5479.5,7312.0,7312.0,0.0,3647.0,0.0,1,1994-07-28,1000.0,36635.115662650605,12494.3123334861,83,425,344177.4,312816.0,32362.22,0.0,31361.3,0.0,0.0093465860131451,13.980263157894738,24618.80696470588,5.936941176470588,0.148138778769704,0.8833661203411874
6668,74736.0,36,2076.0,0,2,8260.0,4130.0,6184.0,6184.0,0.0,2076.0,0.0,1,1994-07-30,700.0,37912.99850746268,10605.68811295336,67,399,291052.7,257808.8,35171.566666666666,0.0,33243.7,0.0,0.99999999996543,13.125,22175.44380952381,5.104761904761904,0.0936170665577497,0.9276915053412798
5395,299088.0,36,8308.0,1,3,14527.8,4842.599999999999,8307.8,1085.0,0.0,8307.8,5135.0,1,1994-07-30,500.0,51992.85476190476,33855.698025767204,126,419,812759.3,793310.6,26920.385714285712,0.0,19448.5,0.0,0.9999999999876588,13.782894736842106,58968.6938424821,9.141766109785202,0.1408883164477671,0.5177708712550365
6836,189300.0,60,3155.0,0,3,7083.0,2361.0,3155.0,1311.0,0.0,3155.0,2617.0,0,1994-08-03,800.0,32354.031372549023,12250.079572479322,102,413,273115.4,248563.4,31853.800000000003,0.0,24552.0,0.0,0.9999999999630024,13.585526315789474,20103.409588377726,7.507990314769976,0.15693855236649,0.9845388237207796
6064,14628.0,12,1219.0,0,5,7778.0,1555.6,5315.0,2.0,372.0,1219.0,6185.0,1,1994-08-04,200.0,32788.14215686275,9015.76816505543,102,399,226196.2,191293.4,35422.64615384616,0.0,34917.4,0.0,0.9999999999554404,13.125,17233.99619047619,7.771428571428571,0.0707322890071379,1.0803492913253854
6919,120888.0,36,3358.0,0,2,6583.0,3291.5,3358.0,3225.0,0.0,3358.0,0.0,1,1994-08-05,600.0,40838.755208333336,21557.464543439623,96,496,472459.6,420445.0,35122.5105263158,0.0,52014.4,0.0,0.999999999978718,16.315789473684212,28957.201290322577,5.883870967741935,0.1159642454798486,0.8600289195530767
6841,172080.0,48,3585.0,0,1,3585.2,3585.2,3585.2,0.0,0.0,3585.2,0.0,1,1994-08-07,200.0,60743.95714285715,21110.31187474146,42,198,267848.9,209639.4,71833.26400000001,0.0,58209.4,0.0,0.9999999999623604,6.5131578947368425,41124.27555555556,6.448484848484848,0.0871747879007669,1.1825581896029185
6038,323472.0,48,6739.0,0,2,9746.7,4873.35,6738.7,3008.0,0.0,6738.7,0.0,1,1994-08-10,200.0,45414.07368421053,26516.428001628443,57,415,388617.3,319437.6,48282.61304347827,0.0,72386.4,0.0,0.9999999999741552,13.651315789473683,28467.38775903614,4.175421686746987,0.2367270244349565,1.0631641056599028
6729,74688.0,12,6224.0,0,2,19935.3,9967.65,13711.0,13711.0,0.0,6224.3,0.0,1,1994-08-11,1100.0,48484.62410714286,20930.650934412955,112,496,661350.4,632417.2,48359.60952380953,0.0,28933.3,0.0,0.0016802743429488,16.315789473684212,40534.379354838704,6.864516129032257,0.1535486689947686,0.997421562080562
7198,45768.0,12,3814.0,0,1,3813.7,3813.7,3813.7,0.0,0.0,3813.7,0.0,1,1994-08-23,800.0,32555.81851851852,14361.643030576995,27,274,103427.6,49000.0,40484.35454545455,0.0,54427.5,0.0,0.9999999999022596,9.013157894736842,11475.17897810219,2.9956204379562044,0.332369543338232,1.2435366817759697
6686,224604.0,36,6239.0,0,1,6239.2,6239.2,6239.2,0.0,0.0,6239.2,0.0,1,1994-08-25,200.0,57496.98924731183,21234.856010411902,93,519,696151.5,655864.2,50128.23181818182,0.0,40287.4,0.0,0.0002887061058412,17.072368421052634,40776.50404624277,5.447398843930635,0.1530047792080112,0.8718409862096747
5836,79632.0,24,3318.0,0,3,15089.0,5029.666666666667,9516.0,9516.0,0.0,3318.0,2255.0,1,1994-08-27,900.0,63494.2,29061.53705517541,16,141,244462.5,154716.0,73610.88181818182,0.0,99262.5,0.0,0.0036960226687872,4.6381578947368425,52706.80851063829,3.4496453900709216,0.0629520187833186,1.1593323769192856
7061,121896.0,24,5079.0,0,1,5079.0,5079.0,5079.0,0.0,0.0,5079.0,0.0,1,1994-08-27,600.0,54422.596774193546,21910.827556377597,93,486,636169.6,594252.4,64089.52692307692,0.0,41917.2,0.0,0.9999999999842062,15.98684210526316,39793.32477366255,5.817283950617283,0.1276344720530922,1.177627138543507
5595,82896.0,12,6908.0,0,4,16783.5,4195.875,9716.0,9716.0,41.0,6907.5,119.0,1,1994-09-02,900.0,57141.73095238096,24685.92139144404,126,482,702299.6,654213.6,73764.41481481482,0.0,64300.6,0.0,0.0209036085925156,15.855263157894738,44294.41460580912,7.946887966804978,0.1559564577140718,1.290902700574075
5723,23628.0,12,1969.0,0,2,11471.7,5735.85,9503.0,9503.0,0.0,1968.7,0.0,1,1994-09-10,1000.0,47420.84181818181,27950.21068970953,110,547,577410.2,513313.8,61428.45714285714,0.0,64096.3,0.0,0.9999999999825891,17.99342105263158,32090.07327239488,6.113345521023766,0.0613585385945573,1.2953894274046969
6120,209184.0,48,4358.0,0,1,4358.0,4358.0,4358.0,0.0,0.0,4358.0,0.0,1,1994-09-11,1000.0,46230.339705882354,19403.334950613866,68,391,513026.6,468771.8,44168.0,0.0,44254.7,0.0,0.001956870572542,12.86184210526316,39887.49012787723,5.28695652173913,0.1092573131309065,0.9553899078276976
6895,41904.0,12,3492.0,0,3,10880.5,3626.8333333333335,4654.0,4654.0,0.0,3491.5,2735.0,1,1994-09-19,900.0,36080.38671328671,20303.817120135827,143,603,500146.8,460942.0,53972.15416666667,0.0,39204.7,0.0,0.9999999999798324,19.83552631578948,25214.697711442783,7.209286898839137,0.1384906548782607,1.495886243697948
5882,87816.0,12,7318.0,0,2,12323.0,6161.5,7318.0,5005.0,0.0,7318.0,0.0,1,1994-09-26,800.0,25533.214285714286,6896.753585410004,84,476,198466.6,182801.0,22691.89,0.0,15665.6,0.0,0.9999999999492344,15.657894736842106,12675.17781512605,5.364705882352941,0.5773489020006886,0.8887204617950824
5754,23052.0,12,1921.0,0,5,8861.0,1772.2,3189.0,3114.0,3189.0,1921.0,637.0,1,1994-09-28,700.0,23771.966081871346,8912.019358254425,171,617,323632.8,295101.0,22938.275862068964,0.0,28531.7,0.0,0.9999999999689162,20.29605263157895,15945.60311183144,8.425283630470016,0.1204720815714973,0.964929689594019
6594,189696.0,24,7904.0,1,3,11584.8,3861.6,7903.8,2156.0,0.0,7903.8,1525.0,1,1994-09-28,600.0,14900.0,8889.038193190532,5,134,22500.0,0.0,20600.0,0.0,22500.0,0.0,0.9999999995555556,4.407894736842105,5104.477611940299,1.1343283582089552,1.5484444414109422,1.3825503346425836
6738,230220.0,36,6395.0,1,3,15843.8,5281.266666666666,8894.0,555.0,0.0,6394.8,8894.0,1,1994-09-29,-2719.7,27658.48780487805,29524.48999732796,82,356,297905.8,291580.1,10382.626666666669,2.0,6325.5,60.1,0.999999999966232,11.710526315789474,25439.146966292134,7.002247191011236,0.2513842152789078,0.3753866348789194
6624,71460.0,12,5955.0,0,2,13223.0,6611.5,7268.0,7268.0,0.0,5955.0,0.0,1,1994-09-30,200.0,47991.53023255814,19235.72960061234,43,326,262679.5,185958.4,42440.15555555556,0.0,53022.0,0.0,0.9999999999616876,10.723684210526317,24495.26625766871,4.009815950920245,0.2431081962909707,0.8843259496218415
6216,141240.0,24,5885.0,0,5,15565.3,3113.06,5885.3,3028.0,3684.0,5885.3,2968.0,1,1994-09-30,1000.0,57219.57450980392,19476.2939912246,102,388,499448.5,453576.8,54350.79666666666,0.0,45871.6,0.0,0.0038285764948812,12.763157894736842,39132.047422680414,7.991752577319588,0.1503882466186844,0.9498636982673758
6229,11736.0,24,489.0,0,4,9460.0,2365.0,5015.0,2635.0,5015.0,489.0,1321.0,1,1994-10-02,1100.0,42224.43909774436,11703.03977104676,133,528,414676.4,387691.8,37589.68148148148,0.0,26984.4,0.0,0.9999999999757284,17.36842105263158,23875.30787878788,7.657575757575757,0.020481411267146,0.8902351878627364
5887,192744.0,36,5354.0,0,1,5353.5,5353.5,5353.5,0.0,0.0,5353.5,0.0,1,1994-10-03,700.0,37265.65526315789,16917.161794126067,76,488,304978.10000000003,275959.0,33695.68,0.0,29019.1,0.0,0.999999999966974,16.05263157894737,18998.63573770492,4.7344262295081965,0.2818097083969188,0.9042019992137555
6808,227880.0,36,6330.0,0,1,6330.2,6330.2,6330.2,0.0,0.0,6330.2,0.0,1,1994-10-12,1100.0,45134.72168674698,29551.48305432009,83,382,365365.3,311648.6,57112.665,0.0,53716.6,0.0,0.9999999999723668,12.56578947368421,29076.191413612563,6.605235602094241,0.2177038907117475,1.2653820130703566
6297,17508.0,12,1459.0,0,1,1459.0,1459.0,1459.0,0.0,0.0,1459.0,0.0,1,1994-10-25,900.0,39290.61805555556,9324.209981583175,72,450,198353.1,150326.0,41003.52352941177,0.0,48027.0,0.0,0.9999999999490368,14.80263157894737,13399.853866666666,4.864,0.10888178434099,1.0435957882107698
5161,98184.0,24,4091.0,0,1,4090.8,4090.8,4090.8,0.0,0.0,4090.8,0.0,1,1994-10-28,500.0,41660.392857142855,19672.650902026955,14,111,99656.2,30700.0,46475.04166666666,0.0,68956.1,0.0,0.0050668828531549,3.651315789473685,27293.229549549545,3.8342342342342337,0.1498906529575065,1.1155689725461295
5390,170256.0,24,7094.0,0,2,13016.0,6508.0,7094.0,5922.0,0.0,7094.0,0.0,1,1994-10-30,200.0,40091.18311688312,13589.38398884065,77,448,371594.3,328291.4,42441.3,0.0,43302.8,0.0,0.9999999999729304,14.73684210526316,25215.3275,5.225,0.2813368177425668,1.0586192945635722
6150,83016.0,12,6918.0,0,3,13818.3,4606.099999999999,6918.3,6327.0,0.0,6918.3,573.0,1,1994-11-02,700.0,67891.93520408163,25921.044106424717,196,632,1348329.3,1280923.8,91662.17272727271,0.0,93620.2,0.0,0.999999999992552,20.789473684210527,64856.34607594937,9.427848101265822,0.1066665086379069,1.3501187208500849
6223,61056.0,48,1272.0,0,3,7485.0,2495.0,4235.0,1978.0,0.0,1272.0,4235.0,1,1994-11-03,900.0,36039.0515625,9064.78033824496,64,347,197445.5,163920.2,32975.51739130435,0.0,33525.3,0.0,0.9999999999489474,11.414473684210527,17297.81902017291,5.606916426512968,0.0735352819786833,0.9149940398672056
5032,123696.0,48,2577.0,0,3,8504.0,2834.6666666666665,3274.0,2653.0,0.0,2577.0,3274.0,1,1994-11-03,300.0,49084.38196721312,20572.457529737083,61,336,285666.8,260479.6,38545.635,0.0,25187.2,0.0,0.9999999999647264,11.052631578947368,25846.04380952381,5.519047619047619,0.0997057815886454,0.7852932734875705
6253,59760.0,24,2490.0,0,2,10337.0,5168.5,7847.0,7847.0,0.0,2490.0,0.0,1,1994-11-04,300.0,40204.46481481482,12827.193914171468,54,312,244535.8,203402.6,41126.70476190476,0.0,41133.1,0.0,0.9999999999588476,10.263157894736842,23826.56512820513,5.2615384615384615,0.1045052018852421,1.0229387442690374
6460,48672.0,36,1352.0,0,5,4250.0,850.0,2683.0,2683.0,115.0,1352.0,100.0,1,1994-11-06,300.0,23050.189690721647,5423.587576531727,97,415,88063.5,64953.4,25182.715384615385,0.0,23110.0,0.0,0.9999999998848682,13.651315789473683,6450.916626506024,7.105542168674698,0.2095826184373507,1.0925166218405125
6645,140400.0,36,3900.0,0,1,3900.5,3900.5,3900.5,0.0,0.0,3900.5,0.0,1,1994-11-06,400.0,43563.62,18981.79097613385,45,392,261444.7,233173.0,34808.771428571425,0.0,28271.8,0.0,0.9999999999613424,12.894736842105264,20275.30326530612,3.4897959183673466,0.1923522399169201,0.799033033080839
5176,192552.0,24,8023.0,1,1,8022.8,8022.8,8022.8,0.0,0.0,8022.8,0.0,1,1994-11-12,800.0,23979.011764705883,13015.026674865436,51,440,158360.4,136135.0,18405.957142857143,0.0,22225.5,0.0,0.9999999999362628,14.473684210526317,10941.264,3.5236363636363635,0.7332790793337233,0.767586142239296
5269,164052.0,36,4557.0,1,1,4557.2,4557.2,4557.2,0.0,0.0,4557.2,0.0,1,1994-11-19,-2564.7,41752.161538461536,30609.38988808058,65,367,394206.7,373395.4,21406.094444444447,3.0,20811.2,0.4,0.9999999999745044,12.072368421052632,32653.634005449592,5.384196185286103,0.1395556769529517,0.5126942809798839
5351,205200.0,36,5700.0,0,4,18957.3,4739.325,7001.0,7001.0,356.0,5700.3,5900.0,1,1994-12-04,900.0,58336.31162790698,17204.070909560676,129,541,623544.1,568958.0,66783.40833333334,0.0,54586.0,0.0,0.006134612776685,17.79605263157895,35038.33759704251,7.248798521256931,0.1626789508088514,1.144799978919775
5861,51408.0,24,2142.0,0,1,2142.0,2142.0,2142.0,0.0,0.0,2142.0,0.0,1,1994-12-08,900.0,52299.2859375,27533.493654127196,64,387,453745.7,404546.8,55895.72,0.0,49198.8,0.0,0.999999999977854,12.730263157894738,35643.0730749354,5.027390180878553,0.0600958282944833,1.0687664083236286
5450,199680.0,60,3328.0,0,2,6940.2,3470.1,3612.0,3612.0,0.0,3328.2,0.0,0,1994-12-11,500.0,33658.61756756757,11909.168772706618,74,412,282042.6,262118.4,33047.535,0.0,19938.6,0.0,0.0028534028611479,13.55263157894737,20810.91029126213,5.460194174757281,0.159916118604296,0.9818446917447126
7142,482940.0,60,8049.0,1,4,15830.0,3957.5,8049.0,2439.0,689.0,8049.0,4653.0,0,1994-12-19,900.0,26358.754615384616,9885.4777247265,130,477,273163.9,254724.6,19420.57,0.0,18439.4,0.0,0.9999999999629696,15.69078947368421,17409.18775681342,8.285115303983229,0.4623420752198188,0.7367787392086103
6306,36684.0,12,3057.0,0,1,3057.0,3057.0,3057.0,0.0,0.0,3057.0,0.0,1,1994-12-20,700.0,30229.7976,7937.353315967115,125,631,315586.8,280493.6,31750.04444444444,0.0,35093.0,0.0,0.9999999999680678,20.75657894736842,15204.1818066561,6.022187004754358,0.2010631046684191,1.0502896795425962
6272,398640.0,60,6644.0,0,1,6643.7,6643.7,6643.7,0.0,0.0,6643.7,0.0,0,1994-12-20,400.0,63383.57558139535,21947.881092045613,86,512,741435.8,682119.0,64982.77272727273,0.0,59316.9,0.0,0.0005421178103246,16.842105263157894,44022.75062500001,5.10625,0.150921964306286,1.0252304657942723
5044,100980.0,60,1683.0,0,2,6422.0,3211.0,4739.0,4739.0,0.0,1683.0,0.0,0,1994-12-21,600.0,35614.74428571429,9576.327716908689,70,385,207705.6,160567.8,38015.08947368421,0.0,48637.7,0.0,0.9999999999514672,12.664473684210527,16400.64997402597,5.5272727272727264,0.1026178841472271,1.067397512615548
5576,31248.0,12,2604.0,0,1,2604.5,2604.5,2604.5,0.0,0.0,2604.5,0.0,1,1994-12-21,1000.0,64493.09916666667,28994.626431825105,120,570,857688.8,803766.2,48869.245,0.0,53922.3,0.0,0.9999999999882804,18.75,45743.40266666667,6.4,0.0569262417666248,0.7577437838137059
7192,115992.0,36,3222.0,0,3,11449.5,3816.5,8042.0,186.0,0.0,3221.5,8042.0,1,1994-12-21,200.0,25666.407086614174,17591.055950194852,127,613,399447.5,389778.0,35015.873076923075,0.0,9669.5,0.0,0.9999999999748428,20.164473684210527,19809.46818923328,6.2982055464926585,0.162649495059373,1.3642685922153184
5739,76380.0,12,6365.0,0,4,12081.0,3020.25,6365.0,2389.0,1500.0,6365.0,1827.0,1,1995-01-02,1100.0,26122.84888888889,8289.780093711837,45,246,91939.2,68782.4,25133.24,0.0,23156.6,0.0,0.99999999989031,8.092105263157896,11361.59219512195,5.560975609756097,0.560220775846063,0.9621171143040612
6526,288468.0,36,8013.0,0,1,8013.0,8013.0,8013.0,0.0,0.0,8013.0,0.0,1,1995-01-03,600.0,36999.52352941177,16205.72181108147,17,127,95840.5,47000.0,44811.458333333336,0.0,48665.3,0.0,0.999999999895122,4.177631578947369,22941.348031496054,4.069291338582676,0.3492820031981631,1.2111360916742704
5624,177744.0,48,3703.0,1,1,3702.8,3702.8,3702.8,0.0,0.0,3702.8,0.0,0,1995-01-03,-2485.5,26746.52526315789,21147.08070284783,95,511,326642.5,312411.9,22588.6375,3.0,14230.7,22.5,0.9999999999692148,16.80921052631579,19432.352250489235,5.651663405088062,0.19055850523712,0.8445447499929779
6244,270648.0,36,7518.0,1,1,7518.0,7518.0,7518.0,0.0,0.0,7518.0,0.0,1,1995-01-08,200.0,60819.976388888885,29717.34457286979,72,307,492006.6,441010.0,72076.3962962963,0.0,50996.5,0.0,0.9999999999794946,10.098684210526317,48719.87179153095,7.129641693811074,0.1543107508703206,1.1850776761829367
5131,48624.0,24,2026.0,0,2,6539.7,3269.85,4514.0,4514.0,0.0,2025.7,0.0,1,1995-01-08,200.0,63857.23675213676,25825.858181660515,117,521,736573.0,688579.2,74135.36153846154,0.0,47993.6,0.0,0.999999999986348,17.138157894736842,42978.53973128599,6.826871401151632,0.0471398054051098,1.1609547374342235
6960,76416.0,24,3184.0,0,3,17868.3,5956.099999999999,10597.0,10597.0,0.0,3184.3,4087.0,1,1995-01-11,8686.4,31375.160784313724,11990.87335640624,153,669,505472.8,493209.8,24195.02173913044,0.0,12262.9,0.0,0.0870095013561733,22.00657894736842,22969.16759342302,6.952466367713004,0.1386206089386321,0.7711521192750483
6358,137880.0,60,2298.0,1,1,2298.2,2298.2,2298.2,0.0,0.0,2298.2,0.0,0,1995-01-14,200.0,24523.073033707864,11727.066048624867,89,486,278052.9,258086.0,23287.33809523809,0.0,19966.8,0.0,0.1273014621539515,15.98684210526316,17392.609382716048,5.567078189300411,0.1321250853228724,0.9496092946317412
5418,347952.0,48,7249.0,0,1,7248.8,7248.8,7248.8,0.0,0.0,7248.8,0.0,0,1995-01-16,300.0,54157.19416666667,23422.026500661654,120,657,835259.0,777712.4,62784.83157894737,0.0,57546.3,0.0,0.9999999999879676,21.61184210526316,38648.2094368341,5.552511415525114,0.18756366992815,1.1593073188787515
6598,68112.0,12,5676.0,0,4,15012.0,3753.0,8157.0,8157.0,137.0,5676.0,1042.0,1,1995-01-18,300.0,47220.13401360544,19532.46849347417,147,532,747246.1,707829.8,46945.11212121212,0.0,39416.1,0.0,0.0006723801045326,17.5,42699.77714285714,8.4,0.1329280942071662,0.9941757492205372
5464,95808.0,12,7984.0,0,1,7984.3,7984.3,7984.3,0.0,0.0,7984.3,0.0,1,1995-01-30,900.0,59701.78666666667,24705.82136034003,90,429,758891.5,686391.0,48395.01176470588,0.0,72500.4,0.0,0.9999999999867716,14.11184210526316,53776.9268065268,6.377622377622377,0.1484651591795004,0.8106124533056925
6591,20832.0,48,434.0,0,5,6137.0,1227.4,1953.0,1953.0,1296.0,434.0,2454.0,0,1995-02-02,500.0,21368.909933774838,5923.774708486194,151,550,197615.9,179743.4,19438.25,0.0,17887.1,0.0,0.99999999994897,18.092105263157897,10922.769745454543,8.346181818181817,0.039733511711466,0.9096509859953212
5724,316140.0,60,5269.0,1,1,5269.0,5269.0,5269.0,0.0,0.0,5269.0,0.0,0,1995-02-05,800.0,18632.93381294964,6901.260790646524,139,683,275514.7,262702.8,18521.658333333333,0.0,12826.4,0.0,0.9999999999634804,22.467105263157897,12263.02617862372,6.186822840409955,0.4296655588070093,0.9940280209937068
6315,43164.0,12,3597.0,0,1,3597.0,3597.0,3597.0,0.0,0.0,3597.0,0.0,1,1995-02-06,800.0,68377.06376811593,22291.65403318662,69,363,505169.9,473819.8,65446.024000000005,0.0,31349.9,0.0,0.0033892222731037,11.94078947368421,42306.23955922865,5.778512396694215,0.0850229194706369,0.957134167275343
5876,221280.0,48,4610.0,0,2,12412.0,6206.0,7802.0,7802.0,0.0,4610.0,0.0,0,1995-02-08,1100.0,37596.9323943662,18388.5280031,71,389,437805.6,406491.0,37635.815,0.0,31314.7,0.0,0.0025230746646025,12.796052631578949,34214.113727506425,5.548586118251928,0.1347397169299286,1.0010341959608724
6986,151728.0,48,3161.0,1,1,3160.7,3160.7,3160.7,0.0,0.0,3160.7,0.0,0,1995-02-11,-669.7,30491.09824561404,24000.12499806356,57,271,249499.7,223011.2,11812.682142857142,3.0,26488.7,12.2,0.9999999999596346,8.914473684210527,27988.15822878229,6.394095940959409,0.1129406219956233,0.3874141247333452
6294,79920.0,60,1332.0,0,3,7902.0,2634.0,5984.0,586.0,0.0,1332.0,5984.0,0,1995-02-12,700.0,43846.97789473684,11483.013284673823,95,443,381737.6,350466.0,47845.107407407406,0.0,31271.6,0.0,0.9999999999736324,14.572368421052632,26195.988803611737,6.519187358916478,0.0508474793403437,1.0911836959746009
5132,538500.0,60,8975.0,0,2,13580.0,6790.0,8975.0,4605.0,0.0,8975.0,0.0,0,1995-02-17,200.0,33687.85862068966,13408.02036465337,58,336,258133.6,234862.6,27859.75909090909,0.0,23271.0,0.0,0.9999999999610676,11.052631578947368,23354.944761904764,5.247619047619048,0.3842869288561381,0.8269970316703013
5877,97224.0,24,4051.0,0,3,11276.0,3758.6666666666665,4051.0,3716.0,0.0,4051.0,3509.0,1,1995-02-23,1000.0,22360.536607142854,7476.937792262856,112,531,230279.8,210800.2,24754.859259259258,0.0,19479.6,0.0,0.9999999999563134,17.467105263157894,13183.626967984934,6.412052730696799,0.3072750773944591,1.1070780492933598
6227,28248.0,24,1177.0,0,1,1177.0,1177.0,1177.0,0.0,0.0,1177.0,0.0,1,1995-03-04,400.0,45582.44893617021,11726.61760716518,94,557,398113.6,364384.4,46126.23,0.0,33729.1,0.0,0.9999999999746784,18.322368421052637,21728.28265709156,5.130341113105924,0.0541690302005606,1.0119296147179797
7241,168984.0,24,7041.0,1,1,7040.7,7040.7,7040.7,0.0,0.0,7040.7,0.0,1,1995-03-04,-517.7,56053.9975,28355.36015800731,160,571,920743.1,896438.7999999999,25496.136363636364,1.0,24304.3,5.0,0.9999999999890508,18.782894736842103,49020.2981436077,8.518388791593695,0.1436343772927829,0.4548495646378809
6737,76680.0,24,3195.0,0,3,15848.0,5282.666666666667,7170.0,7170.0,0.0,3195.0,5483.0,1,1995-03-11,1000.0,62933.47482517482,21005.680291887616,143,545,719837.3,692645.8,56141.305882352935,0.0,27191.2,0.0,0.002248997790328,17.92763157894737,40152.39251376146,7.976513761467889,0.0795718461386642,0.8920738292202863
7004,331560.0,60,5526.0,0,3,13911.0,4637.0,5887.0,5887.0,0.0,5526.0,2498.0,0,1995-03-15,900.0,36941.99831932773,11038.409511529931,119,571,459626.4,411634.4,44551.04285714286,0.0,47992.1,0.0,0.9999999999781168,18.782894736842103,24470.4773380035,6.33555166374781,0.2258231386912791,1.205972737586705
6169,103680.0,60,1728.0,1,1,1728.0,1728.0,1728.0,0.0,0.0,1728.0,0.0,0,1995-03-16,500.0,28250.109174311925,9371.387579711678,109,604,227466.7,197239.0,21104.491304347823,0.0,30227.6,0.0,0.9999999999556192,19.86842105263158,11448.65509933775,5.486092715231788,0.1509347590172935,0.7470587517611345
5208,99696.0,48,2077.0,1,1,2077.0,2077.0,2077.0,0.0,0.0,2077.0,0.0,0,1995-03-16,-974.6,46341.29351851852,28762.206936050658,108,646,649189.6,616222.6,26197.672,2.0,32966.8,0.4,0.9999999999845312,21.25,30550.09882352941,5.08235294117647,0.0679866867638557,0.5653202577066154
6694,134784.0,24,5616.0,0,1,5616.2,5616.2,5616.2,0.0,0.0,5616.2,0.0,1,1995-03-19,900.0,44005.11272727272,25288.200975246637,55,288,264674.3,248455.6,29014.714285714286,0.0,16218.7,0.0,0.9999999999617996,9.473684210526317,27937.84277777777,5.805555555555555,0.2010176677798789,0.6593487092952852
5599,15420.0,12,1285.0,0,3,7454.0,2484.6666666666665,4714.0,1455.0,0.0,1285.0,4714.0,1,1995-03-21,1000.0,24577.2,7049.350987979909,151,667,253168.6,221301.2,24787.429629629627,0.0,31867.2,0.0,0.9999999999601588,21.94078947368421,11538.7188005997,6.882158920539729,0.1113641835885257,1.0085538474498352
6546,31728.0,24,1322.0,0,2,7342.0,3671.0,6020.0,6020.0,0.0,1322.0,0.0,1,1995-03-27,600.0,31139.747863247863,9913.02291629028,117,568,319027.3,286224.4,25991.15769230769,0.0,32802.7,0.0,0.9999999999684066,18.68421052631579,17074.70056338028,6.261971830985915,0.0774244909489668,0.8346617897518905
5414,185952.0,48,3874.0,0,2,8498.7,4249.35,4625.0,4625.0,0.0,3873.7,0.0,0,1995-03-29,700.0,50113.194117647065,31588.37996191236,34,375,250010.1,167625.0,69332.42857142857,0.0,82385.2,0.0,0.9999999999596572,12.335526315789474,20267.48544,2.7562666666666664,0.1911435934939822,1.383516452669665
5453,156672.0,36,4352.0,0,2,8965.0,4482.5,4613.0,4613.0,0.0,4352.0,0.0,1,1995-04-01,500.0,22927.502666666667,6686.145590252044,75,400,135886.9,112615.4,19649.358333333334,0.0,23286.1,0.0,0.99999999992575,13.157894736842106,10327.4044,5.699999999999999,0.4214030774069397,0.8570213080088525
5740,18564.0,12,1547.0,0,2,4765.0,2382.5,3218.0,3218.0,0.0,1547.0,0.0,1,1995-04-02,200.0,35538.04615384615,14265.87034169404,13,128,77465.7,34200.0,42773.34444444444,0.0,43265.7,0.0,0.9999999998701476,4.2105263157894735,18398.10375,3.0875000000000004,0.0840847524386393,1.2035930238606911
5804,158976.0,48,3312.0,0,4,8860.0,2215.0,5009.0,5009.0,321.0,3312.0,218.0,0,1995-04-05,600.0,49916.09102564103,23319.33818504641,156,518,678171.0,659291.4,21258.042307692307,0.0,18894.0,0.0,0.9999999999851832,17.039473684210527,39799.99691119691,9.155212355212354,0.0832160868393453,0.4258755416667876
6745,47304.0,24,1971.0,0,2,10121.8,5060.9,8151.0,8151.0,0.0,1970.8,0.0,1,1995-04-10,400.0,68740.02335329342,30916.763221258974,167,516,1189194.4,1126736.0,85916.6303030303,0.0,62458.3,0.0,0.9999999999915375,16.973684210526315,70061.06542635658,9.83875968992248,0.0281326010063386,1.2498778164353814
6950,104712.0,24,4363.0,0,2,8508.7,4254.35,4362.7,4146.0,0.0,4362.7,0.0,1,1995-04-11,400.0,57357.84345549738,27075.74205832393,191,691,1155020.5,1133219.2,25018.611764705885,0.0,25947.2,0.0,0.9999999999913078,22.730263157894736,50814.215918958034,8.402894356005788,0.0858617991095206,0.4361846654809363
6996,126600.0,24,5275.0,0,1,5274.7,5274.7,5274.7,0.0,0.0,5274.7,0.0,1,1995-04-13,400.0,47118.99318181818,17179.81146303782,132,693,795503.6,746782.8,43536.94375,0.0,48720.6,0.0,0.0005053057099481,22.79605263157895,34896.55041847042,5.79047619047619,0.1511610728061069,0.9239786506635252
5352,68400.0,12,5700.0,1,1,5700.3,5700.3,5700.3,0.0,0.0,5700.3,0.0,1,1995-04-15,800.0,31793.735714285714,12297.15509867766,14,167,62746.2,38800.0,27057.93333333333,0.0,23946.1,0.0,0.9999999998389072,5.493421052631579,11422.062754491018,2.5485029940119763,0.4990342040248803,0.851046054102572
6151,225420.0,60,3757.0,0,1,3757.0,3757.0,3757.0,0.0,0.0,3757.0,0.0,0,1995-04-25,200.0,31185.156862745094,9614.3623318295,51,312,155236.5,122833.0,29055.64444444444,0.0,32403.4,0.0,0.9999999999351448,10.263157894736842,15125.607692307693,4.969230769230769,0.2483867143682961,0.9317139100184618
5310,248148.0,36,6893.0,0,4,13070.0,3267.5,6893.0,853.0,1972.0,6893.0,3352.0,1,1995-04-28,600.0,36063.78833333333,10761.578895609016,120,503,347756.2,306647.6,29970.004,0.0,41108.6,0.0,0.9999999999710344,16.54605263157895,21017.47212723658,7.25248508946322,0.3279652260267636,0.83102761458892
5045,187224.0,24,7801.0,1,1,7801.2,7801.2,7801.2,0.0,0.0,7801.2,0.0,1,1995-05-01,-243.3,42084.31136363636,22038.48158908669,88,504,502143.6,451311.4,33400.288888888885,1.0,50832.1,0.2,0.9999999999799792,16.578947368421055,30288.02666666666,5.307936507936507,0.2575605232812921,0.7936517861098336
6929,36396.0,12,3033.0,0,2,8152.0,4076.0,5119.0,5119.0,0.0,3033.0,0.0,1,1995-05-08,800.0,57977.03481012658,25051.25763785537,158,671,949476.7,903996.0,36501.705882352944,0.0,45480.6,0.0,0.9999999999894084,22.072368421052637,43016.53007451564,7.158271236959761,0.0705077790802975,0.629589043240988
5151,189060.0,60,3151.0,0,2,9091.0,4545.5,5940.0,5940.0,0.0,3151.0,0.0,0,1995-05-24,200.0,72242.89666666667,24683.06321415813,30,203,301974.5,233029.0,76755.18947368422,0.0,68945.6,0.0,0.0006660405884912,6.677631578947369,45221.79704433497,4.492610837438424,0.0696787877804591,1.062460020356229
5212,71064.0,36,1974.0,0,3,8602.0,2867.333333333333,5450.0,1178.0,0.0,1974.0,5450.0,1,1995-05-29,700.0,34577.3023255814,9923.171541124484,86,403,226245.7,194848.8,35211.495652173915,0.0,31397.0,0.0,0.9999999999554978,13.25657894736842,17066.673151364765,6.4873449131513645,0.1156640184842062,1.018341318545834
5138,87216.0,48,1817.0,0,4,6147.0,1536.75,2843.0,382.0,2843.0,1817.0,1105.0,0,1995-05-30,700.0,30847.14932432432,6554.760512834303,148,616,232489.3,205694.0,25941.308695652173,0.0,29638.3,0.0,0.9999999999565612,20.26315789473684,11473.497922077922,7.303896103896104,0.1583649564201324,0.8409629173346884
5713,158760.0,60,2646.0,0,4,13649.5,3412.375,8742.0,1894.0,8742.0,2645.5,368.0,0,1995-05-30,900.0,24908.761445783133,8944.715311238842,166,672,395880.6,376698.2,22102.2125,0.0,19182.3,0.0,0.0520943186685176,22.105263157894736,17908.884285714284,7.5095238095238095,0.1477478974295012,0.8873268363517315
6704,417060.0,60,6951.0,0,3,13140.8,4380.266666666666,6950.8,1172.0,0.0,6950.8,5018.0,0,1995-06-01,200.0,58445.02702702703,25817.73541355227,74,558,432097.1,351118.4,77032.49090909092,0.0,80978.7,0.0,0.9999999999766638,18.355263157894736,23540.773906810035,4.031541218637993,0.2952749142642425,1.3180332838290598
6474,63360.0,60,1056.0,0,2,6450.0,3225.0,5394.0,5394.0,0.0,1056.0,0.0,0,1995-06-06,700.0,29108.363865546216,6107.706916241164,119,638,202133.0,176497.6,29369.75294117647,0.0,25635.0,0.0,0.9999999999499194,20.98684210526316,9631.415673981192,5.670219435736677,0.1096412027731625,1.008979861140524
6676,29784.0,24,1241.0,0,3,5827.0,1942.3333333333333,3034.0,3034.0,0.0,1241.0,1552.0,1,1995-06-13,200.0,27626.08333333333,13131.977125726578,12,125,60620.2,22700.0,33280.555555555555,0.0,37920.3,0.0,0.9999999998342256,4.111842105263158,14742.832639999997,2.9184,0.0841764964346929,1.204678750221274
6965,139536.0,24,5814.0,0,2,16534.5,8267.25,10721.0,10721.0,0.0,5813.5,0.0,1,1995-06-13,800.0,63889.87393939393,30644.15707575465,165,576,1210717.2,1174244.2,92492.608,0.0,36472.9,0.0,0.9999999999917116,18.947368421052637,63898.963333333326,8.708333333333332,0.0909873915913314,1.4476880651425577
6725,265320.0,36,7370.0,0,2,11205.0,5602.5,7370.0,3835.0,0.0,7370.0,0.0,1,1995-06-23,700.0,35566.88108108108,9992.57311449955,148,643,412238.9,376948.6,33367.16521739131,0.0,35289.8,0.0,0.9999999999754504,21.151315789473685,19489.988429237947,6.997200622083981,0.3781428615505205,0.9381526913181772
7166,198240.0,24,8260.0,0,2,15563.0,7781.5,8260.0,7303.0,0.0,8260.0,0.0,1,1995-06-24,300.0,30953.14375,13022.421614480603,16,160,78047.2,42703.0,38053.13,0.0,35344.2,0.0,0.999999999871192,5.2631578947368425,14828.968,3.04,0.5570178581833761,1.2293785178995336
7138,60000.0,60,1000.0,0,3,5910.0,1970.0,2960.0,2960.0,0.0,1000.0,1950.0,0,1995-07-03,400.0,24643.28394160584,5853.928886719555,137,658,184336.5,167458.2,23706.421739130437,0.0,16893.2,0.0,0.9999999999451508,21.644736842105264,8516.458358662614,6.329483282674772,0.1174197015604076,0.9619830614168468
5970,465072.0,48,9689.0,0,1,9689.0,9689.0,9689.0,0.0,0.0,9689.0,0.0,0,1995-07-09,300.0,27778.74563106796,13613.100566191755,103,541,460422.3,423269.8,24360.70588235294,0.0,37152.4,0.0,0.9999999999781952,17.79605263157895,25872.158817005544,5.787800369685766,0.3744952272744458,0.8769548559578657
6157,98592.0,24,4108.0,0,2,14638.3,7319.15,10530.0,10530.0,0.0,4108.3,0.0,1,1995-07-10,900.0,54128.56538461538,19656.29438137193,26,183,162431.9,118560.0,64255.1875,0.0,62671.9,0.0,0.005585725368156,6.019736842105264,26983.222732240432,4.319125683060109,0.152242748734724,1.1870846203212324
6153,285600.0,60,4760.0,0,1,4760.0,4760.0,4760.0,0.0,0.0,4760.0,0.0,0,1995-07-25,1100.0,49651.8918367347,26473.42182373544,49,252,269184.3,240990.0,50368.90454545455,0.0,28194.4,0.0,0.9999999999626844,8.289473684210527,32473.02666666666,5.911111111111111,0.1465831949511585,1.0144407931309671
5693,44088.0,24,1837.0,0,2,5210.0,2605.0,3373.0,3373.0,0.0,1837.0,0.0,1,1995-08-01,1000.0,36548.81875,11906.808161813044,32,236,128071.3,83702.8,39691.45555555556,0.0,44368.6,0.0,0.9999999999212738,7.763157894736842,16497.32,4.122033898305085,0.1113514194357923,1.085984633763183
5922,20220.0,12,1685.0,0,2,10407.8,5203.9,8723.0,8723.0,0.0,1684.8,0.0,1,1995-08-05,500.0,41077.635294117645,25420.727566030237,51,343,263406.0,232102.6,25062.65263157895,0.0,31317.9,0.0,0.9999999999618104,11.282894736842106,23345.60466472303,4.520116618075801,0.0721763271278382,0.6101289045980369
5959,107640.0,24,4485.0,0,3,9926.0,3308.6666666666665,4485.0,3580.0,0.0,4485.0,1861.0,1,1995-08-11,600.0,50214.50434782609,22727.670225229824,23,179,233781.1,168455.6,54416.926666666666,0.0,65325.4,0.0,0.0025759585784754,5.8881578947368425,39703.60581005586,3.906145251396648,0.1129620322226362,1.0836894113082212
5980,21396.0,12,1783.0,0,1,1783.2,1783.2,1783.2,0.0,0.0,1783.2,0.0,1,1995-08-18,1000.0,30812.94615384615,7990.971151238132,78,440,193524.1,168742.0,30654.81111111111,0.0,24782.0,0.0,0.0792773245947845,14.473684210526317,13370.756,5.389090909090909,0.1333507244217524,0.9948679022157062
6764,33984.0,48,708.0,0,1,708.0,708.0,708.0,0.0,0.0,708.0,0.0,0,1995-08-26,600.0,38587.76,9896.492445941623,70,367,183167.9,138702.2,41345.4,0.0,44465.4,0.0,0.9999999999445468,12.072368421052632,15172.49089918256,5.798365122615803,0.0466633991898792,1.0714641116583434
5237,45336.0,24,1889.0,0,2,7819.0,3909.5,5930.0,5930.0,0.0,1889.0,0.0,1,1995-08-29,800.0,48152.95333333333,11574.102240004077,90,489,361660.3,321820.6,49726.73809523809,0.0,40939.5,0.0,0.999999999972144,16.085526315789476,22483.585112474437,5.595092024539876,0.084016850057946,1.032683036919534
6726,85860.0,60,1431.0,0,2,5834.0,2917.0,4403.0,4403.0,0.0,1431.0,0.0,0,1995-09-03,1000.0,30461.404166666664,7824.866629042196,96,431,181800.0,142433.0,38265.67,0.0,39366.8,0.0,0.9999999999441124,14.17763157894737,12823.016241299303,6.771229698375869,0.1115962088759735,1.2562017751404704
6933,188688.0,48,3931.0,0,2,10733.8,5366.9,6803.0,6803.0,0.0,3930.8,0.0,0,1995-09-09,400.0,42203.17272727273,20050.27841673887,22,160,131401.4,107821.6,46644.62857142858,0.0,23579.7,0.0,0.0053673572662234,5.2631578947368425,24966.266,4.18,0.157452459988429,1.1052398562971846
5145,309552.0,48,6449.0,0,2,20740.0,10370.0,14291.0,14291.0,0.0,6449.0,0.0,0,1995-09-16,700.0,56105.5,21979.38440541901,35,241,330907.3,279107.8,53453.36111111111,0.0,51799.4,0.0,0.0021237928512488,7.927631578947369,41741.00381742738,4.414937759336099,0.1545003571706739,0.9527294311891672
7008,36168.0,12,3014.0,0,4,15812.5,3953.125,6953.0,1507.0,6953.0,3013.5,4339.0,1,1995-09-22,300.0,39063.76666666666,14039.273386590508,36,202,139338.2,110200.2,41395.696,0.0,29138.1,0.0,0.0195216473364142,6.644736842105264,20969.70930693069,5.417821782178217,0.1437311292420507,1.059695454937433
7227,314520.0,60,5242.0,0,2,15714.0,7857.0,10472.0,10472.0,0.0,5242.0,0.0,0,1995-10-02,500.0,63527.42,28698.379826165863,130,484,1011187.1,960700.0,83352.93939393939,0.0,50517.0,0.0,0.9999999999900728,15.921052631578949,63512.57818181818,8.165289256198346,0.0825348324574121,1.3120781448517602
6600,21852.0,36,607.0,0,5,9564.0,1912.8,8400.0,8400.0,26.0,607.0,531.0,1,1995-10-08,700.0,38509.05,15001.855573002804,18,169,104539.9,61640.6,46398.91818181818,0.0,42899.4,0.0,0.999999999903754,5.559210526315789,18804.810414201183,3.237869822485207,0.0322789747041964,1.2048834798513424
6712,266220.0,60,4437.0,0,4,12286.0,3071.5,4437.0,410.0,3344.0,4437.0,4095.0,0,1995-10-14,900.0,34922.881250000006,11836.447603426754,144,522,420932.3,382772.2,36739.03793103449,0.0,38159.6,0.0,0.9999999999760218,17.17105263157895,24514.064980842908,8.386206896551723,0.1809981331801729,1.052004777541499
7057,231696.0,36,6436.0,0,4,16611.0,4152.75,7082.0,2762.0,7082.0,6436.0,331.0,1,1995-10-20,800.0,45873.61666666667,20926.369442514395,126,476,692989.9,653115.0,41032.62962962963,0.0,39874.7,0.0,0.0055055707682371,15.657894736842106,44258.17848739496,8.047058823529412,0.145419450562766,0.8944712146600949
7176,260028.0,36,7223.0,0,3,21322.2,7107.400000000001,9317.0,4782.0,0.0,7223.2,9317.0,1,1995-10-28,200.0,50676.8198757764,20993.62804538802,161,689,1042331.3,972480.2,56046.94545454546,0.0,69850.9,0.0,0.0182192381657543,22.664473684210527,45989.65387518142,7.103628447024673,0.1570570637046555,1.1059680852285745
7304,419880.0,60,6998.0,0,2,17884.0,8942.0,10886.0,10886.0,0.0,6998.0,0.0,0,1995-10-29,200.0,59352.833333333336,27879.396856671145,18,156,232190.5,207486.0,63637.333333333336,0.0,24704.4,0.0,0.0021604431500055,5.131578947368421,45247.37948717949,3.507692307692308,0.1546608903712583,1.0721869496139436
6362,37908.0,12,3159.0,0,1,3159.0,3159.0,3159.0,0.0,0.0,3159.0,0.0,1,1995-10-31,800.0,42164.02763157895,12938.940496291016,76,460,307505.7,261392.0,52225.12142857142,0.0,46113.5,0.0,0.0065517060640445,15.13157894736842,20322.11582608696,5.022608695652174,0.1554464124444371,1.2386179487528604
5880,73836.0,36,2051.0,0,3,7343.0,2447.6666666666665,4015.0,1277.0,0.0,2051.0,4015.0,1,1995-10-31,900.0,55315.16842105263,32965.14577809675,19,188,192453.1,125000.0,57075.32857142857,0.0,67453.1,0.0,0.9999999999477374,6.184210526315789,31120.075744680853,3.072340425531915,0.0659060092323683,1.031820569118756
6535,41952.0,12,3496.0,0,4,7603.8,1900.95,3861.0,3861.0,49.0,3495.8,198.0,1,1995-11-02,500.0,41502.02571428572,13263.348751707794,105,425,321582.8,296910.0,40944.36923076923,0.0,24687.4,0.0,0.0141011017656427,13.980263157894738,23002.628517647056,7.510588235294117,0.1519826308457804,0.9865631500201648
5449,99336.0,24,4139.0,0,2,8862.0,4431.0,4723.0,4723.0,0.0,4139.0,0.0,1,1995-11-04,300.0,27019.571153846155,7892.721828749214,52,330,128469.8,97645.6,27903.43333333333,0.0,30838.7,0.0,0.9999999999214836,10.855263157894738,11834.793696969697,4.79030303030303,0.3497314868752192,1.0327119244094385
6342,60156.0,36,1671.0,1,3,7176.0,2392.0,3881.0,3881.0,0.0,1671.0,1624.0,1,1995-11-12,400.0,72667.63571428572,34206.987415175485,56,230,480580.3,413867.4,83874.09677419355,0.0,106112.8,0.0,0.9999999999791286,7.565789473684211,63520.178782608695,7.401739130434782,0.026306601016596,1.1542152973357656
5409,182040.0,60,3034.0,0,1,3034.0,3034.0,3034.0,0.0,0.0,3034.0,0.0,0,1995-11-18,600.0,67475.90169491526,21927.679528674224,59,362,536797.8,498050.2,72519.18888888888,0.0,38747.5,0.0,0.0011233977539323,11.907894736842106,45079.15226519337,4.954696132596685,0.0673038388450259,1.0747420494805515
6955,244368.0,48,5091.0,0,1,5091.3,5091.3,5091.3,0.0,0.0,5091.3,0.0,0,1995-11-22,200.0,75924.24097222222,25561.82768442916,144,488,1328954.3,1242760.0,76882.14545454545,0.0,86194.1,0.0,0.9999999999924502,16.05263157894737,82787.31704918032,8.970491803278687,0.0614949267695281,1.0126165827926752
6985,113796.0,36,3161.0,0,3,9447.7,3149.2333333333336,4967.0,4967.0,0.0,3160.7,1320.0,1,1995-11-22,500.0,36840.57361111111,11410.8354231442,72,356,249344.1,215290.0,33576.63478260869,0.0,34054.0,0.0,0.0048439442621524,11.710526315789474,21292.30516853933,6.148314606741573,0.1484573874690654,0.9114036911566422
5125,73056.0,48,1522.0,0,3,5316.0,1772.0,2153.0,2153.0,0.0,1522.0,1641.0,0,1995-11-23,500.0,23255.149019607845,6550.595429955129,51,290,73128.7,51583.0,22379.054545454543,0.0,21545.7,0.0,0.9999999998616222,9.539473684210527,7665.905103448274,5.346206896551723,0.1985414608550215,0.9623268600412804
5805,137904.0,24,5746.0,1,1,5746.0,5746.0,5746.0,0.0,0.0,5746.0,0.0,1,1995-11-28,600.0,26886.191666666666,11982.10175488715,12,129,55759.8,20600.0,32186.477777777774,0.0,35159.7,0.0,0.9999999998198588,4.243421052631579,13140.293953488374,2.827906976744186,0.4372809326766843,1.1971378529489172
6185,31176.0,24,1299.0,0,3,9855.0,3285.0,7143.0,1413.0,0.0,1299.0,7143.0,1,1995-11-28,700.0,46304.15217391304,15340.950971615734,23,173,129137.7,78490.6,52665.54,0.0,50647.1,0.0,0.9999999999219836,5.690789473684211,22692.405086705203,4.041618497109827,0.0572438220833897,1.137382664751543
7243,217152.0,36,6032.0,0,2,14467.8,7233.9,8436.0,8436.0,0.0,6031.8,0.0,1,1995-12-04,400.0,49107.066666666666,18394.513784863888,57,309,382143.0,339863.6,51617.4,0.0,42293.9,0.0,0.001051510889682,10.164473684210527,37595.94563106796,5.607766990291261,0.160442832256118,1.051119594250294
6403,194880.0,48,4060.0,0,2,8644.5,4322.25,4585.0,4585.0,0.0,4059.5,0.0,0,1995-12-05,300.0,36421.425663716815,13195.884796079004,113,552,478122.4,447115.4,39420.73333333333,0.0,31007.0,0.0,0.0006312294455778,18.157894736842103,26331.37855072464,6.223188405797101,0.1541886609026925,1.0823500893810682
6578,27984.0,12,2332.0,0,2,10549.0,5274.5,8217.0,8217.0,0.0,2332.0,0.0,1,1995-12-11,500.0,30639.86315789474,16237.333801572568,76,519,286194.4,267814.0,31260.063157894736,0.0,18380.5,0.0,0.9999999999647112,17.072368421052634,16763.60262042389,4.4516377649325625,0.1391109089980279,1.020241604428895
5413,92976.0,24,3874.0,0,2,17259.7,8629.85,13386.0,13386.0,0.0,3873.7,0.0,1,1995-12-12,300.0,50436.46605504587,26490.31613525208,109,569,666916.9,645385.0,73305.03846153847,0.0,21531.8,0.0,0.999999999984936,18.717105263157897,35631.41258347979,5.823550087873461,0.1087242889918123,1.4534134561886218
6949,104712.0,24,4363.0,0,2,17748.7,8874.35,13386.0,13386.0,0.0,4362.7,0.0,1,1995-12-12,300.0,52379.1287037037,25655.51365409269,108,569,664119.3,634004.0,75969.588,0.0,30115.3,0.0,0.999999999984872,18.717105263157897,35481.94502636204,5.770123022847099,0.1229639467489389,1.450378993801866
6545,191880.0,60,3198.0,0,3,13321.8,4440.599999999999,5856.0,4268.0,0.0,3197.8,5856.0,0,1995-12-12,400.0,53685.78620689656,26747.651934377307,87,272,566208.9,487687.8,61328.52121212121,0.0,78521.0,0.0,0.9999999999822848,8.947368421052632,63282.17117647059,9.723529411764703,0.0505355606490903,1.1423604930427422
6178,232560.0,48,4845.0,0,1,4845.0,4845.0,4845.0,0.0,0.0,4845.0,0.0,0,1995-12-16,600.0,63188.63333333333,26204.03067546612,27,164,197022.6,155779.0,70566.32777777777,0.0,41243.5,0.0,0.9999999999488964,5.394736842105264,36521.26243902439,5.004878048780487,0.1326624457947627,1.1167566703707292
5160,204000.0,60,3400.0,0,2,10485.5,5242.75,7085.0,7085.0,0.0,3400.5,0.0,0,1995-12-18,400.0,37809.39846153846,12656.782825432134,65,366,269311.0,231318.2,30598.640909090907,0.0,45077.7,0.0,0.0093374866470453,12.039473684210527,22369.00109289617,5.398907103825136,0.1519960584900589,0.8092866362876534
6785,125340.0,60,2089.0,0,2,5801.8,2900.9,3713.0,3713.0,0.0,2088.8,0.0,0,1995-12-25,500.0,51145.515748031496,22705.18278242659,127,476,624607.4,605600.0,49732.78695652174,0.0,19007.0,0.0,0.9999999999838596,15.657894736842106,39890.89277310924,8.110924369747899,0.0523678427393967,0.9723782470355103
6540,309600.0,48,6450.0,0,1,6450.2,6450.2,6450.2,0.0,0.0,6450.2,0.0,0,1995-12-31,400.0,58185.58928571428,20963.728475446504,56,348,467021.0,431533.0,59041.13157894737,0.0,35488.1,0.0,0.0008605611288655,11.447368421052632,40797.2367816092,4.8919540229885055,0.1580989426550225,1.014703679959053
6589,189696.0,24,7904.0,0,4,11843.8,2960.95,7903.8,1475.0,2197.0,7903.8,268.0,1,1996-01-01,700.0,54137.10561797753,23400.63444036177,89,267,559759.2,471127.0,50652.06896551724,0.0,88662.1,0.0,0.999999999982074,8.782894736842106,63732.8826966292,10.133333333333333,0.1240176132685406,0.9356257298569124
5900,135360.0,48,2820.0,0,1,2819.8,2819.8,2819.8,0.0,0.0,2819.8,0.0,0,1996-01-01,200.0,64881.31428571429,30587.603643206054,77,363,603340.4,548471.4,80129.05,0.0,54883.5,0.0,0.9999999999833524,11.94078947368421,50527.6808815427,6.448484848484848,0.0558109921184213,1.2350096614071349
5999,98832.0,48,2059.0,0,4,7575.0,1893.75,3938.0,3938.0,325.0,2059.0,1253.0,0,1996-01-03,500.0,31814.26836158192,12078.55101973188,177,696,401400.3,374230.4,29266.028,0.0,27184.4,0.0,0.9999999999748824,22.894736842105264,17532.426896551722,7.731034482758621,0.1174395313880116,0.9199025939613266
6043,20352.0,48,424.0,0,2,4632.0,2316.0,4208.0,4208.0,0.0,424.0,0.0,0,1996-01-11,400.0,31814.41458333333,9092.645216549368,48,283,97274.6,75993.0,30707.647619047617,0.0,21281.5,0.0,0.9999999998958984,9.30921052631579,10449.285653710249,5.156183745583039,0.0405769364189675,0.96521177622053
5482,165120.0,60,2752.0,0,2,7734.0,3867.0,4982.0,4982.0,0.0,2752.0,0.0,0,1996-01-12,1100.0,24377.37155172414,6878.836566414742,116,601,197974.4,175229.0,21778.436842105264,0.0,22745.4,0.0,0.9999999999490148,19.769736842105264,10014.012911813645,5.867554076539101,0.2748149040236692,0.8933874099987233
7263,89880.0,24,3745.0,0,1,3744.7,3744.7,3744.7,0.0,0.0,3744.7,0.0,1,1996-01-19,800.0,62571.28275862069,27471.97500043153,29,154,215539.5,176460.0,72420.6,0.0,39079.5,0.0,0.9999999999533664,5.065789473684211,42548.05714285714,5.724675324675324,0.0880181199941939,1.157409546289799
6013,128988.0,36,3583.0,1,1,3583.0,3583.0,3583.0,0.0,0.0,3583.0,0.0,0,1996-02-03,-36.1,34740.70243902439,17311.11971554469,82,551,314909.5,305229.1,22780.872727272726,1.0,9680.2,0.1,0.99999999996798,18.125,17374.31724137931,4.524137931034483,0.2062239308837044,0.6557401296274731
5750,63252.0,12,5271.0,0,3,10371.7,3457.2333333333336,5270.7,643.0,0.0,5270.7,4458.0,1,1996-02-08,13097.7,49291.82256097561,18482.29894648273,164,672,800390.9,750681.8,36498.00740740741,0.0,49709.2,0.0,0.0061596480200357,22.105263157894736,36208.15976190476,7.419047619047619,0.1455749210455584,0.7404475124622079
6027,61656.0,24,2569.0,1,5,9207.8,1841.56,4206.0,4206.0,132.0,2568.8,2301.0,1,1996-02-10,400.0,44763.458333333336,24849.149080234965,12,167,125895.5,66200.0,55290.5625,0.0,59695.5,0.0,0.999999999920268,5.493421052631579,22917.50419161677,2.184431137724551,0.1120977213486782,1.235171824212605
6303,72408.0,24,3017.0,1,4,17875.7,4468.925,7396.0,7320.0,7396.0,3016.7,143.0,1,1996-02-12,700.0,45099.26153846154,19929.621714110985,13,126,109163.9,72800.0,40138.12857142858,0.0,36363.9,0.0,0.9999999999077694,4.144736842105264,26337.95682539682,3.136507936507936,0.1145495081055532,0.8899952503279468
7213,113544.0,36,3154.0,0,3,8888.0,2962.6666666666665,4408.0,1326.0,0.0,3154.0,4408.0,0,1996-02-13,700.0,33990.41971830986,12325.831191185674,71,358,235792.1,222405.2,27106.06071428571,0.0,13386.8,0.0,0.0307314074971517,11.776315789473683,20022.56938547486,6.029050279329608,0.157522240912438,0.7974617827890392
6659,56100.0,60,935.0,0,2,7151.0,3575.5,6216.0,6216.0,0.0,935.0,0.0,0,1996-02-20,1000.0,20158.001470588235,8426.832211799325,68,405,138828.1,123420.8,14942.304999999998,0.0,15407.2,0.0,0.99999999992745,13.322368421052632,10420.677135802467,5.104197530864197,0.0897254551616758,0.7412592470731362
6175,290700.0,60,4845.0,1,1,4845.0,4845.0,4845.0,0.0,0.0,4845.0,0.0,0,1996-02-21,-2825.2,59647.424000000006,31590.330595889613,100,392,719516.0,707941.1,16704.379999999997,3.0,11574.8,9.9,0.999999999986044,12.894736842105264,55799.2,7.755102040816326,0.0868292018367953,0.2800519934808831
5610,123216.0,48,2567.0,0,3,5619.3,1873.1,2567.3,1468.0,0.0,2567.3,1584.0,0,1996-02-24,700.0,70622.83359375,28089.524636349877,128,561,815518.9,737938.0,73090.44444444444,0.0,77580.8,0.0,0.9999999999876752,18.45394736842105,44192.11151515151,6.936185383244206,0.0580872900481122,1.0349406943162276
5563,380160.0,60,6336.0,0,1,6336.0,6336.0,6336.0,0.0,0.0,6336.0,0.0,0,1996-02-29,1100.0,64777.0752293578,27227.866078850297,109,579,878170.5,853620.8,47981.485,0.0,24549.6,0.0,0.999999999988562,19.04605263157895,46107.74300518134,5.722970639032815,0.1374172662911264,0.7407170642191484
5989,213300.0,36,5925.0,0,2,10719.0,5359.5,5925.0,4794.0,0.0,5925.0,0.0,0,1996-03-04,400.0,27951.91355932203,7864.495893274421,59,326,123704.3,96377.6,26495.970370370367,0.0,27341.3,0.0,0.9999999999183672,10.723684210526317,11535.615705521472,5.501840490797545,0.513626679850973,0.9479125750964827
6698,247728.0,48,5161.0,0,3,11804.2,3934.7333333333336,5161.2,4104.0,0.0,5161.2,2539.0,0,1996-03-10,200.0,60054.734,23168.339445014884,50,215,329077.8,276526.0,62928.67999999999,0.0,52551.7,0.0,0.9999999999693744,7.072368421052632,46530.07032558139,7.069767441860465,0.1109175198485225,1.0478554444937085
5312,202788.0,36,5633.0,0,2,17627.0,8813.5,11994.0,11994.0,0.0,5633.0,0.0,0,1996-03-13,1100.0,57124.26835443038,23297.66357464454,79,387,678389.7,596766.0,48179.80454545454,0.0,81623.6,0.0,0.0016274958017765,12.730263157894738,53289.52682170542,6.205684754521963,0.1057055735884027,0.8434209474349207
7189,154656.0,48,3222.0,0,2,7088.5,3544.25,3867.0,3867.0,0.0,3221.5,0.0,0,1996-03-21,1000.0,31791.328089887644,10868.943277490947,89,454,314688.7,277508.0,27462.772727272728,0.0,37180.5,0.0,0.0115065603371579,14.93421052631579,21071.66625550661,5.959471365638766,0.1529067497274419,0.8638447768204369
6816,100224.0,48,2088.0,1,1,2088.0,2088.0,2088.0,0.0,0.0,2088.0,0.0,0,1996-03-26,700.0,28124.93333333333,9838.64837040488,18,125,60087.1,28700.0,30944.32,0.0,31387.1,0.0,0.0521218642726273,4.111842105263158,14613.182719999995,4.377599999999999,0.1428846842319613,1.1002450964860675
6137,44628.0,12,3719.0,0,2,15597.0,7798.5,11878.0,11878.0,0.0,3719.0,0.0,1,1996-04-10,900.0,49477.32123287671,22661.883780456672,146,636,1079599.8,999160.0,56772.66086956522,0.0,80439.7,0.0,0.0022307424189405,20.92105263157895,51603.51245283019,6.978616352201257,0.0720687376208892,1.1474481528795135
5128,215616.0,48,4492.0,1,1,4492.0,4492.0,4492.0,0.0,0.0,4492.0,0.0,0,1996-04-11,-3424.6,21447.624590163938,13056.987306542756,61,303,165167.3,156526.6,11343.744,2.0,8640.6,13.6,0.9999999999388416,9.967105263157896,16571.240660066003,6.12013201320132,0.2710720391692983,0.5289044456658988
5470,200976.0,48,4187.0,0,2,13741.3,6870.65,9554.0,9554.0,0.0,4187.3,0.0,0,1996-04-15,600.0,47938.06571428572,18916.939576271827,35,219,216791.3,169359.8,46282.94285714286,0.0,47431.4,0.0,0.0078976465009757,7.203947368421053,30093.40420091324,4.858447488584474,0.1391334782417737,0.96547372443723
5593,277884.0,36,7719.0,1,1,7718.7,7718.7,7718.7,0.0,0.0,7718.7,0.0,0,1996-04-18,1000.0,46487.00256410256,28041.875079726327,117,693,632945.0,621331.0,4961.766666666666,0.0,11614.0,0.0,0.9999999999841148,22.79605263157895,27765.552669552668,5.132467532467532,0.278006351578389,0.1067344933405281
5350,249312.0,48,5194.0,0,2,19358.0,9679.0,14164.0,14164.0,0.0,5194.0,0.0,0,1996-04-21,900.0,35914.855,23021.04106123776,60,433,327590.7,272164.0,26425.517647058823,0.0,55426.5,0.0,0.9999999999692748,14.24342105263158,22999.439445727483,4.212471131639723,0.2258315908089035,0.7357823841889658
6063,320976.0,48,6687.0,1,1,6687.0,6687.0,6687.0,0.0,0.0,6687.0,0.0,0,1996-04-25,1000.0,49482.968,27435.703120029262,50,251,400580.1,354117.8,42887.938095238096,0.0,46462.2,0.0,0.0025121272944511,8.256578947368421,48516.474262948206,6.055776892430279,0.1378294713333803,0.866721213783516
6501,30276.0,12,2523.0,1,1,2523.2,2523.2,2523.2,0.0,0.0,2523.2,0.0,1,1996-04-29,1000.0,31318.872826086958,12216.3463270595,92,388,243755.4,218824.8,26835.8375,0.0,24930.3,0.0,0.1144790992034728,12.763157894736842,19098.3612371134,7.2082474226804125,0.1321055753085273,0.8568583435441709
5452,49440.0,60,824.0,0,4,6443.0,1610.75,5581.0,5581.0,4.0,824.0,34.0,0,1996-04-29,300.0,47798.865454545456,12804.463916870109,110,464,327632.7,282611.0,41279.00357142858,0.0,45021.6,0.0,0.9999999999692528,15.263157894736842,21465.59068965517,7.206896551724138,0.0383870172281462,0.8635979781161761
4961,30276.0,12,2523.0,1,1,2523.2,2523.2,2523.2,0.0,0.0,2523.2,0.0,1,1996-04-29,715.0,25197.0925,15039.248404932325,80,388,242179.2,226324.8,15123.228571428572,0.0,15854.0,0.0,0.1144790992034728,12.763157894736842,18974.86515463917,6.268041237113402,0.1329653717224702,0.6001973666377023
4973,165960.0,24,6915.0,0,3,13753.0,4584.333333333333,6915.0,6393.0,0.0,6915.0,445.0,1,1996-05-02,700.0,52523.2448,20955.64699837245,125,561,813241.8,789552.4,41550.152,0.0,23703.8,0.0,0.0008644590030211,18.45394736842105,44068.71786096256,6.77361853832442,0.1569140273208715,0.7910812089067502
6190,123600.0,60,2060.0,0,1,2060.0,2060.0,2060.0,0.0,0.0,2060.0,0.0,0,1996-05-06,300.0,39514.67755102041,23277.873093332157,49,297,231224.8,215719.2,14827.5,0.0,15505.6,0.0,0.9999999999564984,9.769736842105264,23667.454276094275,5.015488215488215,0.087039356877953,0.3752403136050568
6715,220620.0,60,3677.0,0,3,12996.3,4332.099999999999,5812.0,5812.0,0.0,3677.3,3507.0,0,1996-05-06,1100.0,36907.45625,14352.07837931304,128,521,418400.0,391970.8,27952.01923076923,0.0,26428.9,0.0,0.0118619941703899,17.138157894736842,24413.35892514395,7.468714011516314,0.150614260404242,0.7573542601759687
5892,66480.0,24,2770.0,1,1,2770.3,2770.3,2770.3,0.0,0.0,2770.3,0.0,1,1996-05-14,900.0,34798.28,21490.62646296442,10,139,85491.2,50600.0,43168.97142857143,0.0,34891.2,0.0,0.999999999882534,4.572368421052632,18697.35597122302,2.18705035971223,0.1481492892782164,1.2405489988633327
6550,320592.0,48,6679.0,0,1,6678.7,6678.7,6678.7,0.0,0.0,6678.7,0.0,0,1996-05-18,500.0,60781.306818181816,21161.10823723557,88,465,645092.7,575944.0,56550.86190476191,0.0,69148.6,0.0,0.0007792385903764,15.296052631578949,42173.80232258064,5.753118279569892,0.1583684569707449,0.9303989146633744
5706,161496.0,36,4486.0,0,2,7610.0,3805.0,4486.0,3124.0,0.0,4486.0,0.0,0,1996-05-24,500.0,33219.9,19260.546243938243,130,633,459573.5,430202.0,30137.63125,0.0,29371.5,0.0,0.9999999999781238,20.822368421052637,22071.144391785147,6.243285939968404,0.203251807805542,0.9072161939357984
5148,284280.0,60,4738.0,0,1,4738.0,4738.0,4738.0,0.0,0.0,4738.0,0.0,0,1996-05-29,300.0,64182.6414893617,20167.802429516258,94,561,742462.2,647844.8,68165.94705882354,0.0,94617.3,0.0,0.0004064363256475,18.45394736842105,40233.24577540106,5.093761140819964,0.1177633051350587,1.062062038370631
6734,173016.0,36,4806.0,0,1,4806.5,4806.5,4806.5,0.0,0.0,4806.5,0.0,0,1996-05-30,300.0,61799.24361702128,26512.878935391014,94,318,679597.9,591266.0,66464.32962962963,0.0,88331.6,0.0,0.9999999999852044,10.460526315789474,64967.84955974843,8.986163522012578,0.0739750512265356,1.0754877524191666
6109,368880.0,60,6148.0,0,4,10735.0,2683.75,6148.0,832.0,1435.0,6148.0,2320.0,0,1996-06-03,1100.0,60030.74340659341,28681.80838333561,182,590,1106097.9,1000385.2,77536.709375,0.0,105727.0,0.0,0.999999999990922,19.407894736842103,56992.16298305084,9.377627118644067,0.1078744809308191,1.291616677756612
6961,176148.0,36,4893.0,0,2,10076.0,5038.0,5183.0,5183.0,0.0,4893.0,0.0,0,1996-06-06,1100.0,47154.5,21431.237856261745,13,135,141192.7,87600.0,57236.73333333333,0.0,53592.6,0.0,0.0078222778467528,4.440789473684211,31794.504296296294,2.9274074074074075,0.1538945206650394,1.2138127500279974
6810,186384.0,48,3883.0,0,2,8424.0,4212.0,4541.0,4541.0,0.0,3883.0,0.0,0,1996-06-08,700.0,61578.30157894737,27339.88746857486,190,645,1146007.0,1125003.0,26700.425,0.0,21033.8,0.0,0.999999999991202,21.217105263157897,54013.353178294565,8.955038759689922,0.0718896304486702,0.4336011924822628
5494,360000.0,48,7500.0,0,1,7500.0,7500.0,7500.0,0.0,0.0,7500.0,0.0,0,1996-06-13,600.0,51149.65514705882,26193.21138092937,136,578,1045406.1,980640.6,60433.739130434784,0.0,64765.2,7.6,0.0124265844134755,19.01315789473684,54983.29660899653,7.152941176470588,0.1364050622859302,1.181508241744123
5311,30060.0,60,501.0,0,5,7336.0,1467.2,4353.0,4353.0,49.0,501.0,2433.0,0,1996-06-15,500.0,37213.40752688172,11270.50374587014,186,651,476146.8,427623.2,28989.244827586204,0.0,48523.3,0.0,0.9999999999788356,21.414473684210527,22234.812165898617,8.685714285714285,0.0225322344095651,0.7790000095759934
5445,46320.0,24,1930.0,0,5,8610.0,1722.0,3359.0,3359.0,1019.0,1930.0,2302.0,1,1996-06-29,900.0,43657.81348314606,20752.088935048894,178,544,729496.5,705943.6,25486.919230769232,0.0,26652.7,0.0,0.999999999986238,17.894736842105264,40765.98088235294,9.947058823529412,0.0473433965711846,0.5837882658683875
5301,141948.0,36,3943.0,0,2,13585.0,6792.5,9642.0,9642.0,0.0,3943.0,0.0,0,1996-07-06,800.0,32592.68,17970.97897715462,10,114,68439.8,21200.0,38137.475,0.0,47239.7,0.0,0.999999999853144,3.75,18250.61333333333,2.6666666666666665,0.2160475336266064,1.170123935444976
7034,19044.0,36,529.0,0,1,529.0,529.0,529.0,0.0,0.0,529.0,0.0,0,1996-07-11,600.0,43121.75507246377,10532.784888113652,69,410,252799.0,202631.4,42942.64705882353,0.0,50167.6,0.0,0.999999999960112,13.48684210526316,18744.120975609752,5.116097560975609,0.0282221823261877,0.9958464579352644
6751,85716.0,36,2381.0,0,3,14545.2,4848.400000000001,8566.0,3598.0,0.0,2381.2,8566.0,0,1996-07-14,800.0,31337.25789473684,12288.06300721313,19,153,86717.0,50200.0,37477.75833333333,0.0,36516.9,0.0,0.0860685291486114,5.032894736842105,17230.044444444444,3.7751633986928095,0.1381888483396122,1.1959488748908151
6667,155880.0,24,6495.0,0,2,14799.8,7399.9,8305.0,8305.0,0.0,6494.8,0.0,1,1996-07-15,1000.0,63263.1471830986,26666.145799399845,142,641,891122.4,846557.6,67245.40952380953,0.0,44564.6,0.0,0.9999999999887238,21.08552631578948,42262.27918876755,6.734477379095163,0.153683145422725,1.0629475849273802
6130,32640.0,48,680.0,0,3,4442.0,1480.6666666666667,3114.0,3114.0,0.0,680.0,648.0,0,1996-07-18,300.0,25906.40934579439,7545.466318441954,107,482,157742.7,138942.6,27058.766666666663,0.0,18800.0,0.0,0.999999999935939,15.855263157894738,9948.917178423237,6.748547717842323,0.0683491466580164,1.044481552616806
5429,20196.0,36,561.0,0,2,6303.0,3151.5,5742.0,5742.0,0.0,561.0,0.0,0,1996-07-18,200.0,52636.598958333336,15288.688964738763,96,523,440905.8,375221.2,63391.78947368421,0.0,65684.6,0.0,0.9999999999771508,17.203947368421055,25628.17652007648,5.580114722753345,0.0218899693991738,1.204329130607798
5725,444864.0,48,9268.0,0,3,18285.0,6095.0,9268.0,3869.0,0.0,9268.0,5148.0,0,1996-07-23,800.0,32404.7734375,11798.830196336488,64,343,226733.7,184989.6,32323.752380952385,0.0,41743.9,0.0,0.999999999955633,11.282894736842106,20095.34833819242,5.672303206997084,0.4612012610785947,0.9974997181610024
6019,11400.0,12,950.0,0,4,5720.0,1430.0,2196.0,1820.0,2196.0,950.0,754.0,1,1996-07-25,300.0,27533.66363636364,6234.415407995346,77,357,107628.6,79808.2,29255.977777777774,0.0,27820.2,0.0,0.9999999999060396,11.74342105263158,9165.01243697479,6.556862745098039,0.1036550692643716,1.062553031573828
6421,96768.0,36,2688.0,0,2,15854.5,7927.25,13167.0,13167.0,0.0,2687.5,0.0,0,1996-07-25,900.0,51611.34242424242,22929.24381405384,66,364,455757.7,418361.2,48049.04444444445,0.0,37396.4,0.0,0.9999999999779484,11.973684210526317,38063.28043956044,5.512087912087912,0.0706192416484439,0.9309783892109244
6992,133968.0,48,2791.0,0,4,15482.0,3870.5,9210.0,9210.0,2488.0,2791.0,993.0,0,1996-07-27,200.0,46772.31518987341,22590.10430805357,79,261,409989.8,375260.2,41212.23846153846,0.0,34729.5,0.0,0.9999999999755323,8.585526315789474,47753.60122605364,9.201532567049808,0.0584458538781953,0.8811246200968472
5136,187104.0,24,7796.0,0,1,7795.5,7795.5,7795.5,0.0,0.0,7795.5,0.0,1,1996-07-28,300.0,66292.372,34581.40134837078,25,141,288707.0,201829.2,77149.27894736842,0.0,133377.7,0.0,0.9999999999652572,4.6381578947368425,62246.04822695035,5.390070921985815,0.1252448986050195,1.163773094975855
5337,162468.0,36,4513.0,0,2,8710.7,4355.35,4512.7,4198.0,0.0,4512.7,0.0,0,1996-07-31,700.0,51279.55333333334,24180.888923925817,15,148,150438.8,75800.0,64255.2,0.0,74638.8,0.0,0.0046785814537904,4.868421052631579,30900.9427027027,3.081081081081081,0.1460473242502341,1.2530374352091267
5495,89340.0,60,1489.0,0,2,6505.0,3252.5,5016.0,5016.0,0.0,1489.0,0.0,0,1996-08-02,500.0,39644.76363636364,10748.38775763204,44,267,123335.6,81813.0,44671.98333333333,0.0,41522.6,0.0,0.9999999999179788,8.782894736842106,14042.70501872659,5.009737827715355,0.106033701979356,1.1268066504775542
7013,89340.0,60,1489.0,0,2,6505.0,3252.5,5016.0,5016.0,0.0,1489.0,0.0,0,1996-08-02,500.0,40005.48181818182,10876.871704682686,44,267,123340.5,81113.0,45196.50555555555,0.0,42227.6,0.0,0.9999999999179788,8.782894736842106,14043.262921348312,5.009737827715355,0.1060294895338144,1.129757810433792
6012,258444.0,36,7179.0,0,1,7178.8,7178.8,7178.8,0.0,0.0,7178.8,0.0,0,1996-08-03,600.0,40688.1375,17230.159617750694,16,205,96392.1,42500.0,43012.8875,0.0,53892.1,0.0,0.9999999998950814,6.74342105263158,14294.243121951218,2.372682926829268,0.5022301589339232,1.0571358172742271
6471,155640.0,24,6485.0,0,5,12765.0,2553.0,6485.0,3434.0,691.0,6485.0,2155.0,1,1996-08-04,500.0,45183.34952380953,13513.4703010347,105,412,324426.0,283931.4,49493.424000000006,0.0,40494.6,0.0,0.99999999996898,13.55263157894737,23938.22912621359,7.74757281553398,0.2709055863363567,1.0953907691806992
6296,270384.0,48,5633.0,0,2,18708.8,9354.4,13076.0,13076.0,0.0,5632.8,0.0,0,1996-08-06,700.0,47654.24482758621,18202.53979303858,87,437,568470.1,510635.0,38458.23181818182,0.0,57835.1,0.0,0.0148396260411615,14.375,39545.74608695652,6.052173913043478,0.1424426279931413,0.8070263614344122
7305,54024.0,12,4502.0,0,3,9274.3,3091.433333333333,4518.0,4518.0,0.0,4502.3,254.0,1,1996-08-06,1000.0,36480.18503401361,15469.988112964207,147,675,652932.4,627249.8,30656.454545454544,0.0,25697.2,0.0,0.00154003474316,22.20394736842105,29406.14068148148,6.620444444444444,0.1530972747234444,0.8403590746172835
6144,44376.0,12,3698.0,0,2,9746.8,4873.4,6049.0,6049.0,0.0,3697.8,0.0,1,1996-08-09,800.0,53505.21538461538,28278.24506461626,39,164,333102.3,264860.8,55045.15,0.0,68241.5,0.0,0.9999999999698912,5.394736842105264,61745.79219512194,7.229268292682926,0.0598907207751922,1.0287810187105533
6283,85632.0,48,1784.0,0,1,1784.5,1784.5,1784.5,0.0,0.0,1784.5,0.0,0,1996-08-11,800.0,65066.73529411765,26945.910380677466,85,494,697341.9,597403.0,66643.68333333333,0.0,99938.7,0.0,0.9999999999855756,16.25,42913.347692307696,5.230769230769231,0.0415721470246438,1.0242358560306604
7246,148920.0,60,2482.0,0,2,13988.0,6994.0,11506.0,11506.0,0.0,2482.0,0.0,0,1996-08-20,400.0,32435.31935483871,15220.65126336407,31,201,129036.6,113758.0,33213.23,0.0,15278.6,0.0,0.1287151883821893,6.611842105263158,19515.983283582085,4.688557213930348,0.1271778092173411,1.0239834430612875
5088,91152.0,24,3798.0,0,1,3798.2,3798.2,3798.2,0.0,0.0,3798.2,0.0,1,1996-08-22,400.0,44829.54415584415,13400.064096640634,77,465,383627.7,344249.0,49917.07142857143,0.0,39378.8,0.0,0.0133816120903289,15.296052631578949,25080.17651612903,5.033978494623655,0.1514343408246416,1.1134860359923866
5988,141648.0,24,5902.0,0,2,10187.2,5093.6,5902.2,4285.0,0.0,5902.2,0.0,1,1996-08-22,200.0,45100.42222222222,32279.92216277436,18,200,171310.2,82600.0,61646.32727272727,0.0,88710.1,0.0,0.9999999999413688,6.578947368421053,26039.1504,2.736,0.2266587007283238,1.3668680739907515
5282,388512.0,48,8094.0,1,1,8094.2,8094.2,8094.2,0.0,0.0,8094.2,0.0,0,1996-08-24,-2838.8,21371.32,21196.68213173265,120,646,458514.0,419816.8,28807.73157894737,5.0,38697.3,37.8,0.9999999999781156,21.25,21577.129411764705,5.647058823529412,0.3751194073033476,1.347962201935479
5938,402000.0,60,6700.0,0,3,10082.0,3360.6666666666665,6700.0,554.0,0.0,6700.0,2828.0,0,1996-08-25,200.0,21568.935185185182,7900.831741722059,54,315,90423.0,73191.0,16705.727272727272,0.0,17232.1,0.0,0.9999999998883978,10.361842105263158,8726.537142857143,5.211428571428572,0.7677730447530797,0.7745272133997824
5606,253512.0,36,7042.0,1,1,7042.0,7042.0,7042.0,0.0,0.0,7042.0,0.0,0,1996-08-28,300.0,37095.84482758621,24704.38501837544,29,213,171658.5,158340.0,28961.675,0.0,13318.4,0.0,0.9999999999414824,7.006578947368421,24499.61690140845,4.138967136150234,0.2874330658093202,0.7807255806357989
5385,71460.0,36,1985.0,0,2,9249.0,4624.5,7264.0,7264.0,0.0,1985.0,0.0,0,1996-09-09,700.0,49220.9806451613,16380.59460647302,31,240,181884.7,132235.8,56117.7,0.0,49648.9,0.0,0.9999999999445508,7.894736842105264,23038.728666666662,3.9266666666666654,0.0861592680680502,1.140117471310794
6865,29448.0,12,2454.0,1,1,2454.5,2454.5,2454.5,0.0,0.0,2454.5,0.0,1,1996-09-11,800.0,28977.436363636363,11482.495155433136,11,119,67390.6,23600.0,32784.64444444444,0.0,43790.6,0.0,0.0119276587479048,3.914473684210527,17215.749915966386,2.810084033613445,0.1425438921076944,1.1313852620265563
5586,48744.0,36,1354.0,0,2,4571.0,2285.5,3217.0,3217.0,0.0,1354.0,0.0,0,1996-09-14,900.0,42930.20714285714,19512.79097225376,14,134,111191.3,48300.0,53564.7,0.0,62891.3,0.0,0.9999999999094854,4.407894736842105,25225.48895522388,3.1761194029850746,0.0536758673683843,1.2477158521336205
6302,181020.0,60,3017.0,0,1,3016.7,3016.7,3016.7,0.0,0.0,3016.7,0.0,0,1996-09-16,500.0,34005.9064516129,9801.680644529755,93,551,359492.8,316966.8,33999.72105263158,0.0,45526.0,0.0,0.012036389082938,18.125,19834.08551724138,5.13103448275862,0.1521118781027873,0.9998181078046456
7194,68832.0,36,1912.0,0,2,7347.0,3673.5,5435.0,5435.0,0.0,1912.0,0.0,0,1996-09-17,700.0,37557.05471698113,12288.790411270784,53,330,233238.4,181697.6,33333.34210526316,0.0,51540.7,0.0,0.9999999999568452,10.855263157894738,21486.20412121212,4.882424242424242,0.088987332910168,0.8875387686169213
6461,74124.0,36,2059.0,0,4,5921.0,1480.25,2235.0,1080.0,547.0,2059.0,2235.0,0,1996-09-19,400.0,54371.29918032787,30062.389743314227,122,529,563270.3,537612.0,35959.5375,0.0,25658.0,0.0,0.999999999982147,17.401315789473685,32369.40854442344,7.010964083175803,0.0636094415051839,0.6613698409913451
6732,174048.0,48,3626.0,0,1,3626.0,3626.0,3626.0,0.0,0.0,3626.0,0.0,0,1996-09-19,600.0,72968.38115942029,23455.92726432901,69,345,492928.1,438787.6,67272.10869565218,0.0,54140.4,0.0,0.9999999999795376,11.348684210526317,43434.823884057965,6.079999999999999,0.0834814021312527,0.9219350575896385
6613,84120.0,24,3505.0,0,1,3505.0,3505.0,3505.0,0.0,0.0,3505.0,0.0,1,1996-09-22,900.0,56910.689473684215,24271.624057983947,19,105,172282.9,108330.0,62711.88823529412,0.0,45528.9,0.0,0.9999999999417456,3.4539473684210527,49880.00152380952,5.500952380952381,0.0702686425866336,1.1019351338780223
7036,194940.0,36,5415.0,0,1,5415.0,5415.0,5415.0,0.0,0.0,5415.0,0.0,0,1996-09-25,600.0,56669.78791208792,35314.5278448429,91,468,593514.7,559302.2,28644.1,0.0,34212.3,0.0,0.9999999999830812,15.394736842105264,38553.09162393162,5.911111111111111,0.1404556618031149,0.5054562766209951
5897,15192.0,24,633.0,0,4,7843.0,1960.75,3195.0,3195.0,3103.0,633.0,912.0,1,1996-09-25,500.0,29941.905325443782,7237.180988793552,169,685,355100.2,337748.2,31257.669230769232,0.0,17351.9,0.0,0.9999999999716398,22.532894736842103,15759.191357664233,7.50014598540146,0.0401670355560775,1.0439438933690004
6995,96168.0,12,8014.0,0,1,8013.7,8013.7,8013.7,0.0,0.0,8013.7,0.0,1,1996-09-26,600.0,50492.688590604026,21691.134254741817,149,616,615726.7,612117.0,29498.295,0.0,3609.3,0.0,0.999999999983496,20.26315789473684,30386.512467532462,7.353246753246753,0.2637354321567993,0.5842092353871432
5415,139464.0,36,3874.0,1,1,3873.7,3873.7,3873.7,0.0,0.0,3873.7,0.0,0,1996-09-26,300.0,31532.748387096777,12989.781215090346,31,396,146863.2,105200.0,36373.7,0.0,41662.8,0.0,0.9999999999311836,13.026315789473683,11274.346666666666,2.37979797979798,0.3436119281321739,1.1535213975623173
7136,54396.0,36,1511.0,0,1,1511.0,1511.0,1511.0,0.0,0.0,1511.0,0.0,0,1996-09-28,800.0,30293.70869565217,10625.946392927808,23,191,62423.4,26214.6,36564.06428571429,0.0,36208.8,0.0,0.9999999998385116,6.282894736842105,9935.45214659686,3.6607329842931935,0.1520816542804988,1.2069854054842812
7271,392460.0,60,6541.0,0,2,16351.2,8175.6,9810.0,9810.0,0.0,6541.2,0.0,0,1996-10-02,900.0,57131.740559440565,20293.363479654072,143,678,947723.0,894477.8,60785.36190476191,0.0,53259.7,0.0,0.0011664577646728,22.30263157894737,42493.77463126843,6.411799410029498,0.1539284296398469,1.0639508143617742
5375,101520.0,12,8460.0,0,2,11928.0,5964.0,8460.0,3468.0,0.0,8460.0,0.0,1,1996-10-03,400.0,26449.09210526316,10352.391968575044,38,245,110391.2,93670.4,23047.6,0.0,16720.8,0.0,0.9999999999086816,8.05921052631579,13697.520326530612,4.715102040816326,0.617630037565091,0.8713947495649488
5635,77184.0,36,2144.0,0,1,2144.0,2144.0,2144.0,0.0,0.0,2144.0,0.0,0,1996-10-04,200.0,50722.27012987013,30287.214667670312,77,573,571831.4,549385.4,32866.58666666666,0.0,22446.0,0.0,0.9999999999823904,18.848684210526315,30338.000977312397,4.0851657940663175,0.0706704440050825,0.6479715236726353
6817,70656.0,48,1472.0,0,2,7742.0,3871.0,6270.0,6270.0,0.0,1472.0,0.0,0,1996-10-04,600.0,32646.850943396224,12948.761537492876,53,273,148729.0,126253.0,26563.686363636363,0.0,22476.1,0.0,0.9999999999317598,8.980263157894738,16561.7641025641,5.901831501831501,0.0888794206942791,0.8136676459716237
5923,64656.0,48,1347.0,0,2,5412.0,2706.0,4065.0,4065.0,0.0,1347.0,0.0,0,1996-10-10,200.0,25896.466666666664,11814.971181770212,12,124,60648.9,15900.0,30804.4,0.0,44749.0,0.0,0.9999999998342616,4.078947368421053,14868.76258064516,2.9419354838709677,0.0905926092899942,1.189521349943678
5329,396120.0,60,6602.0,0,1,6601.7,6601.7,6601.7,0.0,0.0,6601.7,0.0,0,1996-10-16,500.0,58855.27789473684,20275.14198096615,95,550,776665.3,688055.0,64010.594117647066,0.0,88610.1,0.0,0.0006469184041733,18.092105263157897,42928.40930909091,5.25090909090909,0.1537909301722948,1.0875930994881142
6644,93600.0,24,3900.0,0,4,8815.5,2203.875,3900.5,1074.0,3231.0,3900.5,610.0,1,1996-10-20,900.0,40078.70727272727,21469.63034026724,55,308,229169.3,202933.4,31558.126086956523,0.0,26235.8,0.0,0.9999999999559808,10.13157894736842,22619.30753246753,5.428571428571429,0.1724190713034777,0.787403791852267
6354,22968.0,36,638.0,0,4,4243.0,1060.75,1753.0,1753.0,570.0,638.0,1282.0,0,1996-10-23,1000.0,23324.936363636363,11195.573958245528,11,120,42431.0,3600.0,27379.92222222222,0.0,38831.0,0.0,0.9999999997631454,3.947368421052632,10749.186666666666,2.786666666666666,0.0593533277624539,1.173847670305721
5082,262980.0,60,4383.0,0,1,4382.7,4382.7,4382.7,0.0,0.0,4382.7,0.0,0,1996-10-24,900.0,41729.61607142857,16330.173222315432,56,369,242727.4,166646.0,38590.50666666667,0.0,76081.3,0.0,0.9999999999584818,12.138157894736842,19997.05409214092,4.613550135501355,0.2191822844311227,0.9247750228845516
6585,372120.0,60,6202.0,0,1,6202.0,6202.0,6202.0,0.0,0.0,6202.0,0.0,0,1996-10-29,500.0,64044.04593023256,25895.9123556906,172,663,1328950.6,1282370.0,51337.3,0.0,46580.5,0.0,0.999999999992445,21.80921052631579,60935.29146304676,7.88657616892911,0.1017800990209967,0.8015936414746375
6921,86184.0,12,7182.0,0,3,10425.5,3475.1666666666665,7182.5,107.0,0.0,7182.5,3136.0,1,1996-10-29,300.0,59935.27142857143,24799.97403787278,42,237,368574.5,325416.8,55824.159259259264,0.0,43157.5,0.0,0.0008183149803244,7.796052631578948,47277.066666666666,5.387341772151898,0.1519129782124286,0.9314074654099848
5366,86184.0,12,7182.0,0,3,10425.5,3475.1666666666665,7182.5,107.0,0.0,7182.5,3136.0,1,1996-10-29,300.0,60273.67857142857,25642.077157191918,42,237,368577.8,328916.8,56350.57037037037,0.0,39660.8,0.0,0.0008183149803244,7.796052631578948,47277.48995780591,5.387341772151898,0.1519116180848572,0.9349117508107928
5886,192744.0,36,5354.0,0,1,5353.5,5353.5,5353.5,0.0,0.0,5353.5,0.0,0,1996-10-31,200.0,62590.42307692308,28733.343188251627,26,137,214555.3,186756.2,67673.26315789473,0.0,27799.1,0.0,0.9999999999532158,4.506578947368421,47609.35124087591,5.76934306569343,0.1124568988933975,1.0812079519563689
5741,68544.0,24,2856.0,0,5,9829.0,1965.8,3976.0,3976.0,913.0,2856.0,2084.0,1,1996-11-03,900.0,44948.62592592592,20196.07407074487,54,258,253465.9,229736.0,37037.00333333333,0.0,23729.8,0.0,0.0035690350517482,8.486842105263158,29865.74945736434,6.362790697674419,0.0956279367146262,0.8239852178380139
4996,88440.0,12,7370.0,0,1,7370.2,7370.2,7370.2,0.0,0.0,7370.2,0.0,1,1996-11-06,200.0,62778.09032258065,21638.258869671172,31,179,269640.8,190733.0,58414.61666666667,0.0,79007.6,0.0,0.999999999962704,5.8881578947368425,45793.74480446927,5.264804469273742,0.1609390109906742,0.9304936858894954
6015,110112.0,24,4588.0,0,2,13880.5,6940.25,9292.0,9292.0,0.0,4588.5,0.0,1,1996-11-09,700.0,76232.70000000001,28391.569085736075,82,330,760052.5,653194.2,85736.2827586207,0.0,135658.1,0.0,0.9999999999867965,10.855263157894738,70016.95757575757,7.553939393939393,0.0655269831509112,1.1246654355332295
6309,110136.0,24,4589.0,0,2,9480.2,4740.1,4891.0,4891.0,0.0,4589.2,0.0,1,1996-11-11,400.0,50815.804761904765,29147.98491700158,63,553,387680.2,346933.6,37995.67647058824,0.0,40746.5,0.0,0.9999999999740452,18.19078947368421,21311.895262206148,3.463291139240506,0.2153257578167969,0.7477137603377174
6073,276300.0,60,4605.0,0,2,8555.0,4277.5,4605.0,3950.0,0.0,4605.0,0.0,0,1996-11-12,500.0,25997.563043478254,6720.217505796418,92,487,156608.8,129030.6,31092.50526315789,0.0,27578.1,0.0,0.9999999999354844,16.019736842105264,9775.990800821352,5.742915811088295,0.4710519976044351,1.1959776844929308
6006,359760.0,60,5996.0,0,2,10706.2,5353.1,5996.2,4710.0,0.0,5996.2,0.0,0,1996-11-15,900.0,32434.69375,24143.874396857613,48,475,213955.9,173996.4,19698.544444444444,0.0,39959.4,0.0,0.99999999995305,15.625,13693.1776,3.072,0.4378822922461166,0.6073294414371077
5611,321180.0,60,5353.0,0,2,20076.3,10038.15,14723.0,14723.0,0.0,5353.3,0.0,0,1996-11-15,700.0,40524.46315789474,21716.75025029622,38,233,276707.3,239523.8,30689.154545454545,0.0,37183.5,0.0,0.0094332777008405,7.6644736842105265,36102.58334763949,4.95793991416309,0.1482719379655494,0.7572994716378585
6944,46176.0,48,962.0,0,2,10575.0,5287.5,9613.0,9613.0,0.0,962.0,0.0,0,1996-11-15,1000.0,33613.105882352946,13279.637852717908,17,161,92238.1,53513.0,40542.39090909091,0.0,38725.1,0.0,0.9999999998908832,5.296052631578948,17416.38658385093,3.2099378881987577,0.0552353379856442,1.206148311284569
7101,421008.0,48,8771.0,0,2,18673.0,9336.5,9902.0,9902.0,0.0,8771.0,0.0,0,1996-11-18,600.0,37436.422,12359.209052004047,50,304,228633.1,197465.0,34281.73,0.0,31168.0,0.0,0.9999999999560214,10.0,22863.31,5.0,0.383627742271951,0.9157320106831436
6599,72120.0,12,6010.0,0,1,6010.2,6010.2,6010.2,0.0,0.0,6010.2,0.0,1,1996-11-19,1000.0,75686.06568627451,20598.00230804139,102,616,782536.9,683905.0,75699.15,0.0,98631.7,0.0,0.0012881402217753,20.26315789473684,38618.70415584416,5.033766233766234,0.1556240720607987,1.0001728759924975
6940,228276.0,36,6341.0,0,1,6341.0,6341.0,6341.0,0.0,0.0,6341.0,0.0,0,1996-11-22,500.0,41402.135,14856.81419017355,20,166,98722.6,45014.6,50075.708333333336,0.0,53707.9,0.0,0.9999999998978372,5.460526315789474,18079.319518072287,3.662650602409638,0.3507322269598778,1.2094957982538432
5209,182640.0,48,3805.0,0,3,13935.2,4645.066666666667,10069.0,61.0,0.0,3805.2,10069.0,0,1996-11-25,600.0,37802.23,14199.381522847558,40,242,196501.2,172602.8,36553.352173913045,0.0,23898.3,0.0,0.0076701625559195,7.960526315789474,24684.448264462808,5.024793388429751,0.1541456368679079,0.9669628528328466
5388,61560.0,12,5130.0,0,4,19392.5,4848.125,10303.0,1737.0,2223.0,5129.5,10303.0,1,1996-11-28,200.0,32967.71267605634,17762.224670277326,71,326,355774.2,335723.0,23125.819230769237,0.0,20051.1,0.0,0.000564754783457,10.723684210526317,33176.48981595092,6.6208588957055206,0.1546275699120909,0.7014687203504498
6011,179328.0,48,3736.0,0,2,8666.0,4333.0,4930.0,4930.0,0.0,3736.0,0.0,0,1996-11-28,200.0,44093.97115384616,14278.225737036766,52,311,250367.8,214293.0,42873.26315789474,0.0,36074.7,0.0,0.999999999959827,10.230263157894738,24473.251189710605,5.082958199356913,0.1526564643787163,0.9723157616850734
5591,155616.0,48,3242.0,0,1,3241.8,3241.8,3241.8,0.0,0.0,3241.8,0.0,0,1996-12-04,300.0,39426.07,13711.094458293304,30,228,149490.8,125043.8,41304.78823529412,0.0,24447.1,0.0,0.0175105399969349,7.5,19932.106666666667,4.0,0.1626521497496909,1.047651673748299
7154,417600.0,60,6960.0,0,1,6959.8,6959.8,6959.8,0.0,0.0,6959.8,0.0,0,1996-12-05,200.0,43196.74411764706,18631.358322644723,34,408,168039.0,109400.0,43947.100000000006,0.0,58638.6,0.0,0.9999999999389072,13.421052631578949,12520.55294117647,2.533333333333333,0.5558859921874311,1.017370658078665
7130,123408.0,24,5142.0,0,5,20024.0,4004.8,7732.0,3020.0,2323.0,5142.0,9539.0,1,1996-12-11,700.0,28359.255384615382,17185.36385469143,65,384,192349.2,183992.0,17693.263636363637,0.0,8357.1,0.0,0.9999999999472794,12.63157894736842,15227.645,5.145833333333333,0.3376753264620528,0.6238973269983346
6818,155616.0,48,3242.0,0,3,6660.0,2220.0,3242.0,2587.0,0.0,3242.0,831.0,0,1996-12-12,200.0,44197.50988372093,11044.494392196431,172,691,451400.8,390706.8,49720.64347826087,0.0,60694.1,0.0,0.999999999977528,22.730263157894736,19859.022170767003,7.567004341534009,0.1632507366419984,1.1249648135793415
5625,222180.0,60,3703.0,1,1,3702.8,3702.8,3702.8,0.0,0.0,3702.8,0.0,0,1996-12-15,800.0,55230.44406779661,26510.559286203963,59,382,375691.6,316112.6,81362.65,0.0,59578.8,0.0,0.9999999999731912,12.56578947368421,29897.9702617801,4.695287958115183,0.1238545615752104,1.4731485751842592
6805,45024.0,48,938.0,0,3,7713.0,2571.0,4719.0,4719.0,0.0,938.0,2056.0,0,1996-12-21,800.0,41994.90769230769,13151.510254347311,39,214,170898.6,132514.2,45380.60416666666,0.0,38384.3,0.0,0.9999999999410129,7.039473684210527,24277.184299065422,5.54018691588785,0.0386371000878276,1.080621595560095
7233,115812.0,36,3217.0,0,1,3216.7,3216.7,3216.7,0.0,0.0,3216.7,0.0,0,1996-12-25,1100.0,56646.51612903226,21971.162852105062,124,585,844304.3,802426.2,59849.41666666666,0.0,41878.1,0.0,0.9999999999881009,19.24342105263158,43874.958495726496,6.443760683760684,0.0733220066653766,1.0565418801709403
7308,129408.0,24,5392.0,0,5,10687.0,2137.4,5392.0,4780.0,330.0,5392.0,185.0,1,1996-12-27,1000.0,30869.781308411217,11709.142374755247,107,440,255541.0,231341.4,26710.44827586207,0.0,24199.5,0.0,0.9999999999606436,14.473684210526317,17655.559999999998,7.392727272727273,0.3053995453526257,0.8652619855111038
5895,93960.0,60,1566.0,0,3,10619.0,3539.6666666666665,5528.0,5528.0,0.0,1566.0,3525.0,0,1997-01-03,800.0,54520.20224719101,13768.55521374187,89,452,383076.6,333528.0,55303.93043478261,0.0,49548.5,0.0,0.9999999999736764,14.86842105263158,25764.44389380531,5.985840707964602,0.0607814399506099,1.0143750049549425
7122,260640.0,36,7240.0,1,5,20064.0,4012.8,7240.0,4325.0,331.0,7240.0,8168.0,0,1997-01-04,-718.6,31518.18205128205,20629.925861099902,78,490,276276.4,264710.8,14551.683333333334,2.0,11565.4,4.6,0.9999999999635172,16.11842105263158,17140.413387755103,4.839183673469388,0.42239354629266,0.461691708774317
6173,232560.0,48,4845.0,0,5,9599.0,1919.8,4845.0,2692.0,281.0,4845.0,1781.0,0,1997-01-08,200.0,40175.6125,15672.003046986594,176,630,658006.9,612253.0,45438.53225806452,0.0,45754.0,0.0,0.0227675569949457,20.723684210526315,31751.444063492065,8.492698412698413,0.1525914849348501,1.1309978720736251
6142,221880.0,60,3698.0,0,5,7239.8,1447.96,3697.8,323.0,345.0,3697.8,2874.0,0,1997-01-21,1000.0,44440.912676056345,13853.751836544185,71,311,247750.5,208837.0,42591.22068965517,0.0,41785.4,0.0,0.0089337924757596,10.230263157894738,24217.412218649515,6.940192926045016,0.1527000475973736,0.958378622656381
5358,38520.0,12,3210.0,0,2,6325.0,3162.5,3210.0,3115.0,0.0,3210.0,0.0,1,1997-01-21,900.0,20231.31315789474,4462.709852015551,114,597,142273.4,128279.0,19747.609090909093,0.0,16514.3,0.0,0.999999999928931,19.63815789473684,7244.742646566164,5.80502512562814,0.4430799204566176,0.9760913158245584
6095,68340.0,60,1139.0,0,2,10330.0,5165.0,9191.0,9191.0,0.0,1139.0,0.0,0,1997-01-24,500.0,41735.4201754386,11063.628902172542,114,617,538520.6,492364.0,41215.7,0.0,60756.7,0.0,0.9999999999813188,20.29605263157895,26533.267811993515,5.616855753646677,0.0429272416666249,0.9875472636161472
6878,23184.0,12,1932.0,0,1,1932.0,1932.0,1932.0,0.0,0.0,1932.0,0.0,1,1997-01-24,200.0,36729.80172413793,9960.410273053054,58,315,99594.2,57093.0,42788.68461538462,0.0,42501.4,0.0,0.99999999989728,10.361842105263158,9611.63073015873,5.5974603174603175,0.2010064735350095,1.164958224525763
6554,390096.0,48,8127.0,0,2,17524.0,8762.0,9397.0,9397.0,0.0,8127.0,0.0,0,1997-01-29,900.0,44346.15625,20389.130044150774,16,163,134078.0,89800.0,54967.5,0.0,44278.0,0.0,0.999999999925124,5.361842105263158,25005.958282208587,2.984049079754601,0.3250025415955456,1.2395099065120192
6793,186300.0,60,3105.0,0,3,11147.7,3715.9,6294.0,1749.0,0.0,3104.7,6294.0,0,1997-01-30,200.0,62765.86554621849,34244.48654819336,119,395,779547.0,753283.0,84496.8225,0.0,26264.0,0.0,0.9999999999871,12.99342105263158,59995.51594936709,9.158481012658228,0.0517538677741001,1.34622253276054
7286,67320.0,36,1870.0,0,4,10558.3,2639.575,5808.0,5808.0,516.0,1870.3,2364.0,0,1997-01-31,200.0,26491.78018018018,7217.696103124469,111,499,217974.4,198216.6,28170.008,0.0,19757.5,0.0,0.0928470794700396,16.414473684210527,13279.402324649298,6.762324649298597,0.1408195905865959,1.0633490010022768
6076,117420.0,60,1957.0,0,3,10010.0,3336.6666666666665,7260.0,793.0,0.0,1957.0,7260.0,0,1997-02-02,500.0,40841.795348837215,15410.393720101682,43,213,160489.6,135949.8,42388.31333333334,0.0,24539.8,0.0,0.9999999999371734,7.006578947368421,22905.5579342723,6.137089201877934,0.0854377791085137,1.0378660624712597
5134,53076.0,12,4423.0,0,2,13658.0,6829.0,9235.0,9235.0,0.0,4423.0,0.0,1,1997-02-02,500.0,33129.403076923074,14034.728710026882,65,333,203498.0,182432.2,24771.803703703703,0.0,21080.3,0.0,0.9999999999504304,10.953947368421051,18577.595195195197,5.933933933933933,0.238082483289501,0.7477286457202029
5419,415800.0,60,6930.0,0,1,6930.0,6930.0,6930.0,0.0,0.0,6930.0,0.0,0,1997-02-05,700.0,44265.27297297297,33832.07369901993,37,286,237053.5,223573.0,21791.007142857143,0.0,13480.4,0.0,0.9999999999575604,9.407894736842106,25197.295104895104,3.932867132867132,0.2750295207640524,0.492282226548998
6255,247920.0,48,5165.0,1,1,5165.2,5165.2,5165.2,0.0,0.0,5165.2,0.0,0,1997-02-08,200.0,23594.146666666667,7544.802965794844,15,271,35090.0,11100.0,24558.533333333336,0.0,23990.1,0.0,0.999999999711566,8.914473684210527,3936.295202952029,1.6826568265682655,1.312147519577553,1.0408739790373684
5656,146064.0,24,6086.0,0,4,17174.2,4293.55,10616.0,10616.0,414.0,6086.2,58.0,0,1997-02-09,200.0,44355.04090909091,16699.810596406947,22,166,150949.3,105928.6,49578.54,0.0,45020.6,0.0,0.9999999999333984,5.460526315789474,27643.727228915657,4.0289156626506015,0.2201584448942322,1.117765624214785
6934,116832.0,12,9736.0,0,2,14482.0,7241.0,9736.0,4746.0,0.0,9736.0,0.0,1,1997-02-09,400.0,23391.68913043478,10577.341912266536,46,275,132622.1,111883.0,17013.29090909091,0.0,20739.0,0.0,0.9999999999240352,9.046052631578949,14660.770327272725,5.085090909090908,0.6640851589665611,0.7273220333490924
6028,317520.0,60,5292.0,0,5,14894.0,2978.8,5869.0,1863.0,1065.0,5292.0,6674.0,0,1997-02-09,1100.0,56757.3095890411,14668.228535740516,73,303,266950.4,228271.6,54317.71666666667,0.0,38678.7,0.0,0.999999999962214,9.967105263157896,26783.142442244225,7.324092409240923,0.1975869713360155,0.9570171146305416
6490,73260.0,60,1221.0,0,3,9996.0,3332.0,6875.0,1900.0,0.0,1221.0,6875.0,0,1997-02-10,900.0,33927.08571428571,12947.80948756529,21,164,98912.6,70874.6,38470.51538461538,0.0,28038.0,0.0,0.9999999998983392,5.394736842105264,18335.018536585365,3.892682926829268,0.0665938786425385,1.1339174751775802
6415,475680.0,48,9910.0,0,2,18471.0,9235.5,9910.0,8561.0,0.0,9910.0,0.0,0,1997-02-12,700.0,40812.49166666667,20009.133167152275,12,123,103405.4,56900.0,49164.87777777778,0.0,46505.3,0.0,0.9999999999029116,4.046052631578948,25557.106991869918,2.965853658536585,0.3877590683200146,1.204652687399783
7087,44304.0,24,1846.0,0,3,6120.0,2040.0,4122.0,152.0,0.0,1846.0,4122.0,0,1997-02-20,300.0,42830.99523809524,9857.958953203315,63,314,166763.1,120317.0,47223.527586206896,0.0,46446.1,0.0,0.9999999999395112,10.328947368421051,16145.217324840763,6.09936305732484,0.114337265439989,1.102554991138269
5420,72504.0,24,3021.0,0,5,6667.0,1333.4,3021.0,592.0,659.0,3021.0,2395.0,0,1997-02-24,600.0,45374.64242424242,27825.784981805853,99,317,379257.6,362153.4,32034.63333333333,0.0,17104.4,0.0,0.9999999999735288,10.427631578947368,36370.44492113565,9.494006309148263,0.0830619478458404,0.7060029923047522
5977,59136.0,48,1232.0,0,1,1232.0,1232.0,1232.0,0.0,0.0,1232.0,0.0,0,1997-02-25,6620.0,23023.65909090909,6846.270074071337,44,262,62999.0,40258.4,22405.175,0.0,22740.4,0.0,0.9999999998393084,8.618421052631579,7309.807633587787,5.105343511450382,0.1685406867143376,0.9731370196979388
6824,71976.0,24,2999.0,1,1,2999.3,2999.3,2999.3,0.0,0.0,2999.3,0.0,0,1997-02-26,-8245.1,39870.41127819549,26402.52306549008,133,546,713351.7,627976.3,40113.941379310345,3.0,85375.5,74.30000000000001,0.9999999999858876,17.960526315789476,39717.75032967032,7.405128205128204,0.0755078012815993,1.0061080406057148
5207,35904.0,48,748.0,0,5,4233.0,846.6,2122.0,903.0,406.0,748.0,2176.0,0,1997-02-28,900.0,22981.05593220339,6022.073345711425,59,296,67757.7,50095.4,21332.51935483871,0.0,17662.3,0.0,0.9999999998507016,9.736842105263158,6958.898918918919,6.059459459459459,0.10748826899778,0.9282654116716528
7115,88704.0,48,1848.0,0,2,6258.0,3129.0,4410.0,4410.0,0.0,1848.0,0.0,0,1997-03-04,800.0,18675.06030534351,5238.6093862292455,131,670,186934.0,173502.80000000002,14666.635,0.0,13431.1,0.0,0.9999999999459998,22.039473684210527,8481.781492537313,5.943880597014925,0.2178787557127206,0.785359444753698
7250,119136.0,48,2482.0,0,1,2482.0,2482.0,2482.0,0.0,0.0,2482.0,0.0,0,1997-03-04,1100.0,42572.41008403361,16541.33759794592,119,641,422817.1,377110.4,42937.86,0.0,45721.0,0.0,0.999999999976151,21.08552631578948,20052.48024960998,5.64368174726989,0.1237752122364276,1.0085841958479491
6010,150180.0,60,2503.0,0,3,11421.8,3807.2666666666655,8309.0,8309.0,0.0,2502.8,610.0,0,1997-03-06,200.0,50892.0,28282.838447204456,16,199,154739.2,75509.0,63156.0,0.0,79230.1,0.0,0.9999999999351278,6.546052631578948,23638.551155778896,2.444221105527638,0.1058863541359314,1.2409809004871135
6088,90180.0,36,2505.0,0,2,6835.8,3417.9,4331.0,4331.0,0.0,2504.8,0.0,0,1997-03-07,200.0,31516.346153846152,14090.878545097616,13,138,73666.0,37100.0,39221.23333333333,0.0,36566.0,0.0,0.0764703472468667,4.539473684210527,16227.872463768115,2.8637681159420287,0.1543640427326046,1.2444727294665208
5682,67464.0,12,5622.0,0,1,5622.5,5622.5,5622.5,0.0,0.0,5622.5,0.0,1,1997-03-07,600.0,46016.19824561403,19927.134835323803,57,359,440992.3,381681.2,38355.61363636364,0.0,59310.8,0.0,0.0013662633153434,11.80921052631579,37343.080557103065,4.8267409470752085,0.1505499791292696,0.833524173885534
7201,67464.0,12,5622.0,0,1,5622.5,5622.5,5622.5,0.0,0.0,5622.5,0.0,1,1997-03-07,600.0,48557.38070175439,19396.02562066001,57,359,441078.6,376581.2,43944.45909090909,0.0,64497.2,0.0,0.0013662633153434,11.80921052631579,37350.38841225627,4.8267409470752085,0.1505205230114815,0.9050006084918696
6938,341280.0,60,5688.0,0,1,5688.0,5688.0,5688.0,0.0,0.0,5688.0,0.0,0,1997-03-10,700.0,49678.36623376624,19137.47549354965,77,406,559398.5,491031.4,50007.833333333336,0.0,68367.1,0.0,0.001256786647876,13.355263157894738,41885.9960591133,5.765517241379309,0.1357971764743187,1.0066320033140872
6875,83280.0,48,1735.0,0,1,1735.0,1735.0,1735.0,0.0,0.0,1735.0,0.0,0,1997-03-13,700.0,39962.46618705036,10772.622802819167,139,628,365159.8,324113.6,32444.776923076926,0.0,41045.9,0.0,0.9999999999722072,20.657894736842103,17676.52535031847,6.728662420382165,0.0981527740680785,0.8118812478463024
5953,97176.0,24,4049.0,0,1,4049.0,4049.0,4049.0,0.0,0.0,4049.0,0.0,0,1997-03-14,400.0,66376.85,30559.927764356165,16,137,253348.5,161407.0,76433.3090909091,0.0,91941.4,0.0,0.0015833808346956,4.506578947368421,56217.47737226277,3.5503649635036494,0.0720238649711718,1.151505518556455
5942,162624.0,48,3388.0,0,3,12919.0,4306.333333333333,5016.0,5016.0,0.0,3388.0,4515.0,0,1997-03-15,16399.9,37092.94552238806,11884.310835362778,134,585,445848.4,406433.0,32135.004,0.0,39415.4,0.0,0.0128740242841845,19.24342105263158,23168.87411965812,6.963418803418803,0.1462306705556776,0.8663373463275116
5382,22932.0,36,637.0,0,3,4396.0,1465.3333333333333,3118.0,3118.0,0.0,637.0,641.0,0,1997-03-17,300.0,42536.88536585366,12304.330318968216,41,223,115369.9,69279.8,47094.85416666666,0.0,49849.1,0.0,0.9999999999124732,7.335526315789474,15727.55587443946,5.589237668161434,0.0405021609638809,1.10715332706048
6377,17184.0,12,1432.0,0,4,5424.0,1356.0,3520.0,3520.0,423.0,1432.0,49.0,1,1997-03-17,400.0,29906.531428571427,8582.056505164628,70,310,151732.9,110959.6,27913.85161290322,0.0,40773.2,0.0,0.9999999999335176,10.197368421052632,14879.613419354837,6.864516129032258,0.0962390593545204,0.9333697446739616
5931,66696.0,24,2779.0,1,1,2778.7,2778.7,2778.7,0.0,0.0,2778.7,0.0,0,1997-03-17,1100.0,51945.21627906976,29659.976520853583,43,239,276295.8,263743.8,49904.72608695652,0.0,12551.9,0.0,0.9999999999636636,7.861842105263158,35143.900920502085,5.469456066945607,0.0790748871474324,0.9607184193678562
5992,76080.0,12,6340.0,0,3,15676.3,5225.433333333333,6340.3,3300.0,0.0,6340.3,6036.0,1,1997-03-18,300.0,50621.10493827161,19389.25337968756,81,371,499211.8000000001,428288.2,51448.2962962963,0.0,70923.6,0.0,0.0052298519950833,12.203947368421051,40905.76474393531,6.637196765498652,0.1549903794278791,1.0163408394358435
5790,84288.0,48,1756.0,0,3,6058.0,2019.3333333333333,2808.0,1494.0,0.0,1756.0,2808.0,0,1997-03-20,1000.0,29824.125,12770.284101070169,12,121,57681.5,20300.0,35205.944444444445,0.0,37381.6,0.0,0.999999999825793,3.980263157894737,14491.880991735536,3.014876033057851,0.1211712958303827,1.1804518802358803
6753,67980.0,12,5665.0,0,1,5665.0,5665.0,5665.0,0.0,0.0,5665.0,0.0,1,1997-03-20,400.0,34806.92142857143,13611.996793054312,14,118,80206.0,24500.0,38336.90833333333,0.0,55705.9,0.0,0.999999999874627,3.881578947368421,20663.2406779661,3.606779661016949,0.2741583513228491,1.1014162341530764
6562,94488.0,24,3937.0,0,3,12797.3,4265.766666666666,7383.0,1477.0,0.0,3937.3,7383.0,0,1997-03-21,800.0,60311.76666666667,25093.34321090162,66,243,419905.6,349221.6,57529.61071428571,0.0,70683.9,0.0,0.9999999999760912,7.99342105263158,52531.40016460905,8.25679012345679,0.0749456513040545,0.9538704283478182
7046,91632.0,12,7636.0,0,3,10526.0,3508.6666666666665,7636.0,1609.0,0.0,7636.0,1281.0,1,1997-03-28,300.0,17625.444285714286,6505.144392712535,70,365,114063.2,99133.2,12854.612,0.0,14930.1,0.0,0.9999999999117029,12.00657894736842,9500.058301369863,5.83013698630137,0.8037845400234102,0.7293213030167791
5868,90156.0,12,7513.0,0,1,7512.7,7512.7,7512.7,0.0,0.0,7512.7,0.0,1,1997-03-29,700.0,77525.11692307692,23284.24069074516,65,383,635727.5,557607.8,78208.96315789474,0.0,78119.7,0.0,0.0011080086867705,12.598684210526317,50459.83289817232,5.1592689295039165,0.1488907030998752,1.0088209634744332
5784,84600.0,36,2350.0,1,1,2349.5,2349.5,2349.5,0.0,0.0,2349.5,0.0,0,1997-03-29,900.0,41766.69375,28843.33189907088,32,188,176172.5,159256.8,38329.2,0.0,16915.7,0.0,0.9999999999430096,6.184210526315789,28487.468085106382,5.174468085106383,0.0824924135818053,0.9176977287272832
5878,74040.0,12,6170.0,0,5,14653.0,2930.6,6170.0,4601.0,77.0,6170.0,3805.0,1,1997-04-01,600.0,44234.82947368421,12482.603185529077,190,636,552809.5,517499.2,45401.954054054055,0.0,35310.2,0.0,0.999999999981788,20.92105263157895,26423.59874213836,9.081761006289309,0.233503394366397,1.0263847421588983
5110,102240.0,60,1704.0,0,2,8062.0,4031.0,6358.0,6358.0,0.0,1704.0,0.0,0,1997-04-01,900.0,29946.99523809524,7804.90072999632,126,607,253392.0,218623.6,30924.196153846155,0.0,34768.4,0.0,0.9999999999601384,19.967105263157897,12690.47248764415,6.310378912685337,0.1342739602734515,1.0326310168234014
5210,148140.0,36,4115.0,0,1,4114.7,4114.7,4114.7,0.0,0.0,4114.7,0.0,0,1997-04-01,1000.0,40688.34830508474,13220.371518330689,118,615,536679.3,510457.0,37077.26,0.0,26252.2,0.0,0.0050609943540847,20.230263157894736,26528.537756097565,5.832845528455285,0.1551159749656013,0.9112500638482302
7230,18720.0,60,312.0,0,1,312.0,312.0,312.0,0.0,0.0,312.0,0.0,0,1997-04-02,300.0,40748.34523809524,11470.114892915595,42,247,118526.6,74218.4,44042.769565217386,0.0,44322.7,0.0,0.9999999999147796,8.125,14587.889230769231,5.1692307692307695,0.0213876041180819,1.080848051548207
5005,27456.0,12,2288.0,0,4,6985.3,1746.325,4564.0,4564.0,97.0,2288.3,36.0,1,1997-04-10,800.0,48780.096000000005,24959.844822572028,75,241,460652.0,424371.0,52802.17631578948,0.0,36280.9,0.0,0.9999999999782186,7.927631578947369,58107.14024896265,9.46058091286307,0.0393755395602537,1.0824533085167551
6871,164256.0,48,3422.0,0,1,3421.5,3421.5,3421.5,0.0,0.0,3421.5,0.0,0,1997-04-13,600.0,42341.63775510204,19753.53991751057,98,468,407642.3,384221.0,28838.22272727273,0.0,23421.1,0.0,0.999999999975244,15.394736842105264,26479.32888888889,6.365811965811965,0.1292328824898425,0.6810842529818527
5363,293880.0,60,4898.0,1,1,4898.2,4898.2,4898.2,0.0,0.0,4898.2,0.0,0,1997-04-22,-2804.8,53227.14444444444,34779.1174455518,90,531,507891.1,508096.0,2094.393333333333,4.0,-204.8,19.0,0.9999999999801908,17.467105263157894,29077.00459510358,5.152542372881356,0.1684492631383463,0.0393482189360329
7253,98304.0,12,8192.0,0,1,8191.5,8191.5,8191.5,0.0,0.0,8191.5,0.0,1,1997-04-26,300.0,66405.07079646018,25389.78426954882,113,533,974628.6,930282.8,75396.4388888889,0.0,44345.5,0.0,0.011449117953646,17.532894736842106,55588.57305816135,6.445028142589118,0.1473684167059868,1.1354018296077777
6055,399120.0,60,6652.0,0,1,6652.5,6652.5,6652.5,0.0,0.0,6652.5,0.0,0,1997-04-28,300.0,42435.31166666667,20693.645824426647,60,450,264547.1,245965.6,22681.815384615384,0.0,18581.6,0.0,0.9999999999619168,14.80263157894737,17871.626311111107,4.053333333333333,0.3722101100638073,0.5345033296194011
5072,196800.0,24,8200.0,1,1,8200.2,8200.2,8200.2,0.0,0.0,8200.2,0.0,0,1997-04-28,300.0,58669.50434782608,28112.217725030623,23,199,321080.8,282914.6,62611.82307692307,0.0,38166.1,0.0,0.0009371866281919,6.546052631578948,49049.52924623115,3.5135678391959795,0.1671779551066392,1.0671953643080525
6913,99936.0,24,4164.0,0,3,10905.0,3635.0,4164.0,2758.0,0.0,4164.0,3983.0,0,1997-04-29,400.0,55851.80263157895,25907.89703954981,152,590,623477.9,532299.4,69045.08666666667,0.0,91178.5,0.0,0.999999999983792,19.407894736842103,32124.96298305085,7.831864406779661,0.1296188263594495,1.236219484440883
6386,124344.0,36,3454.0,0,4,13770.0,3442.5,6965.0,2557.0,6965.0,3454.0,794.0,0,1997-04-30,321.0,25654.37837837838,18425.10848315396,148,620,495751.6,429301.2,33877.765384615384,0.0,66449.9,0.0,0.9999999999797418,20.394736842105264,24307.820387096774,7.256774193548387,0.1420941879434213,1.320545166666843
5634,39024.0,12,3252.0,0,3,16491.2,5497.066666666667,6828.0,6828.0,0.0,3252.2,6411.0,1,1997-05-01,300.0,60289.9544117647,24639.677624078195,136,530,719643.0,684221.0,39397.97727272727,0.0,35436.7,0.0,0.9999999999860284,17.43421052631579,41277.63622641509,7.800754716981132,0.078783581050387,0.6534749885049603
5758,307200.0,60,5120.0,1,1,5120.2,5120.2,5120.2,0.0,0.0,5120.2,0.0,0,1997-05-02,200.0,44484.075,32135.847571582624,68,374,431664.5,421620.8,10533.836363636365,0.0,10043.6,0.0,0.9999999999767312,12.302631578947368,35087.167914438505,5.527272727272727,0.1459222930453123,0.2368001663801789
6819,50112.0,24,2088.0,0,4,7106.0,1776.5,4228.0,4228.0,645.0,2088.0,145.0,0,1997-05-03,900.0,46214.125,27989.629822572977,16,108,116216.9,47600.0,57216.125,0.0,68616.8,0.0,0.9999999999134792,3.5526315789473686,32712.905185185187,4.503703703703703,0.0638280210070526,1.2380657426191524
7088,239160.0,60,3986.0,0,5,9740.7,1948.14,4260.0,456.0,986.0,3985.7,4313.0,0,1997-05-03,500.0,37233.14339622642,12741.368623959615,106,437,361337.9,332727.0,33064.63448275862,0.0,28610.8,0.0,0.0019476364040525,14.375,25136.549565217392,7.373913043478261,0.1585738722043965,0.8880430567468361
5039,66840.0,24,2785.0,0,2,16476.0,8238.0,13691.0,13691.0,0.0,2785.0,0.0,0,1997-05-03,700.0,38819.32021276596,18712.60885256668,94,463,600842.5,578168.0,42351.28333333333,0.0,22674.3,0.0,0.0138644590436552,15.230263157894738,39450.56587473002,6.171922246220302,0.0705946781127917,1.0909846718154537
5532,335280.0,48,6985.0,0,3,10093.3,3364.433333333333,6985.3,2882.0,0.0,6985.3,226.0,0,1997-05-04,500.0,43629.43608247423,22466.55557488076,97,464,673795.8,643945.0,35006.35909090909,0.0,29880.9,0.0,0.0007450543293505,15.263157894736842,44145.24206896552,6.355172413793103,0.1582276972794818,0.8023564415710485
6037,53232.0,48,1109.0,0,3,4650.0,1550.0,3095.0,3095.0,0.0,1109.0,446.0,0,1997-05-04,1100.0,30896.00266666667,8130.29349668723,150,638,222891.9,187279.2,29608.454545454544,0.0,35612.5,0.0,0.9999999999545872,20.98684210526316,10620.55448275862,7.147335423197492,0.1044201600543687,0.95832638465608
6322,76992.0,24,3208.0,0,1,3207.8,3207.8,3207.8,0.0,0.0,3207.8,0.0,0,1997-05-06,900.0,61992.3,25699.739128305187,35,139,285647.3,233168.4,53250.04736842105,0.0,52478.9,0.0,0.999999999964872,4.572368421052632,62472.50302158273,7.654676258992805,0.0513505917696015,0.8589784111870549
6887,39576.0,12,3298.0,0,3,13234.3,4411.433333333333,9874.0,9874.0,0.0,3298.3,62.0,1,1997-05-08,700.0,30719.746666666662,15914.152244943032,75,338,241881.1,219242.2,20433.966666666667,0.0,29753.3,0.0,0.0071076176934899,11.11842105263158,21754.98650887574,6.745562130177515,0.1515974278880148,0.6651736709205154
6660,220428.0,36,6123.0,0,2,11788.0,5894.0,6123.0,5665.0,0.0,6123.0,0.0,0,1997-05-09,600.0,60165.795,24445.209943624304,20,166,254668.1,206179.6,64447.67692307692,0.0,48503.1,0.0,0.0023655201777938,5.460526315789474,46638.0134939759,3.662650602409638,0.1312877530574498,1.0711680434433757
5451,159744.0,48,3328.0,0,3,9166.2,3055.4,5263.0,575.0,0.0,3328.2,5263.0,0,1997-05-11,600.0,56388.81071428571,27438.99690378963,28,280,223940.7,170342.2,68155.35333333333,0.0,53598.4,0.0,0.9999999999550906,9.210526315789474,24313.561714285715,3.04,0.1368783413034796,1.2086680399517624
6014,165168.0,36,4588.0,0,3,17943.5,5981.166666666667,7028.0,7028.0,0.0,4588.5,6327.0,0,1997-05-18,300.0,35478.66185567011,17421.829840733364,97,461,442626.7,416967.0,29792.427272727276,0.0,25659.5,0.0,0.0006805884821588,15.164473684210527,29188.398438177872,6.396529284164859,0.1571857396748129,0.8397280423238015
5556,268320.0,60,4472.0,0,3,12571.0,4190.333333333333,4472.0,4040.0,0.0,4472.0,4059.0,0,1997-05-19,200.0,24411.294230769232,10874.530318934105,52,257,127126.4,114473.4,19277.00909090909,0.0,12652.9,0.0,0.9999999999207708,8.453947368421053,15037.51968871595,6.150972762645914,0.2973894691145018,0.7896758320464063
6346,100260.0,60,1671.0,0,1,1671.0,1671.0,1671.0,0.0,0.0,1671.0,0.0,0,1997-05-22,1000.0,40047.08387096775,21019.117673829533,62,684,345370.3,267556.4,50602.395,0.0,77813.6,0.0,0.9999999999708074,22.5,15349.79111111111,2.7555555555555555,0.1088614162118346,1.263572527537982
5850,164196.0,36,4561.0,0,2,9358.0,4679.0,4797.0,4797.0,0.0,4561.0,0.0,0,1997-05-22,500.0,49558.68571428572,29113.13867282119,49,473,349774.4,266803.0,67077.86333333333,0.0,82971.3,0.0,0.9999999999713344,15.55921052631579,22480.21513742072,3.149260042283298,0.2028895172973159,1.353503676560626
5940,106944.0,24,4456.0,0,4,7489.0,1872.25,4456.0,2121.0,437.0,4456.0,475.0,0,1997-05-28,800.0,57324.07222222223,22980.888932323123,18,145,159132.6,105087.0,67149.76153846153,0.0,54045.6,0.0,0.0050568900123225,4.769736842105264,33362.97268965517,3.7737931034482752,0.1335612398845398,1.1714059892052855
7119,86880.0,12,7240.0,0,1,7240.0,7240.0,7240.0,0.0,0.0,7240.0,0.0,1,1997-06-02,500.0,56531.81724137931,24247.686645578247,58,346,502310.5,467735.2,61625.18823529412,0.0,34575.3,0.0,0.0009998800143782,11.38157894736842,44133.63930635838,5.095953757225433,0.1640472010047096,1.0900974217981738
5253,100080.0,48,2085.0,0,2,10294.7,5147.35,8210.0,8210.0,0.0,2084.7,0.0,0,1997-06-03,300.0,22604.34,11029.074077606574,10,103,41842.7,11900.0,25082.6,0.0,29942.7,0.0,0.0985008648619784,3.3881578947368425,12349.690097087376,2.9514563106796112,0.168830147308995,1.1096364675501975
6851,272220.0,60,4537.0,1,3,16722.3,5574.099999999999,9519.0,9519.0,0.0,4537.3,2666.0,0,1997-06-03,-625.1,36907.37301587302,29722.514746667595,63,320,229795.8,228215.4,8480.935,1.0,1580.3,0.8,0.999999999956108,10.526315789473683,21830.601,5.984999999999999,0.2078275352071949,0.2297897223423256
6695,309660.0,60,5161.0,0,2,14266.2,7133.1,9105.0,9105.0,0.0,5161.2,0.0,0,1997-06-04,1100.0,40151.71176470589,16132.820182274489,17,136,125708.3,80900.0,46864.79166666666,0.0,44736.8,0.0,0.0088022533761601,4.473684210526316,28099.502352941177,3.8,0.1836687331091865,1.1671928691266849
6908,188616.0,24,7859.0,0,2,18099.0,9049.5,10240.0,10240.0,0.0,7859.0,0.0,0,1997-06-08,900.0,45805.5,25098.117918397915,63,583,274297.0,217084.8,59454.66956521739,0.0,57226.7,0.0,0.9999999999631916,19.17763157894737,14302.965351629502,3.285077186963979,0.5494664778454476,1.2979810187038143
7255,213300.0,60,3555.0,0,2,10216.0,5108.0,6661.0,6661.0,0.0,3555.0,0.0,0,1997-06-09,800.0,37524.88636363636,14909.062931918304,22,181,159192.3,121475.6,40783.81538461538,0.0,37716.7,0.0,0.9999999999369058,5.953947368421053,26737.27027624309,3.695027624309392,0.1329604691107575,1.0868471386836396
5674,207264.0,48,4318.0,0,1,4318.0,4318.0,4318.0,0.0,0.0,4318.0,0.0,0,1997-06-10,400.0,61345.1,28117.508578938265,58,281,445875.9,399694.0,74357.208,0.0,46281.9,0.0,0.9999999999774912,9.24342105263158,48237.10804270463,6.274733096085409,0.0895161458535632,1.2121132411207882
6278,87360.0,24,3640.0,0,2,10913.5,5456.75,7274.0,7274.0,0.0,3639.5,0.0,0,1997-06-10,200.0,69963.48405797101,26296.55727792263,69,221,593765.1,535272.6,72268.825,0.0,58492.3,0.0,0.9999999999831078,7.269736842105264,81676.28524886876,9.491402714932129,0.0445661796256184,1.032950630786044
5486,466608.0,48,9721.0,0,1,9721.0,9721.0,9721.0,0.0,0.0,9721.0,0.0,0,1997-06-13,300.0,36161.02156862745,12819.231108548658,102,575,364120.1,303344.4,50490.86470588235,0.0,60775.8,0.0,0.9999999999723412,18.914473684210527,19250.87137391304,5.392695652173913,0.5049641549277265,1.3962787139764985
5174,385104.0,48,8023.0,0,2,18283.8,9141.9,10261.0,10261.0,0.0,8022.8,0.0,0,1997-06-13,1000.0,47433.4205882353,24768.34808683377,102,516,894091.9,842353.2,39957.95789473684,0.0,51738.6,0.0,0.0011216596974084,16.973684210526315,52675.18170542636,6.009302325581396,0.1523108177081124,0.8424009356859122
6621,42900.0,12,3575.0,0,3,15794.0,5264.666666666667,6164.0,6164.0,0.0,3575.0,6055.0,1,1997-06-14,500.0,50590.532,30497.265818290976,175,646,1046385.0,949235.8,76183.87272727273,0.0,97149.3,0.0,0.9999999999904104,21.25,49241.64705882353,8.235294117647058,0.072601145835015,1.5058919070511811
6313,150912.0,36,4192.0,0,1,4192.5,4192.5,4192.5,0.0,0.0,4192.5,0.0,0,1997-06-15,700.0,52250.26119402985,24634.963971613877,67,333,362250.7,318513.4,39426.653333333335,0.0,43737.3,0.0,0.9999999999722524,10.953947368421051,33070.334174174175,6.1165165165165165,0.1267601342234419,0.754573325085933
6435,288720.0,48,6015.0,0,1,6015.3,6015.3,6015.3,0.0,0.0,6015.3,0.0,0,1997-06-16,400.0,54677.28095238095,22227.416323644524,21,172,235803.0,133614.6,61905.38461538462,0.0,102188.4,0.0,0.0017021421458181,5.657894736842105,41676.80930232558,3.711627906976744,0.1443248679361141,1.1321957406400065
6970,31620.0,60,527.0,0,2,9471.0,4735.5,8944.0,8944.0,0.0,527.0,0.0,0,1997-06-17,500.0,27522.883783783785,9910.18669121474,37,247,128199.9,102319.8,25911.595,0.0,25880.0,0.0,0.9999999999215674,8.125,15778.44923076923,4.553846153846154,0.0333999870303038,0.9414563965805174
6310,34572.0,12,2881.0,0,1,2881.0,2881.0,2881.0,0.0,0.0,2881.0,0.0,1,1997-06-17,1100.0,60619.16,27985.493467525688,40,228,309027.1,225365.4,52955.36315789474,0.0,83661.6,0.0,0.9999999999675024,7.5,41203.61333333333,5.333333333333333,0.0699210522143718,0.8735746775303219
5932,33348.0,12,2779.0,0,1,2778.7,2778.7,2778.7,0.0,0.0,2778.7,0.0,1,1997-06-18,700.0,45807.11428571429,28832.376207759226,63,368,377708.8,360537.0,25091.915384615382,0.0,17171.7,0.0,0.9999999999733996,12.105263157894738,31202.031304347824,5.204347826086956,0.0890647141528287,0.5477733267070914
6877,285240.0,60,4754.0,0,2,8348.7,4174.35,4753.7,3595.0,0.0,4753.7,0.0,0,1997-06-19,1100.0,49699.664814814816,16853.230914901833,54,267,288595.2,228732.4,46322.768,0.0,59862.7,0.0,0.0038418552667001,8.782894736842106,32858.7793258427,6.148314606741573,0.1446797506203855,0.9320539316166826
6763,88272.0,48,1839.0,0,2,9196.3,4598.15,7357.0,7357.0,0.0,1839.3,0.0,0,1997-06-19,800.0,17535.77922077922,9184.828049923844,77,399,167313.2,160229.8,10361.19,0.0,7083.3,0.0,0.0355588770605731,13.125,12747.67238095238,5.866666666666666,0.144261630170636,0.5908599705574412
7085,305424.0,48,6363.0,0,3,12524.3,4174.766666666666,6363.3,1281.0,0.0,6363.3,4880.0,0,1997-06-19,300.0,46147.52168674699,29670.98796380573,83,346,419423.8,409743.4,14574.133333333337,0.0,9680.4,0.0,0.999999999976038,11.38157894736842,36851.10843930636,7.292485549132948,0.1726678047894586,0.3158161651476223
7049,233424.0,36,6484.0,0,5,18246.7,3649.34,7601.0,90.0,2746.0,6483.7,8927.0,0,1997-06-24,200.0,54476.857142857145,25141.67782753039,49,254,355890.7,308642.0,53599.04444444445,0.0,47248.7,0.0,0.0124112174836704,8.355263157894738,42594.79244094488,5.864566929133858,0.1522251812229728,0.9838865023738494
6959,59448.0,24,2477.0,1,1,2476.8,2476.8,2476.8,0.0,0.0,2476.8,0.0,0,1997-06-30,-5525.0,45016.69083333333,28083.258524411067,120,539,665195.3,610286.1,45878.27222222222,3.0,54909.1,9.9,0.9999999999848446,17.730263157894736,37517.508571428574,6.768089053803339,0.0660225077212651,1.019139154005952
5214,74772.0,36,2077.0,0,2,6239.3,3119.65,4162.0,4162.0,0.0,2077.3,0.0,0,1997-07-01,500.0,24872.13943661972,8273.729769931522,71,389,190532.5,157355.0,22581.14444444444,0.0,33277.4,0.0,0.0439088388998503,12.796052631578949,14889.943444730075,5.548586118251928,0.1394901200474472,0.9078891059173988
6350,294384.0,48,6133.0,0,1,6133.0,6133.0,6133.0,0.0,0.0,6133.0,0.0,0,1997-07-09,1100.0,61692.07751937985,26376.133504852813,129,553,958974.5,911861.0,75634.95416666666,0.0,111013.5,0.0,0.9999999999895266,18.19078947368421,52717.58553345388,7.091500904159132,0.1163368909402102,1.226007571728262
5063,357840.0,48,7455.0,1,3,15129.0,5043.0,7455.0,5606.0,0.0,7455.0,2068.0,0,1997-07-10,600.0,5350.0,6717.514421272202,2,102,10100.0,0.0,10100.0,0.0,10100.0,0.0,0.999999999009901,3.355263157894737,3010.1960784313724,0.596078431372549,2.4765828474266725,1.8878504637610272
5041,369000.0,60,6150.0,0,4,9818.5,2454.625,6149.5,1057.0,416.0,6149.5,2196.0,0,1997-07-11,700.0,48648.401169590645,19732.115097790946,171,633,547477.7,487933.0,64688.44615384616,0.0,59544.8,0.0,0.9999999999816116,20.822368421052637,26292.76789889415,8.212322274881515,0.23390462431761,1.3297137127907248
5086,210384.0,48,4383.0,0,2,10836.7,5418.35,6454.0,6454.0,0.0,4382.7,0.0,0,1997-07-16,300.0,45912.4,21519.72175583645,59,483,254090.1,207611.6,66545.34736842106,0.0,46478.3,0.0,0.9999999999602373,15.888157894736842,15992.420372670807,3.713457556935818,0.2740673328440869,1.4493981441599018
6942,18324.0,12,1527.0,0,2,9846.0,4923.0,8319.0,8319.0,0.0,1527.0,0.0,1,1997-07-16,700.0,31402.28372093023,11502.50496987873,86,430,338111.7,306875.0,26349.715000000004,0.0,31236.8,0.0,0.999999999970245,14.144736842105264,23903.71088372093,6.08,0.0638812946989379,0.8391018699715266
5270,191088.0,48,3981.0,0,1,3981.0,3981.0,3981.0,0.0,0.0,3981.0,0.0,0,1997-07-21,500.0,32688.033333333333,11262.531250822682,78,408,283323.3,244931.4,29934.784210526315,0.0,38391.7,0.0,0.9999999999644568,13.421052631578949,21110.363529411763,5.811764705882353,0.188580362084609,0.9157719553241788
6705,333648.0,48,6951.0,1,3,15729.8,5243.266666666666,8039.0,740.0,0.0,6950.8,8039.0,0,1997-07-25,500.0,61748.70206185566,26907.01300851919,97,311,665494.9,565679.2,66892.28947368421,0.0,99815.6,0.0,0.9999999999848892,10.230263157894738,65051.59151125402,9.481672025723473,0.1068536501175214,1.0832987128351792
7051,77808.0,12,6484.0,0,1,6483.7,6483.7,6483.7,0.0,0.0,6483.7,0.0,1,1997-07-28,1000.0,68874.72173913044,26062.87599367688,23,117,168442.2,110743.8,75717.2705882353,0.0,57698.3,0.0,0.9999999999403024,3.848684210526316,43766.17846153846,5.976068376068376,0.1481509290151207,1.0993477529249147
6758,33144.0,12,2762.0,0,4,9154.0,2288.5,6089.0,68.0,6089.0,2762.0,235.0,1,1997-07-29,900.0,32407.646875,13829.31451712406,32,182,106174.6,74481.6,35918.728571428575,0.0,31693.2,0.0,0.9999999999052276,5.986842105263158,17734.65846153846,5.345054945054945,0.1557402418790645,1.1083411485840922
6249,67608.0,24,2817.0,0,2,13686.3,6843.15,10869.0,10869.0,0.0,2817.3,0.0,0,1997-07-30,200.0,30181.31739130435,11585.481244316574,23,189,115289.4,98083.6,32715.13076923077,0.0,17205.7,0.0,0.0426918519513929,6.217105263157895,18543.90349206349,3.6994708994708994,0.1519097637499319,1.0839530406918856
5808,41856.0,48,872.0,0,4,4499.0,1124.75,1926.0,1926.0,1298.0,872.0,403.0,0,1997-07-31,800.0,38559.26407766991,10181.211719891966,103,431,283830.7,246761.4,43991.60909090909,0.0,37069.1,0.0,0.9999999999645428,14.17763157894737,20019.61317865429,7.264965197215776,0.0435572851374665,1.1408830052069454
5377,92400.0,12,7700.0,0,3,12413.8,4137.933333333333,7699.8,1307.0,0.0,7699.8,3407.0,1,1997-08-04,1000.0,42291.18557692308,20423.924476420485,104,459,501293.3,454804.2,32608.83,0.0,46489.0,0.0,0.9999999999799504,15.098684210526317,33201.12488017429,6.8880174291939,0.2319198528806105,0.7710549975710074
5446,48312.0,24,2013.0,0,2,12720.0,6360.0,10707.0,10707.0,0.0,2013.0,0.0,0,1997-08-04,600.0,31897.43297872341,9079.326169130603,94,503,286841.5,245659.2,38350.74705882353,0.0,41196.7,0.0,0.2580169553908688,16.54605263157895,17335.947514910535,5.681113320079523,0.1161171027489245,1.2023145270775095
5856,51360.0,12,4280.0,1,1,4280.0,4280.0,4280.0,0.0,0.0,4280.0,0.0,1,1997-08-09,-2542.1,53636.37471264367,32197.490915176008,87,382,744277.3,679747.5,68770.9,1.0,64529.7,16.1,0.9999999999865196,12.56578947368421,59230.44481675393,6.923560209424084,0.0722601360249578,1.282169057018072
4986,102876.0,12,8573.0,0,5,12438.0,2487.6,8573.0,1436.0,3.0,8573.0,2426.0,1,1997-08-10,900.0,33057.37457627119,12670.953546334436,118,462,306055.9,265539.6,37618.25357142858,0.0,40516.3,0.0,0.9999999999670848,15.197368421052632,20138.743203463204,7.764502164502164,0.4256968723981125,1.1379685786375644
7001,300600.0,60,5010.0,0,4,8259.5,2064.875,5010.5,1008.0,765.0,5010.5,1476.0,0,1997-08-10,400.0,53217.72947368421,20909.130855309148,95,398,437579.0,363652.8,59283.648,0.0,73926.0,0.0,0.0315246179646251,13.092105263157896,33423.11959798995,7.256281407035176,0.1498962412474009,1.113983038644584
6677,97980.0,60,1633.0,0,3,7356.0,2452.0,3575.0,2148.0,0.0,1633.0,3575.0,0,1997-08-12,700.0,24067.298540145985,7369.334427365258,137,623,259220.4,243181.6,20946.178260869565,0.0,16038.7,0.0,0.9999999999611144,20.49342105263158,12648.95691813804,6.685072231139647,0.129101554324004,0.8703169662862936
6665,99300.0,60,1655.0,0,3,8107.0,2702.333333333333,5958.0,5958.0,0.0,1655.0,494.0,0,1997-08-15,600.0,39110.67083333333,10455.933721211131,144,671,454103.8,421904.2,34257.0,0.0,35199.4,0.0,0.9999999999778324,22.072368421052637,20573.406140089417,6.523994038748136,0.080443655655571,0.8758990644068517
5817,100800.0,24,4200.0,1,4,15595.2,3898.8,11105.0,11105.0,69.0,4200.2,221.0,0,1997-08-15,-1571.5,26649.7703125,22080.256063155182,64,469,198881.0,200452.4,-995.407142857143,10.0,-1571.5,23.2,0.9999999999494238,15.42763157894737,12891.220469083157,4.148400852878464,0.3258031314269098,-0.0373514342079239
6984,116040.0,60,1934.0,0,3,6956.0,2318.6666666666665,4764.0,258.0,0.0,1934.0,4764.0,0,1997-08-15,900.0,29865.18974358974,8523.994736371058,39,226,95276.6,62711.8,33453.55454545454,0.0,32564.7,0.0,0.9999999998941788,7.434210526315789,12815.96743362832,5.246017699115044,0.1509055019456624,1.1201520841311077
6541,153504.0,48,3198.0,0,3,10074.8,3358.2666666666664,6649.0,6649.0,0.0,3197.8,228.0,0,1997-08-17,300.0,33651.1036036036,12123.175982149583,111,502,359354.5,331721.2,29156.444,0.0,27633.1,0.0,0.0056029000609146,16.513157894736842,21761.706772908365,6.721912350597609,0.1469553850671174,0.8664335153695637
5117,76944.0,12,6412.0,0,4,20301.0,5075.25,7122.0,726.0,6041.0,6412.0,7122.0,1,1997-08-20,500.0,40141.795454545456,22283.58371939614,110,535,487380.5,428124.0,57248.54642857143,0.0,59256.4,0.0,0.9999999999793948,17.598684210526315,27694.14429906542,6.2504672897196265,0.2315290889092786,1.4261580919850785
6097,202848.0,48,4226.0,0,3,18601.3,6200.433333333333,7962.0,6413.0,0.0,4226.3,7962.0,0,1997-08-21,800.0,37200.39594594594,17835.976701595184,74,349,349107.0,315305.0,25095.0375,0.0,33802.0,0.0,0.0504099045365915,11.480263157894738,30409.32034383954,6.445845272206303,0.1389705508320056,0.6745906019311851
5389,78600.0,24,3275.0,0,2,15767.8,7883.9,12493.0,12493.0,0.0,3274.8,0.0,0,1997-08-22,800.0,42902.40714285714,21203.475509252803,14,136,110858.7,43800.0,55070.6,0.0,67058.7,0.0,0.0190614504838829,4.473684210526316,24780.18,3.1294117647058823,0.1321620746370034,1.2836249444882837
7219,57120.0,48,1190.0,0,3,5811.0,1937.0,2939.0,2939.0,0.0,1190.0,1682.0,0,1997-08-23,1000.0,41985.62040816326,9814.240638204,49,275,102785.5,60023.4,45273.92608695652,0.0,42762.2,0.0,0.9999999999015554,9.046052631578949,11362.469818181817,5.416727272727272,0.1047307511478267,1.0783198065443071
6338,390660.0,60,6511.0,0,2,17265.7,8632.85,10755.0,10755.0,0.0,6510.7,0.0,0,1997-08-24,300.0,63544.64567901234,30163.74604529852,81,308,668498.9,607542.2,46175.269565217386,0.0,60956.6,0.0,0.9999999999849982,10.13157894736842,65981.70961038962,7.994805194805195,0.0986788617248555,0.726658699006668
6922,83628.0,36,2323.0,0,1,2322.7,2322.7,2322.7,0.0,0.0,2322.7,0.0,0,1997-08-26,500.0,29077.814705882352,10160.935911263665,34,239,125722.8,94494.8,28840.0,0.0,31228.0,0.0,0.0520183104411138,7.861842105263158,15991.519330543932,4.324686192468619,0.1452644961701923,0.991821437814154
5367,83628.0,36,2323.0,0,1,2322.7,2322.7,2322.7,0.0,0.0,2322.7,0.0,0,1997-08-26,500.0,29052.60882352941,9815.03653233812,34,239,125709.5,93894.8,28742.263157894737,0.0,31814.7,0.0,0.0520183104411138,7.861842105263158,15989.82761506276,4.324686192468619,0.1452798650786507,0.9893178035262532
5638,68124.0,12,5677.0,0,2,13874.0,6937.0,8197.0,8197.0,0.0,5677.0,0.0,1,1997-08-27,1100.0,28809.0,14323.747992896271,51,320,231786.1,215355.0,20939.74,0.0,16430.9,0.0,0.9999999999566505,10.526315789473683,22019.6795,4.845,0.2578148332005401,0.7268471655639392
5830,405780.0,60,6763.0,0,4,12006.0,3001.5,6763.0,2901.0,1242.0,6763.0,1100.0,0,1997-08-28,700.0,34044.42954545454,7073.196837254752,176,694,343710.1,302177.8,40684.88076923077,0.0,41532.1,0.0,0.9999999999706528,22.82894736842105,15055.88910662824,7.709510086455331,0.4491930000022855,1.1950525034634425
5338,57360.0,12,4780.0,1,4,12032.0,3008.0,4780.0,510.0,3269.0,4780.0,3473.0,1,1997-08-30,-5851.2,36887.156,21128.247450818963,75,313,320129.8,305113.3,22798.122222222224,1.0,15016.3,2.3,0.0009447628644912,10.296052631578949,31092.47897763578,7.284345047923321,0.1537349274048175,0.6180504188515297
6007,289920.0,48,6040.0,0,1,6039.8,6039.8,6039.8,0.0,0.0,6039.8,0.0,0,1997-08-30,400.0,58959.27777777778,22763.594806918914,45,320,400934.4,346373.0,57802.1625,0.0,54561.4,0.0,0.0010024359192587,10.526315789473683,38088.768,4.275,0.1585769326646173,0.9803743307042736
6612,97392.0,12,8116.0,0,2,14443.2,7221.6,8116.2,6327.0,0.0,8116.2,0.0,1,1997-08-31,200.0,36685.09135802469,24192.13051814679,81,400,380798.2,360652.0,17820.723076923077,0.0,20146.2,0.0,0.9999999999736248,13.157894736842106,28940.6632,6.156,0.2804358677307589,0.4857756219862083
5718,14028.0,12,1169.0,0,3,6265.0,2088.333333333333,4877.0,4877.0,0.0,1169.0,219.0,1,1997-09-01,400.0,51802.019230769234,10744.592560408064,156,674,396995.8,345210.8,57174.708695652174,0.0,51799.6,0.0,0.9999999999745368,22.17105263157895,17906.042017804153,7.03620178041543,0.0652852259692454,1.1037158306495998
6104,158184.0,36,4394.0,0,1,4393.8,4393.8,4393.8,0.0,0.0,4393.8,0.0,0,1997-09-05,400.0,47679.97368421053,21180.710272552995,95,497,405268.2,376449.0,29028.33333333333,0.0,28833.7,0.0,0.9999999999751432,16.348684210526315,24789.040804828976,5.810865191146881,0.1772557491361859,0.6088160517768502
5229,23520.0,12,1960.0,0,3,10409.2,3469.7333333333336,5081.0,3368.0,0.0,1960.2,5081.0,1,1997-09-06,500.0,25967.49523809524,7748.942858772759,63,355,147704.6,128617.2,22397.48947368421,0.0,19101.8,0.0,0.0375086099283579,11.677631578947368,12648.506591549296,5.394929577464789,0.1549590051808901,0.8625202107364247
6625,473280.0,60,7888.0,1,1,7887.7,7887.7,7887.7,0.0,0.0,7887.7,0.0,0,1997-09-07,500.0,52777.34186046512,27659.861928030838,43,254,209953.5,184059.0,43635.97368421053,0.0,25908.9,0.0,0.999999999951884,8.355263157894738,25128.292913385823,5.146456692913385,0.3139091073177906,0.8267936985403537
5206,128544.0,24,5356.0,0,5,14399.7,2879.94,5355.7,4910.0,422.0,5355.7,3712.0,0,1997-09-07,200.0,40526.455,22589.559555331594,60,287,249802.1,218720.0,25665.97391304348,0.0,31182.1,0.0,0.9999999999596804,9.44078947368421,26459.874006968643,6.355400696864112,0.202419709049454,0.6333140637815555
5963,204780.0,60,3413.0,0,1,3413.0,3413.0,3413.0,0.0,0.0,3413.0,0.0,0,1997-09-07,200.0,48890.17826086957,26678.762987643742,23,198,232747.4,143336.6,54331.86153846153,0.0,89411.0,0.0,0.9999999999568177,6.5131578947368425,35734.95434343434,3.531313131313131,0.0955087270084057,1.1113042222395473
4990,162576.0,36,4516.0,0,3,7664.0,2554.6666666666665,4516.0,3050.0,0.0,4516.0,98.0,0,1997-09-08,900.0,46148.29761904762,12673.331275508795,84,418,331885.2,276345.4,46407.35454545455,0.0,55539.8,0.0,0.9999999999696538,13.75,24137.105454545457,6.109090909090909,0.1870978277255932,1.005613574708417
6641,128268.0,36,3563.0,0,1,3563.0,3563.0,3563.0,0.0,0.0,3563.0,0.0,0,1997-09-09,700.0,47029.538888888885,20089.41765282347,18,170,133238.4,84914.6,58818.20909090909,0.0,48338.4,0.0,0.9999999999245204,5.592105263157895,23826.16094117647,3.2188235294117646,0.1495415063845637,1.25066523015174
5369,214596.0,36,5961.0,0,2,19589.0,9794.5,13628.0,13628.0,0.0,5961.0,0.0,0,1997-09-12,400.0,62852.91764705883,30947.28158330783,17,138,272514.1,186000.0,67147.01818181817,0.0,86514.1,0.0,0.0014726347644346,4.539473684210527,60032.09159420289,3.744927536231884,0.0992968900584277,1.068319828017993
6196,177804.0,36,4939.0,0,1,4939.0,4939.0,4939.0,0.0,0.0,4939.0,0.0,0,1997-09-14,800.0,54375.02307692307,27185.84161204781,91,423,635199.3,588902.6,45468.92857142857,0.0,46296.7,0.0,0.999999999984192,13.914473684210527,45650.25702127659,6.539952718676123,0.1081921619108544,0.8362098255800764
5236,389136.0,48,8107.0,0,1,8107.3,8107.3,8107.3,0.0,0.0,8107.3,0.0,0,1997-09-15,700.0,59749.88387096774,25629.232333675274,62,354,635492.1,556722.2,68093.87222222221,0.0,88469.8,0.0,0.0011057194126243,11.644736842105264,54573.33288135593,5.324293785310735,0.1485524077508577,1.1396486118345797
5719,271584.0,48,5658.0,0,1,5658.0,5658.0,5658.0,0.0,0.0,5658.0,0.0,0,1997-09-20,800.0,62387.09,27465.733061554183,90,510,689094.2000000001,596692.4,58608.10555555555,0.0,92401.4,0.0,0.9999999999854056,16.776315789473685,41075.41898039216,5.364705882352941,0.137746616810493,0.9394268196538944
5643,94512.0,12,7876.0,1,1,7876.0,7876.0,7876.0,0.0,0.0,7876.0,0.0,1,1997-09-21,600.0,48061.85671641791,26359.19062225771,134,632,1131512.9,1107701.6,33037.328571428574,0.0,23811.1,0.0,0.0040917112603529,20.789473684210527,54427.20278481012,6.445569620253164,0.1447070508049517,0.6873918492056325
7050,311232.0,48,6484.0,0,1,6483.7,6483.7,6483.7,0.0,0.0,6483.7,0.0,0,1997-09-23,1100.0,72885.75808823529,27188.600747496173,136,542,1154373.3,1102084.0,78450.61538461539,0.0,52289.2,0.0,0.9999999999913026,17.828947368421055,64747.137121771215,7.628044280442803,0.1001434238984803,1.0763504068775658
6355,127200.0,48,2650.0,0,3,15457.2,5152.400000000001,7303.0,7303.0,0.0,2650.2,5504.0,0,1997-09-24,400.0,28863.03052631579,9001.234613333387,95,473,301298.6,262220.0,31847.157142857144,0.0,39078.4,0.0,0.150575760302401,15.55921052631579,19364.64575052854,6.105708245243129,0.1368473264510505,1.103389233600633
6688,8616.0,24,359.0,0,3,8228.0,2742.6666666666665,5870.0,1999.0,0.0,359.0,5870.0,0,1997-09-26,400.0,24946.63544303797,7487.80051800565,79,372,171809.1,142625.2,23481.3,0.0,29184.0,0.0,0.9999999999411464,12.23684210526316,14040.313548387096,6.455913978494623,0.0255692295266118,0.941261199098513
6239,360864.0,48,7518.0,1,1,7518.0,7518.0,7518.0,0.0,0.0,7518.0,0.0,0,1997-09-28,500.0,52871.42441860465,31203.09112803499,86,374,620549.4,593166.0,37522.73333333334,0.0,27383.2,0.0,0.9999999999838028,12.302631578947368,50440.37903743316,6.990374331550802,0.1490472542430781,0.709697794959212
5531,66432.0,24,2768.0,0,2,9637.0,4818.5,6869.0,6869.0,0.0,2768.0,0.0,0,1997-09-30,700.0,33039.892523364484,12534.716939678694,107,595,455884.5,438139.4,25439.566666666666,0.0,17745.1,0.0,0.0050690716104425,19.572368421052637,23292.25008403361,5.46689075630252,0.1188378103800728,0.76996517591506
6113,78696.0,36,2186.0,0,5,5793.0,1158.6,2186.0,685.0,624.0,2186.0,2298.0,0,1997-10-01,1000.0,40292.34146341463,12443.954613806967,41,224,104609.6,68316.8,44352.56785714285,0.0,36307.5,0.0,0.0511237580735869,7.36842105263158,14197.017142857145,5.564285714285714,0.1539760061190085,1.1007691842978944
7181,197808.0,24,8242.0,0,2,14911.8,7455.9,8241.8,6670.0,0.0,8241.8,0.0,0,1997-10-02,900.0,64942.89333333333,28961.92974025105,15,125,224283.1,180400.0,72927.46363636364,0.0,43883.1,0.0,0.004028125265564,4.111842105263158,54545.64992,3.648,0.1511027920755769,1.1229475602637276
6118,349392.0,48,7279.0,0,2,13621.3,6810.65,7279.3,6342.0,0.0,7279.3,0.0,0,1997-10-04,900.0,59951.0751724138,27491.435997699893,145,657,947771.1,883735.2,61432.75,0.0,64050.3,0.0,0.999999999989392,21.61184210526316,43854.24876712329,6.709284627092846,0.1659816369673424,1.0247147330231845
7264,44940.0,12,3745.0,0,1,3744.7,3744.7,3744.7,0.0,0.0,3744.7,0.0,1,1997-10-07,200.0,52484.8225,27425.065485451,40,238,299037.0,222051.0,58747.05263157895,0.0,76986.0,0.0,0.9999999999664146,7.828947368421053,38196.32268907563,5.109243697478991,0.0980460875646186,1.1193150671393772
5343,44952.0,24,1873.0,0,3,9385.8,3128.6,7355.0,7355.0,0.0,1872.8,158.0,0,1997-10-08,1000.0,51453.80112359551,23458.498481343675,89,433,450344.7,398626.4,63044.17272727273,0.0,51718.3,0.0,0.9999999999776594,14.24342105263158,31617.734133949198,6.248498845265589,0.0592389066045216,1.225257830098573
5051,230400.0,60,3840.0,0,5,13567.2,2713.44,8537.0,8537.0,2.0,3840.2,1188.0,0,1997-10-11,20574.0,79500.5380952381,22324.05166043614,168,446,1082326.7,1033049.4,61550.99230769231,0.0,49277.3,0.0,0.9999999999907218,14.671052631578949,73772.94098654708,11.451121076233182,0.0520516052109096,0.7742210779279852
5779,107352.0,36,2982.0,0,2,16410.5,8205.25,13428.0,13428.0,0.0,2982.5,0.0,0,1997-10-14,600.0,57995.119047619046,31107.14727280795,84,522,535431.6,474306.0,78586.23448275862,0.0,61126.0,0.0,0.9999999999812332,17.17105263157895,31182.223448275858,4.8919540229885055,0.0956314101202609,1.355049110334302
6605,79344.0,48,1653.0,0,2,5957.0,2978.5,4304.0,4304.0,0.0,1653.0,0.0,0,1997-10-14,300.0,23918.494285714285,6320.378998385796,105,567,159268.3,129264.4,26414.30526315789,0.0,30004.1,0.0,0.9999999999365362,18.651315789473685,8539.252768959435,5.62962962962963,0.1935766562705535,1.1043464917392734
6655,260400.0,60,4340.0,1,3,16221.0,5407.0,10965.0,916.0,0.0,4340.0,10965.0,0,1997-10-17,600.0,37448.404724409455,22540.647194729765,127,557,635745.2,614690.0,33739.12857142857,0.0,21054.8,0.0,0.9999999999842092,18.322368421052637,34697.763159784554,6.931418312387791,0.1250801090192278,0.9009496882634196
6534,590820.0,60,9847.0,0,3,16919.0,5639.666666666667,9847.0,3683.0,0.0,9847.0,3389.0,0,1997-10-19,300.0,27937.97837837838,7850.946892728123,111,521,286298.8,255439.2,27289.7375,0.0,30859.3,0.0,0.9999999999648342,17.138157894736842,16705.342648752398,6.476775431861804,0.5894521412190776,0.9767971440393112
5681,68664.0,24,2861.0,0,1,2860.7,2860.7,2860.7,0.0,0.0,2860.7,0.0,0,1997-10-20,700.0,36855.82328767124,15663.928694070411,73,501,290134.5,253492.0,35064.99333333333,0.0,36642.4,0.0,0.9999999999651944,16.480263157894736,17604.967664670658,4.4295409181636725,0.1625109487770486,0.9514098504902736
6607,153144.0,36,4254.0,0,3,11738.7,3912.9,4780.0,4780.0,0.0,4253.7,2705.0,0,1997-10-21,300.0,58553.67719298246,25207.977930295023,171,560,1078143.0,1020427.2,59869.30740740741,0.0,57715.7,0.0,0.9999999999906896,18.42105263157895,58527.76285714285,9.282857142857145,0.0726834546821226,1.0224687887639263
6242,26208.0,36,728.0,0,2,3883.0,1941.5,3155.0,3155.0,0.0,728.0,0.0,0,1997-10-22,1000.0,27419.85,12688.119619442146,12,129,45747.8,8100.0,33190.02222222222,0.0,37647.8,0.0,0.999999999780007,4.243421052631579,10780.876899224808,2.827906976744186,0.067526974487305,1.210437774463312
7242,48096.0,24,2004.0,0,2,5803.2,2901.6,3799.0,3799.0,0.0,2004.2,0.0,0,1997-10-23,800.0,33044.0156626506,8252.713497278717,83,454,220800.9,188448.0,36817.65789473684,0.0,32352.9,0.0,0.121460632594305,14.93421052631579,14784.906079295151,5.557709251101322,0.1355436407845007,1.1142004730741473
7277,89280.0,12,7440.0,0,3,17452.5,5817.5,9783.0,9783.0,0.0,7440.5,229.0,1,1997-10-24,900.0,60522.040384615386,20954.26377318421,52,261,427133.2,365013.4,55362.00833333333,0.0,62119.7,0.0,0.0021176071979323,8.585526315789474,49750.38038314176,6.056704980842912,0.1495465952462471,0.9147412739617228
6675,238716.0,36,6631.0,0,3,18316.7,6105.566666666667,9538.0,9538.0,0.0,6630.7,2148.0,0,1997-11-01,1000.0,65133.5358490566,20947.36382999832,106,503,686393.2,603354.0,68058.74545454545,0.0,83069.1,0.0,0.008502802992862,16.54605263157895,41483.80373757455,6.406361829025845,0.1598455156221709,1.0449109595680288
5398,53472.0,12,4456.0,0,1,4456.0,4456.0,4456.0,0.0,0.0,4456.0,0.0,1,1997-11-04,300.0,64144.50223880597,28468.555790705144,134,617,1008742.4,944458.0,73588.51818181819,0.0,64314.3,0.0,0.9999999999900392,20.29605263157895,49701.408363047,6.6022690437601295,0.0896554070772868,1.14723032531113
5956,168264.0,36,4674.0,0,2,18136.2,9068.1,13462.0,13462.0,0.0,4674.2,0.0,0,1997-11-04,700.0,40044.576,17004.86638936729,25,204,183813.7,156253.2,42070.94666666667,0.0,27575.2,0.0,0.0038252829341108,6.710526315789474,27391.84549019608,3.725490196078431,0.1706347241176773,1.0506028745606055
5731,460980.0,60,7683.0,1,1,7683.2,7683.2,7683.2,0.0,0.0,7683.2,0.0,0,1997-11-05,400.0,45410.15,26778.69846068326,26,181,175342.8,156179.2,56514.55294117647,0.0,19163.5,0.0,0.9999999999426642,5.953947368421053,29449.840441988945,4.366850828729281,0.2608842656558812,1.2445357024526702
6956,59448.0,24,2477.0,0,1,2476.8,2476.8,2476.8,0.0,0.0,2476.8,0.0,0,1997-11-09,200.0,29114.62258064516,14649.67811136306,93,502,290341.2,256471.2,27808.08888888889,0.0,33869.8,0.0,0.0727905469317817,16.513157894736842,17582.415298804783,5.631872509960159,0.1408793932173578,0.9551244843484225
6437,63972.0,36,1777.0,1,1,1776.7,1776.7,1776.7,0.0,0.0,1776.7,0.0,0,1997-11-09,300.0,21532.34545454545,11004.95272532905,11,115,46252.6,7200.0,25066.2,0.0,39052.7,0.0,0.0738488270908234,3.782894736842105,12226.774260869564,2.9078260869565216,0.1453367798106589,1.16411842087864
5447,541200.0,60,9020.0,1,5,14286.0,2857.2,9020.0,2036.0,485.0,9020.0,2745.0,0,1997-11-12,-17030.4,12006.396551724138,14745.172610902391,174,587,312545.3,306184.4,-4611.825925925926,20.0,6360.9,355.4,0.9999999999677344,19.30921052631579,16186.33240204429,9.011243611584328,0.5572602718382452,-0.3841140763772723
5973,219456.0,48,4572.0,0,1,4572.0,4572.0,4572.0,0.0,0.0,4572.0,0.0,0,1997-11-24,400.0,44366.05454545455,22683.877974868567,11,108,118723.8,41600.0,50864.62222222223,0.0,77123.8,0.0,0.003384667456136,3.5526315789473686,33418.55111111111,3.096296296296296,0.1368102400200044,1.146476123060366
6075,129312.0,24,5388.0,1,1,5388.5,5388.5,5388.5,0.0,0.0,5388.5,0.0,0,1997-11-26,-8657.3,45330.9197368421,32759.94939605866,152,684,988727.0,917210.2,47393.16,4.0,71516.6,34.599999999999994,0.9999999999898498,22.5,43943.42222222222,6.755555555555556,0.1226122073862777,1.045493015907791
5281,194256.0,24,8094.0,0,1,8094.2,8094.2,8094.2,0.0,0.0,8094.2,0.0,0,1997-11-27,400.0,51370.480597014925,27095.34018474373,134,689,892289.6,824546.8,61271.45333333334,0.0,67742.6,0.0,0.9999999999887424,22.664473684210527,39369.52661828737,5.912336719883889,0.2055904831272313,1.1927366185662351
5103,12540.0,12,1045.0,0,4,8218.0,2054.5,3936.0,3936.0,955.0,1045.0,2282.0,1,1997-11-28,200.0,41922.04671052632,9731.975450036936,152,623,346716.2,292154.0,47087.28,0.0,54562.2,0.0,0.9999999999708749,20.49342105263158,16918.414895666134,7.417014446227929,0.0617670157533505,1.1232104270554286
6468,203940.0,60,3399.0,0,2,9509.0,4754.5,6110.0,6110.0,0.0,3399.0,0.0,0,1997-11-30,400.0,42000.78888888889,13429.797196148776,54,358,288598.9,237517.6,43657.4125,0.0,51081.3,0.0,0.9999999999651202,11.776315789473683,24506.722234636876,4.585474860335196,0.1386966386638608,1.039442678210145
7209,385560.0,60,6426.0,1,1,6426.3,6426.3,6426.3,0.0,0.0,6426.3,0.0,0,1997-11-30,700.0,29028.266101694917,19243.80993883317,59,424,235902.5,225487.6,19416.04117647059,0.0,10414.7,0.0,0.999999999957238,13.947368421052632,16913.764150943396,4.230188679245283,0.3799272556276188,0.6688667212075836
5584,24792.0,24,1033.0,0,3,5724.0,1908.0,3301.0,3301.0,0.0,1033.0,1390.0,0,1997-12-06,500.0,47061.86,12246.407730001189,135,606,519533.9,450345.0,55772.909523809525,0.0,72489.8,0.0,0.9999999999806178,19.93421052631579,26062.426666666663,6.772277227722772,0.0396356031161453,1.1850978586897871
4988,265320.0,36,7370.0,1,1,7370.2,7370.2,7370.2,0.0,0.0,7370.2,0.0,0,1997-12-06,379.0,46266.57469879519,28827.091843999817,83,636,368306.7,348328.3,15316.033333333336,0.0,19992.8,18.5,0.9999999999725766,20.92105263157895,17604.596981132076,3.967295597484276,0.4186406541264463,0.3310388423982851
6502,30276.0,12,2523.0,0,4,10614.2,2653.55,6817.0,6817.0,164.0,2523.2,1110.0,1,1997-12-08,900.0,61588.33719512195,22716.440103874163,164,498,1008878.1,981031.4,68219.6888888889,0.0,27846.6,0.0,0.9999999999900504,16.38157894736842,61586.13301204819,10.01124497991968,0.0409670144267176,1.1076721987424505
5651,19248.0,12,1604.0,0,2,10853.0,5426.5,9249.0,9249.0,0.0,1604.0,0.0,1,1997-12-08,200.0,36065.975000000006,11241.910004472638,72,422,297867.9,254432.4,31603.052631578947,0.0,56435.5,0.0,0.9999999999662276,13.88157894736842,21457.782369668246,5.1867298578199055,0.0747514338443392,0.8762567107312743
4962,30276.0,12,2523.0,0,4,10614.2,2653.55,6817.0,6817.0,164.0,2523.2,1110.0,1,1997-12-08,900.0,62991.26463414634,22476.347979775182,164,498,1009153.3,977531.4,68836.62857142858,0.0,31621.9,0.0,0.9999999999900504,16.38157894736842,61602.93236947791,10.01124497991968,0.0409558425637624,1.0927964212229138
5862,100128.0,24,4172.0,0,2,10307.0,5153.5,6135.0,6135.0,0.0,4172.0,0.0,0,1997-12-09,700.0,56496.39136690648,21125.21965571244,139,589,702641.0,647617.2,70865.77777777778,0.0,55023.7,0.0,0.9999999999856763,19.375,36265.34193548387,7.174193548387096,0.1150409668347147,1.2543416676829549
7199,45768.0,12,3814.0,0,4,17756.7,4439.175,10340.0,10340.0,2670.0,3813.7,933.0,1,1997-12-09,900.0,59138.44178082192,25823.684557712564,146,447,855021.9,778632.8,60405.54285714286,0.0,76389.2,0.0,0.9999999999882614,14.703947368421051,58149.14040268456,9.929306487695747,0.0655899635477332,1.021426013739131
6727,42840.0,12,3570.0,0,1,3570.0,3570.0,3570.0,0.0,0.0,3570.0,0.0,1,1997-12-10,1100.0,35642.19777777778,9970.089426002904,45,265,160925.8,103158.4,39270.62,0.0,57767.4,0.0,0.9999999999371544,8.717105263157896,18460.921962264147,5.162264150943396,0.1933814576197007,1.1018013040000147
7279,155760.0,24,6490.0,0,2,18644.5,9322.25,12154.0,12154.0,0.0,6490.5,0.0,0,1997-12-11,200.0,51964.019277108426,24707.291006253043,83,333,589384.0,533936.8,54747.10344827586,0.0,55447.1,0.0,0.9999999999829836,10.953947368421051,53805.626426426425,7.577177177177177,0.1206193558152919,1.0535579079399249
6544,130464.0,48,2718.0,0,5,8742.0,1748.4,2718.0,2302.0,1347.0,2718.0,2375.0,0,1997-12-11,1000.0,53546.70890052356,24632.060431052567,191,664,797971.0,765042.6,55916.65151515151,0.0,32928.2,0.0,0.9999999999874016,21.842105263157897,36533.612048192765,8.744578313253012,0.074397242617856,1.0442593513746683
5933,87528.0,24,3647.0,0,1,3647.0,3647.0,3647.0,0.0,0.0,3647.0,0.0,0,1997-12-13,800.0,42728.93157894737,13891.271413336684,57,366,290163.1,215347.0,52303.1625,0.0,74816.0,0.0,0.0135244793070776,12.039473684210527,24100.978797814205,4.7344262295081965,0.15132165498679,1.22406904537555
6574,77544.0,36,2154.0,0,2,12313.8,6156.9,10160.0,10160.0,0.0,2153.8,0.0,0,1997-12-20,700.0,37934.865625,22908.16296637593,64,386,356453.0,335702.8,23798.810526315792,0.0,20750.2,0.0,0.99999999997183,12.697368421052632,28072.982383419687,5.040414507772021,0.0767285773137127,0.6273598213132512
6399,49320.0,36,1370.0,0,3,5935.0,1978.3333333333333,3738.0,3738.0,0.0,1370.0,827.0,0,1997-12-21,900.0,35987.26296296296,8500.999900341789,81,425,169368.3,142681.4,33015.91904761905,0.0,26686.8,0.0,0.9999999999403552,13.980263157894738,12114.814870588234,5.793882352941176,0.1130846829690458,0.9174334561765292
7187,24180.0,60,403.0,0,5,4058.0,811.6,2714.0,2714.0,85.0,403.0,856.0,0,1997-12-24,1100.0,78724.20970149254,16373.293143798604,134,534,416751.8,327630.2,83366.79310344828,0.0,89121.5,0.0,0.9999999999757172,17.565789473684212,23725.19610486891,7.628464419475654,0.0169861609593791,1.058972753222545
6353,116496.0,24,4854.0,0,1,4853.8,4853.8,4853.8,0.0,0.0,4853.8,0.0,0,1997-12-25,600.0,41285.01833333333,14317.07448670923,120,684,703252.7,678982.2,42660.75882352941,0.0,24270.5,0.0,0.000857694231994,22.5,31255.675555555557,5.333333333333333,0.1552997947466928,1.033322995493309
5043,468060.0,60,7801.0,0,3,11936.2,3978.7333333333336,7801.2,4087.0,0.0,7801.2,48.0,0,1997-12-25,400.0,59623.21607142857,25407.637815788745,112,470,823643.5,728409.0,67141.048,0.0,102734.6,0.0,0.0004880899940271,15.460526315789474,53273.962553191486,7.244255319148936,0.146431758117237,1.1260890037918143
5469,293160.0,60,4886.0,0,1,4886.0,4886.0,4886.0,0.0,0.0,4886.0,0.0,0,1997-12-26,800.0,49740.62371134021,29394.413057581954,97,537,595596.4,580755.4,21149.715384615385,0.0,14840.8,0.0,0.9999999999831148,17.664473684210527,33717.189124767225,5.491247672253259,0.1449112492880326,0.4252000437932089
5976,465504.0,48,9698.0,1,5,17025.0,3405.0,9698.0,1922.0,3142.0,9698.0,2263.0,0,1997-12-27,1100.0,26347.124418604653,9532.79994740063,86,374,228252.6,210978.2,26168.82857142857,0.0,17274.4,0.0,0.99999999995598,12.302631578947368,18553.152513368987,6.990374331550802,0.5227144005734171,0.9932328153055476
6059,79824.0,12,6652.0,0,2,14557.5,7278.75,7905.0,7905.0,0.0,6652.5,0.0,1,1997-12-28,300.0,49309.00967741936,26233.474473140293,31,182,243074.8,205005.0,45650.52777777778,0.0,38069.7,0.0,0.9999999999587252,5.986842105263158,40601.505054945046,5.178021978021977,0.1638362910281193,0.9258050013003
5799,106128.0,36,2948.0,0,1,2948.0,2948.0,2948.0,0.0,0.0,2948.0,0.0,0,1997-12-28,900.0,36071.94230769231,15711.303814237472,52,337,245718.3,194623.0,46307.6375,0.0,51095.2,0.0,0.0683102019417968,11.085526315789474,22165.68640949555,4.69080118694362,0.1329983626136262,1.2837578052260123
6147,177504.0,48,3698.0,0,1,3697.8,3697.8,3697.8,0.0,0.0,3697.8,0.0,0,1997-12-28,14855.3,44723.35581395349,35436.029353100355,86,536,425448.4,405467.0,19110.266666666663,0.0,19981.3,0.0,0.9999999999763426,17.63157894736842,24129.909253731345,4.877611940298507,0.1532537880512592,0.4272994795357318
6254,247920.0,48,5165.0,0,2,14688.2,7344.1,9523.0,9523.0,0.0,5165.2,0.0,0,1997-12-28,1000.0,54799.85662650602,24844.513821660523,83,412,471108.2,451048.4,67529.47727272728,0.0,20059.8,0.0,0.9999999999786509,13.55263157894737,34761.381747572814,6.124271844660194,0.1485844272825776,1.232292955083046
7100,348120.0,60,5802.0,0,1,5802.3,5802.3,5802.3,0.0,0.0,5802.3,0.0,0,1997-12-31,600.0,58819.487692307695,22066.35064076996,65,395,508230.4,454608.8,56158.26666666667,0.0,53621.6,0.0,0.0011871714255517,12.99342105263158,39114.440911392405,5.00253164556962,0.148333962171674,0.9547561337305456
7147,267600.0,48,5575.0,0,1,5575.3,5575.3,5575.3,0.0,0.0,5575.3,0.0,0,1998-01-02,200.0,62460.22678571429,31861.59331757581,112,678,736200.9,724638.0,62666.426666666666,0.0,11562.7,0.0,0.999999999986332,22.30263157894737,33009.59787610619,5.021828908554572,0.1688902730422695,1.003301298786935
5909,61320.0,60,1022.0,0,4,4166.0,1041.5,1607.0,1113.0,424.0,1022.0,1607.0,0,1998-01-03,700.0,23137.19054054054,4868.0898129165225,74,331,106248.7,85130.2,23705.170370370368,0.0,21118.6,0.0,0.9999999999049972,10.888157894736842,9758.188761329304,6.796374622356495,0.1047325506760798,1.0245483486246587
7037,218064.0,48,4543.0,0,3,16324.7,5441.566666666667,7678.0,7678.0,0.0,4542.7,4104.0,0,1998-01-03,400.0,54315.558974358966,14925.629654032196,39,241,220028.9,177334.8,58256.60833333334,0.0,42694.0,0.0,0.0018310993919911,7.927631578947369,27754.68282157676,4.919502074688796,0.1636840899090148,1.0725583870012136
5782,63576.0,12,5298.0,0,1,5297.7,5297.7,5297.7,0.0,0.0,5297.7,0.0,0,1998-01-04,500.0,59128.5875,21405.4915018847,32,202,210464.4,166829.2,66668.18421052632,0.0,43635.1,0.0,0.0062527355715119,6.644736842105264,31673.850297029698,4.815841584158416,0.1672673182655081,1.1275118689289034
6237,407952.0,48,8499.0,1,1,8499.0,8499.0,8499.0,0.0,0.0,8499.0,0.0,0,1998-01-06,-1449.6,14785.585897435896,6609.171562045565,78,478,140084.5,129320.6,12229.192307692309,1.0,10778.5,0.0,0.9999999999281228,15.723684210526317,8909.139748953974,4.960669456066945,0.9539641570285424,0.8271023133105643
6552,170448.0,48,3551.0,0,2,13180.0,6590.0,9629.0,9629.0,0.0,3551.0,0.0,0,1998-01-08,1000.0,39297.33529411765,12622.471304730285,85,473,373246.6,331590.6,38010.85789473685,0.0,41656.1,0.0,0.9999999999730368,15.55921052631579,23988.787822410148,5.4630021141649046,0.1480274878750817,0.9672629861687846
7067,136368.0,24,5682.0,0,2,15216.8,7608.4,9535.0,9535.0,0.0,5681.8,0.0,0,1998-01-11,600.0,60593.8406779661,21974.288190104475,59,260,470431.6,418532.6,66757.28749999999,0.0,51899.0,0.0,0.9999999999786504,8.552631578947368,55004.31015384616,6.898461538461539,0.103300995559703,1.1017173815367334
5320,143676.0,36,3991.0,0,4,14445.8,3611.45,8253.0,966.0,8253.0,3990.8,1236.0,0,1998-01-11,700.0,28370.441666666666,16621.38665670709,72,447,221278.9,204805.0,14387.23,0.0,16473.5,0.0,0.9999999999543528,14.703947368421051,15048.945324384787,4.896644295302013,0.2652013088838265,0.5071204094729624
5930,66696.0,24,2779.0,0,2,15038.7,7519.35,12260.0,12260.0,0.0,2778.7,0.0,0,1998-01-12,1000.0,58360.68125,27018.40143712475,16,110,120595.1,53174.6,62184.72666666667,0.0,67420.5,0.0,0.9999999999167576,3.618421052631579,33328.10036363636,4.421818181818182,0.0833830902105144,1.0655243448860772
6486,152160.0,60,2536.0,0,2,11671.7,5835.85,9136.0,9136.0,0.0,2535.7,0.0,0,1998-01-15,500.0,28077.73140495868,9880.246623423533,121,632,359876.2,339889.6,23503.63,0.0,19986.6,0.0,0.0209835992182634,20.789473684210527,17310.50075949367,5.820253164556962,0.146500672266466,0.8370914890751543
5245,125472.0,24,5228.0,0,2,20109.7,10054.85,14882.0,14882.0,0.0,5227.7,0.0,0,1998-01-17,800.0,71376.04415584415,25109.194803138787,77,281,601541.3,559389.0,84498.39677419355,0.0,42152.2,0.0,0.9999999999833112,9.24342105263158,65077.77765124556,8.330249110320285,0.080334642452201,1.1838481350669876
6643,35856.0,24,1494.0,0,2,6709.0,3354.5,5215.0,5215.0,0.0,1494.0,0.0,0,1998-01-18,600.0,55660.65578947368,13977.180083878637,95,519,415868.9,338535.2,66283.2,0.0,77333.8,0.0,0.9999999999757456,17.072368421052634,24359.180269749515,5.564547206165702,0.0613321131024267,1.19084475466469
5260,123300.0,36,3425.0,0,1,3425.2,3425.2,3425.2,0.0,0.0,3425.2,0.0,0,1998-01-19,800.0,55026.62,25548.05400167749,90,565,622069.2,572470.0,61793.06399999999,0.0,49599.2,0.0,0.9999999999838534,18.58552631578948,33470.62598230088,4.842477876106194,0.1023285313154238,1.1229667384398738
5569,504000.0,60,8400.0,0,2,12647.0,6323.5,8400.0,4247.0,0.0,8400.0,0.0,0,1998-01-20,200.0,20942.59435483871,7160.246306640331,124,664,271151.6,245174.2,25458.704545454544,0.0,25977.1,0.0,0.9999999999628943,21.842105263157897,12414.169638554216,5.677108433734939,0.676646142094432,1.2156423460217562
7110,31260.0,12,2605.0,0,2,9347.0,4673.5,6742.0,6742.0,0.0,2605.0,0.0,0,1998-01-21,1000.0,25084.423664122136,8521.249762977905,131,654,261214.5,247282.2,17397.56818181818,0.0,13932.4,0.0,0.9999999999613656,21.51315789473684,12142.080733944957,6.089296636085627,0.214543129380775,0.6935606098762416
7139,23412.0,12,1951.0,0,2,5185.0,2592.5,3234.0,3234.0,0.0,1951.0,0.0,0,1998-01-22,800.0,54304.50852713179,14228.94749867343,129,603,530829.5,478263.0,63281.350000000006,0.0,52566.3,0.0,0.9999999999810184,19.83552631578948,26761.5535655058,6.503482587064676,0.0729030919111401,1.1653056386051284
6791,566640.0,60,9444.0,0,5,17216.0,3443.2,9444.0,3912.0,1142.0,9444.0,2718.0,0,1998-01-23,200.0,36640.32207792207,10665.199718854725,77,308,211480.3,181580.0,36297.84571428572,0.0,29900.3,0.0,0.9999999999522629,10.13157894736842,20873.380259740257,7.6,0.4524422914716304,0.9906530195664068
5360,176328.0,36,4898.0,0,5,14433.2,2886.6400000000003,8404.0,8404.0,121.0,4898.2,1010.0,0,1998-01-25,400.0,47164.91871345029,16696.592829496705,171,625,654714.4,618291.0,59851.8935483871,0.0,36423.3,0.0,0.0072167797806219,20.55921052631579,31845.308416,8.31744,0.1538060154569281,1.2689917669386097
5287,64224.0,24,2676.0,0,2,12425.0,6212.5,9749.0,9749.0,0.0,2676.0,0.0,0,1998-01-26,900.0,45735.83829787234,19455.06988026239,47,440,201968.6,178316.0,35173.075,0.0,23652.7,0.0,0.9999999999496176,14.473684210526317,13954.19418181818,3.247272727272727,0.1917702995396918,0.7690484377531522
6553,42384.0,12,3532.0,0,3,6934.0,2311.333333333333,3532.0,3077.0,0.0,3532.0,325.0,0,1998-01-26,700.0,48865.98409090909,24319.34488749796,132,475,567076.3,543621.8,45631.846666666665,0.0,23454.4,0.0,0.9999999999822824,15.625,36292.8832,8.448,0.0973193554108924,0.9338161812608976
7072,22104.0,12,1842.0,0,3,7913.0,2637.6666666666665,4205.0,4205.0,0.0,1842.0,1866.0,0,1998-01-27,700.0,44135.94383561644,9993.711593699896,73,379,185282.5,145970.2,45675.20384615385,0.0,39312.2,0.0,0.9999999999455054,12.467105263157896,14861.70976253298,5.855408970976253,0.1239426706746982,1.0348754295574056
6044,57060.0,12,4755.0,0,4,9366.0,2341.5,4755.0,286.0,3913.0,4755.0,412.0,0,1998-01-27,900.0,46000.645348837206,21829.5255600712,86,415,442838.5,366396.0,55217.34117647058,0.0,84842.4,0.0,0.9999999999772928,13.651315789473683,32439.25397590361,6.299759036144578,0.146581669296904,1.2003601415966385
5332,37944.0,36,1054.0,0,1,1054.0,1054.0,1054.0,0.0,0.0,1054.0,0.0,0,1998-01-29,500.0,61295.969158878506,18670.113397526355,107,594,510519.7,437604.4,81391.39565217392,0.0,72915.1,0.0,0.9999999999802416,19.539473684210527,26127.607542087542,5.476094276094276,0.0403404712007696,1.327842544228803
6866,122472.0,24,5103.0,0,2,18564.0,9282.0,13461.0,13461.0,0.0,5103.0,0.0,0,1998-02-05,1000.0,48395.94017857143,20832.49060008441,112,465,716960.9,689093.6,44301.91333333334,0.0,27867.4,0.0,0.0036510033939776,15.296052631578949,46872.28249462365,7.322150537634408,0.1088703115641236,0.9154055724656656
6633,160656.0,24,6694.0,0,1,6694.2,6694.2,6694.2,0.0,0.0,6694.2,0.0,0,1998-02-05,400.0,52422.491095890415,30895.46728961792,146,651,935086.3,839443.4,41272.72857142857,0.0,137843.0,0.0,0.9999999999892596,21.414473684210527,43666.08835637481,6.817818740399385,0.1532997401515528,0.7873095631426601
6926,374760.0,60,6246.0,0,4,17445.8,4361.45,7793.0,2789.0,7793.0,6245.8,618.0,0,1998-02-07,1000.0,56102.47410714285,20395.42933231177,112,461,624949.8,579025.6,54598.293333333335,0.0,45924.3,0.0,0.004347574053608,15.164473684210527,41211.44017353579,7.385683297180043,0.1515598574615044,0.9731886907399347
6442,194160.0,48,4045.0,0,5,11885.0,2377.0,6359.0,6359.0,15.0,4045.0,1466.0,0,1998-02-08,900.0,28548.36541353384,7771.536283071562,133,520,238028.2,208314.2,27170.58333333333,0.0,29713.9,0.0,0.9999999999576774,17.105263157894736,13915.49476923077,7.775384615384616,0.2906831603312636,0.9517386698061272
5889,321240.0,60,5354.0,0,1,5353.5,5353.5,5353.5,0.0,0.0,5353.5,0.0,0,1998-02-09,700.0,76826.46397058823,26697.237226240733,136,524,918066.4,880988.0,78990.7625,0.0,37078.3,0.0,0.9999999999890448,17.236842105263158,53261.86748091604,7.890076335877863,0.1005221981920393,1.0281712629642648
5765,153936.0,24,6414.0,0,1,6413.7,6413.7,6413.7,0.0,0.0,6413.7,0.0,0,1998-02-10,1100.0,58031.62727272727,30735.93571496045,11,115,174775.4,74100.0,66407.32222222222,0.0,100675.4,0.0,0.0063120807483653,3.782894736842105,46201.49704347826,2.9078260869565216,0.1388266703257643,1.1443298306747278
5124,156096.0,36,4336.0,0,2,11730.8,5865.4,7395.0,7395.0,0.0,4335.8,0.0,0,1998-02-12,700.0,51641.833333333336,19462.195793041104,33,187,171453.9,142982.0,55083.05454545454,0.0,28471.9,0.0,0.0058789984534777,6.151315789473684,27872.719572192516,5.364705882352942,0.1555642960211966,1.066636309738323
5491,428784.0,48,8933.0,0,4,12954.0,3238.5,8933.0,2637.0,713.0,8933.0,671.0,0,1998-02-13,1100.0,22133.73545454545,11407.190986049878,110,436,213844.2,205137.0,21119.79375,0.0,8707.1,0.0,0.9999999999529434,14.342105263157896,14910.237798165135,7.669724770642201,0.5991185462587401,0.954190212665656
6730,93036.0,12,7753.0,0,1,7753.3,7753.3,7753.3,0.0,0.0,7753.3,0.0,0,1998-02-15,400.0,53890.64326923077,24474.845483946592,104,447,777279.9,719812.0,42535.11935483871,0.0,57467.8,0.0,0.0062145576011003,14.703947368421051,52861.98872483221,7.0729306487695744,0.1466649323182072,0.7892857974332543
7151,133800.0,24,5575.0,0,3,15011.3,5003.766666666666,8594.0,8594.0,0.0,5575.3,842.0,0,1998-02-18,300.0,45733.43548387097,20414.41994525505,93,405,461096.0,424969.4,52885.757575757576,0.0,36126.5,0.0,0.9999999999781995,13.322368421052632,34610.66271604938,6.980740740740741,0.1610775281631354,1.1563915329047416
5140,178500.0,60,2975.0,0,4,7604.0,1901.0,2975.0,878.0,2211.0,2975.0,1540.0,0,1998-02-24,1000.0,21491.790625,8412.09621056391,64,304,96513.6,77116.0,16015.453125,0.0,19397.6,0.0,0.9999999998954892,10.0,9651.36,6.4,0.3082467130971731,0.7451893328477885
7171,196224.0,48,4088.0,0,2,14444.0,7222.0,10356.0,10356.0,0.0,4088.0,0.0,0,1998-02-24,300.0,72465.66956521738,30856.626329016868,23,168,306750.3,226070.6,81262.86666666667,0.0,80679.6,0.0,0.0009831005023321,5.526315789473684,55507.19714285714,4.161904761904762,0.0736481070867686,1.1213981343582016
6568,220440.0,60,3674.0,0,2,12091.7,6045.85,8418.0,8418.0,0.0,3673.7,0.0,0,1998-02-25,600.0,38280.102666666666,18059.022445730505,75,641,292510.9,261109.0,40248.668,0.0,31401.9,0.0,0.999999999965476,21.08552631578948,13872.59182527301,3.5569422776911077,0.2648387585842712,1.0514252884837023
6861,215040.0,60,3584.0,0,1,3583.7,3583.7,3583.7,0.0,0.0,3583.7,0.0,0,1998-02-28,1000.0,37189.77195121951,12651.725211135925,82,403,304774.4,266770.8,37187.980769230766,0.0,38003.2,0.0,0.0033109513024186,13.25657894736842,22990.426203473948,6.18560794044665,0.1558909768231931,0.9999518364352808
6855,52236.0,36,1451.0,0,2,6493.0,3246.5,5042.0,5042.0,0.0,1451.0,0.0,0,1998-03-01,600.0,33782.061386138615,7816.654293992667,101,444,160519.4,123086.0,38670.409375,0.0,37433.1,0.0,0.9999999999364456,14.605263157894738,10990.517477477477,6.915315315315315,0.1320229008009186,1.144702477493577
7129,194280.0,60,3238.0,0,5,7595.0,1519.0,3238.0,2171.0,100.0,3238.0,2086.0,0,1998-03-01,300.0,48180.3778761062,13378.64468669416,113,426,372115.0,341476.0,47438.7,0.0,30638.8,0.0,0.9999999999729448,14.013157894736842,26554.68544600939,8.063849765258215,0.1219370496918174,0.9846062252176716
5384,23328.0,12,1944.0,0,2,11712.0,5856.0,9768.0,9768.0,0.0,1944.0,0.0,0,1998-03-07,1000.0,40311.63703703704,15155.25150503558,27,187,121433.2,93625.2,45842.80588235294,0.0,27807.9,0.0,0.9999999999170364,6.151315789473684,19741.012192513368,4.389304812834225,0.098475193675859,1.1372102261404553
6859,272220.0,60,4537.0,0,4,10919.3,2729.825,4950.0,4950.0,545.0,4537.3,887.0,0,1998-03-07,500.0,39041.91875,24359.757099878625,80,339,306593.3,269128.6,25337.126666666667,0.0,37464.6,0.0,0.9999999999671396,11.151315789473683,27493.912448377578,7.174041297935103,0.1650183474930482,0.64897237306445
5772,334620.0,60,5577.0,0,1,5577.3,5577.3,5577.3,0.0,0.0,5577.3,0.0,0,1998-03-08,1100.0,64863.95428571428,22167.03882129744,35,243,287773.5,237829.4,73485.31176470588,0.0,49944.1,0.0,0.0038522959682622,7.99342105263158,36001.29382716049,4.378600823045267,0.154911099173981,1.1329144601589798
5665,40632.0,12,3386.0,0,5,6904.5,1380.9,3385.5,850.0,105.0,3385.5,2564.0,0,1998-03-11,1100.0,48478.5906779661,12051.539852408316,118,444,330588.3,281657.0,44925.57142857143,0.0,50935.1,0.0,0.0097498849815285,14.605263157894738,22634.874594594592,8.079279279279278,0.1495921695679588,0.926709518387946
6495,49044.0,12,4087.0,0,2,8689.8,4344.9,4603.0,4603.0,0.0,4086.8,0.0,0,1998-03-12,400.0,49296.52272727273,25514.535100547644,22,165,193616.0,168435.2,54215.560000000005,0.0,25180.7,0.0,0.9999999999481252,5.427631578947369,35672.281212121205,4.053333333333333,0.1145707496123224,1.0997846701874578
5061,84288.0,48,1756.0,0,2,7581.0,3790.5,5825.0,5825.0,0.0,1756.0,0.0,0,1998-03-13,500.0,25727.38235294117,8961.646333139917,85,446,272322.3,232796.0,25400.492307692304,0.0,39526.2,0.0,0.9999999999630734,14.671052631578949,18561.878744394617,5.79372197309417,0.0946024927344306,0.9872940802668002
6948,157068.0,36,4363.0,0,2,11596.7,5798.35,7234.0,7234.0,0.0,4362.7,0.0,0,1998-03-15,400.0,38742.92380952381,23121.177375382616,21,245,127635.2,89000.0,35429.2,0.0,38635.4,0.0,0.9999999999203054,8.05921052631579,15837.184,2.605714285714286,0.2754908951771408,0.914468927668956
5773,133848.0,24,5577.0,0,1,5577.3,5577.3,5577.3,0.0,0.0,5577.3,0.0,0,1998-03-16,600.0,42220.02946428571,33144.90770317254,112,697,539749.3,529763.0,18442.691666666666,0.0,20985.9,0.0,0.9999999999813656,22.92763157894737,23541.43288378766,4.88493543758967,0.2369014675173707,0.4368232778686065
6052,22356.0,36,621.0,0,2,4882.0,2441.0,4261.0,4261.0,0.0,621.0,0.0,0,1998-03-23,6392.0,25150.975925925926,7025.3438828055705,54,314,88528.1,71314.6,21687.88,0.0,17213.5,0.0,0.9999999998857196,10.328947368421051,8570.873375796178,5.228025477707006,0.0724546930105318,0.8623076915683735
6682,36204.0,12,3017.0,1,1,3017.2,3017.2,3017.2,0.0,0.0,3017.2,0.0,0,1998-03-30,-214.8,31916.89826086956,15511.883282067594,115,478,325736.1,322905.1,15419.943333333333,1.0,2830.7,24.5,0.0087609237765601,15.723684210526317,20716.27079497908,7.313807531380752,0.1456343194391374,0.4831278779807704
6083,240528.0,48,5011.0,0,1,5011.2,5011.2,5011.2,0.0,0.0,5011.2,0.0,0,1998-03-31,600.0,41135.01098901099,18746.19375190276,91,561,594030.4,583608.8,23732.63333333333,0.0,10421.7,0.0,0.0084558730264676,18.45394736842105,32189.88263814617,4.931194295900178,0.1556700300766267,0.5769448641670216
6962,279072.0,48,5814.0,0,1,5813.5,5813.5,5813.5,0.0,0.0,5813.5,0.0,0,1998-04-02,300.0,43095.51162790698,25143.86347498738,86,611,540704.2,519206.0,38484.59655172414,0.0,21498.3,0.0,0.9999999999814226,20.098684210526315,26902.467561374797,4.278887070376432,0.2161140045824758,0.8930070693921857
5158,188532.0,36,5237.0,0,1,5237.0,5237.0,5237.0,0.0,0.0,5237.0,0.0,0,1998-04-11,200.0,64193.40472972973,29366.481591170148,148,648,1157400.5,1135255.6,50614.44615384616,0.0,22144.8,0.0,0.9999999999913264,21.31578947368421,54297.80123456789,6.943209876543209,0.0964495776985799,0.7884680109905516
6464,49488.0,24,2062.0,0,1,2062.0,2062.0,2062.0,0.0,0.0,2062.0,0.0,0,1998-04-16,300.0,50541.553125,18485.31283321777,32,217,185726.0,126269.8,52301.65,0.0,59456.1,0.0,0.0472335781852949,7.1381578947368425,26018.757603686638,4.48294930875576,0.0792505172850884,1.0348247482679975
5172,50976.0,36,1416.0,0,4,8532.0,2133.0,4351.0,1930.0,4351.0,1416.0,835.0,0,1998-04-16,400.0,28050.29918699187,9147.726880698388,123,496,234586.3,213273.2,19179.13703703704,0.0,21313.1,0.0,0.9999999999570174,16.315789473684212,14377.869999999995,7.538709677419354,0.0984846850761033,0.6837409078008629
5582,41256.0,12,3438.0,0,5,11994.0,2398.8,8143.0,8143.0,226.0,3438.0,187.0,0,1998-04-17,900.0,63500.40697674418,21550.69725865508,215,682,1231352.4,1151449.8,59972.10625,0.0,79902.5,0.0,0.0049799983671729,22.43421052631579,54887.26240469208,9.58357771260997,0.0626374836118575,0.944436564989564
6136,140880.0,60,2348.0,0,2,13662.0,6831.0,11314.0,11314.0,0.0,2348.0,0.0,0,1998-04-19,800.0,45160.51162790698,26253.234957721645,43,251,239412.8,225653.4,29535.26842105263,0.0,13759.2,0.0,0.9999999999578646,8.256578947368421,28996.610039840634,5.20796812749004,0.0809749827984773,0.6540065059019663
6235,321360.0,60,5356.0,0,2,15964.0,7982.0,10608.0,10608.0,0.0,5356.0,0.0,0,1998-04-19,700.0,52905.40714285714,19287.97492844276,140,599,820039.6,768116.0,39283.340740740736,0.0,51923.7,0.0,0.0153158683421575,19.70394736842105,41618.03646076794,7.1051752921535885,0.1286942021823157,0.7425203368578414
6508,110736.0,48,2307.0,0,4,9666.8,2416.7,6901.0,6901.0,228.0,2306.8,231.0,0,1998-04-19,13026.6,30696.238181818186,11380.741722662877,55,254,148382.3,113787.0,24766.11153846154,0.0,34595.1,0.0,0.1072713694000087,8.355263157894738,17759.14141732283,6.58267716535433,0.1299049286499081,0.8068125932467756
4968,110736.0,48,2307.0,0,4,9666.8,2416.7,6901.0,6901.0,228.0,2306.8,231.0,0,1998-04-19,13841.0,31383.44909090909,10950.811532854588,55,254,148403.7,110987.0,26212.342307692303,0.0,37416.7,0.0,0.1072713694000087,8.355263157894738,17761.702677165355,6.58267716535433,0.1298861961959899,0.8352282192887781
6632,144960.0,48,3020.0,0,2,10178.0,5089.0,7158.0,7158.0,0.0,3020.0,0.0,0,1998-04-23,700.0,64162.669178082186,23329.248678918844,146,601,1004343.4,975098.2,49385.3052631579,0.0,29245.0,0.0,0.9999999999899938,19.769736842105264,50802.06216306157,7.385024958402662,0.0594464057327458,0.7696890713569458
7195,339168.0,48,7066.0,0,2,10794.0,5397.0,7066.0,3728.0,0.0,7066.0,0.0,0,1998-04-23,1000.0,28634.139215686275,8016.806960032865,51,292,105918.7,77241.0,31120.425,0.0,28677.8,0.0,0.9999999999046956,9.605263157894738,11027.15232876712,5.30958904109589,0.6407819338052245,1.0868294225545778
5525,93888.0,36,2608.0,0,3,13533.2,4511.066666666667,6206.0,6206.0,0.0,2608.2,4719.0,0,1998-04-27,200.0,69554.2923076923,29245.776818467417,91,315,693723.7,618565.0,51528.2,0.0,75158.7,0.0,0.999999999985536,10.361842105263158,66949.8427936508,8.782222222222222,0.0389545350785765,0.7408342214833078
6320,104964.0,12,8747.0,0,2,17353.0,8676.5,8747.0,8606.0,0.0,8747.0,0.0,0,1998-04-28,500.0,41026.3314516129,10342.270598892204,124,644,432869.1,400075.6,38015.45789473684,0.0,32793.3,0.0,0.9999999999767238,21.18421052631579,20433.572422360245,5.853416149068322,0.4280700317555607,0.9266111918953016
6766,74352.0,24,3098.0,0,2,10195.0,5097.5,7097.0,7097.0,0.0,3098.0,0.0,0,1998-04-28,1100.0,45497.74206349206,15938.03881118303,126,559,724145.0,671376.8,44455.958333333336,0.0,52767.8,0.0,0.0015309182865192,18.38815789473684,39381.05187835421,6.8522361359570665,0.0786672740175369,0.977102517780422
6872,191580.0,60,3193.0,0,3,6141.0,2047.0,3193.0,1784.0,0.0,3193.0,1164.0,0,1998-04-29,900.0,18241.44,6812.897166080388,30,176,43977.3,26710.6,20968.395,0.0,17266.7,0.0,0.999999999769314,5.789473684210527,7596.079090909091,5.181818181818182,0.4203484399758113,1.1494923091874918
5906,81144.0,36,2254.0,0,2,12732.5,6366.25,10479.0,10479.0,0.0,2253.5,0.0,0,1998-05-05,200.0,67815.17450980392,26169.159052547657,51,275,495722.6,429922.4,71917.646875,0.0,90314.9,0.0,0.9999999999797592,9.046052631578949,54799.88014545453,5.637818181818181,0.041131476813561,1.060494902272913
7172,45720.0,12,3810.0,0,3,7462.0,2487.333333333333,3810.0,1290.0,0.0,3810.0,2362.0,0,1998-05-07,700.0,41690.6,16927.38870265652,86,415,424726.3,395617.4,35254.218181818185,0.0,29123.4,0.0,0.0016560678324992,13.651315789473683,31112.48077108433,6.299759036144578,0.1224588944484424,0.8456155146090972
6571,140064.0,24,5836.0,0,1,5836.0,5836.0,5836.0,0.0,0.0,5836.0,0.0,0,1998-05-12,200.0,66051.94507042253,20781.86670185912,142,673,1014708.1,940834.0,70326.51052631579,0.0,73904.0,0.0,0.0025788866549302,22.13815789473684,45835.25444279346,6.4142644873699854,0.127325572197065,1.0647152092294738
5616,130896.0,24,5454.0,0,2,9928.0,4964.0,5454.0,4474.0,0.0,5454.0,0.0,0,1998-05-15,300.0,31685.09911504425,8392.463065320397,113,574,229428.3,185780.4,39206.295,0.0,43648.0,0.0,0.9999999999559658,18.88157894736842,12150.906480836236,5.984668989547038,0.4488554005508317,1.2373732790064371
6312,10944.0,36,304.0,0,4,3054.0,763.5,1514.0,1514.0,541.0,304.0,695.0,0,1998-05-17,300.0,22935.07212121212,5128.061515003215,165,659,143783.3,114748.2,25481.67692307692,0.0,29034.9,0.0,0.9999999999295466,21.67763157894737,6632.795629742032,7.611532625189681,0.0458328609098867,1.1110353949312044
6470,49872.0,12,4156.0,0,5,10137.5,2027.5,5030.0,5030.0,16.0,4156.5,935.0,0,1998-05-17,600.0,50265.36186046512,22598.989371999247,215,684,686516.2,610002.0,84849.13823529413,0.0,76514.2,0.0,0.9999999999853408,22.5,30511.83111111111,9.555555555555555,0.1362094586687872,1.688024020476608
5147,22260.0,60,371.0,0,2,3653.0,1826.5,3282.0,3282.0,0.0,371.0,0.0,0,1998-05-21,700.0,23066.61333333333,8114.044262605659,15,159,40077.6,8800.0,27871.63333333333,0.0,31277.6,0.0,0.999999999748206,5.230263157894737,7662.635471698112,2.8679245283018866,0.048416762207483,1.2083105967261003
5501,136344.0,24,5681.0,0,2,12748.0,6374.0,7067.0,7067.0,0.0,5681.0,0.0,0,1998-05-21,300.0,31673.896923076925,10787.938569689824,130,638,344140.1,304292.6,36431.68888888889,0.0,39847.5,0.0,0.999999999970728,20.98684210526316,16397.898181818182,6.19435736677116,0.3464468393171611,1.150211764781094
6436,495180.0,60,8253.0,0,1,8253.2,8253.2,8253.2,0.0,0.0,8253.2,0.0,0,1998-05-22,600.0,44813.422580645165,28179.088478784048,31,222,372964.7,338729.2,38118.47222222222,0.0,34235.5,0.0,0.0016129379125999,7.302631578947369,51072.6436036036,4.245045045045044,0.1615933583238629,0.8506039043351149
5699,174960.0,24,7290.0,0,1,7290.5,7290.5,7290.5,0.0,0.0,7290.5,0.0,0,1998-05-24,1000.0,58926.4111888112,27760.093299654243,143,674,889668.0,818425.4,66406.35500000001,0.0,71242.6,0.0,0.9999999999887028,22.17105263157895,40127.4587537092,6.449851632047477,0.1816711106209644,1.126937032970705
5313,43200.0,24,1800.0,0,2,7510.0,3755.0,5710.0,5710.0,0.0,1800.0,0.0,0,1998-05-27,400.0,36159.70555555556,10229.963510981172,54,304,149842.3,112223.0,36522.92222222222,0.0,37619.2,0.0,0.9999999999327166,10.0,14984.23,5.4,0.1201262926956364,1.0100447902156773
6234,5148.0,12,429.0,0,2,8950.0,4475.0,8521.0,8521.0,0.0,429.0,0.0,0,1998-05-28,1000.0,43197.28125,13377.630978738904,80,446,324797.6,275500.4,41071.98888888888,0.0,49297.2,0.0,0.9999999999689686,14.671052631578949,22138.670493273537,5.452914798206278,0.0193778573982826,0.9508003210128156
6569,45456.0,12,3788.0,0,1,3788.3,3788.3,3788.3,0.0,0.0,3788.3,0.0,0,1998-05-28,1000.0,39247.3875,18467.46455474465,56,329,277065.2,219964.6,41691.45294117648,0.0,57100.5,0.0,0.0504912911585574,10.822368421052632,25601.16133738602,5.174468085106383,0.1479620376825901,1.06227332788848
7202,140688.0,48,2931.0,0,1,2931.0,2931.0,2931.0,0.0,0.0,2931.0,0.0,0,1998-05-29,300.0,54575.39882352942,28027.564719301638,85,416,491261.3,466561.6,48567.20625,0.0,38199.7,0.0,0.9999999999795391,13.68421052631579,35899.86423076923,6.211538461538462,0.0816437627825747,0.889910239559474
5683,140688.0,48,2931.0,0,1,2931.0,2931.0,2931.0,0.0,0.0,2931.0,0.0,0,1998-05-29,300.0,57514.34705882353,27755.30323498723,85,416,491325.2,464461.6,52135.08125,0.0,26863.5,0.0,0.9999999999795391,13.68421052631579,35904.53384615385,6.211538461538462,0.0816331444865045,0.9064708878223632
5034,112752.0,36,3132.0,0,2,6935.0,3467.5,3803.0,3803.0,0.0,3132.0,0.0,0,1998-05-30,900.0,44659.6496124031,11387.127112028216,129,674,384719.0,335802.2,51869.87777777778,0.0,48916.6,0.0,0.9999999999737614,22.17105263157895,17352.310979228485,5.818397626112759,0.18049469041583,1.1614483816227197
5435,314688.0,48,6556.0,0,1,6556.3,6556.3,6556.3,0.0,0.0,6556.3,0.0,0,1998-06-01,600.0,53094.36448598131,21446.09361167235,107,579,815923.7,772783.0,57760.16666666666,0.0,43140.7,0.0,0.0065292727005376,19.04605263157895,42839.51723661485,5.617962003454231,0.1530362716801635,1.0878775405822685
5815,151200.0,36,4200.0,0,2,18648.2,9324.1,14448.0,14448.0,0.0,4200.2,0.0,0,1998-06-03,1000.0,66345.6825,28183.949451379078,40,241,383586.7,324459.8,78360.8423076923,0.0,59126.9,0.0,0.9999999999738012,7.927631578947369,48386.0401659751,5.045643153526971,0.0868018954377135,1.1810993472842986
5589,390000.0,48,8125.0,0,3,22704.3,7568.099999999999,8125.3,6883.0,0.0,8125.3,7696.0,0,1998-06-05,600.0,48798.69772727273,28087.26339722942,44,510,249136.6,225937.0,61915.5,0.0,23199.6,0.0,0.9999999999596932,16.776315789473685,14850.49537254902,2.6227450980392155,0.5471197957172376,1.268794104575225
6746,185640.0,60,3094.0,0,1,3094.5,3094.5,3094.5,0.0,0.0,3094.5,0.0,0,1998-06-06,400.0,29159.44181818182,11311.81350571312,55,288,180678.3,159111.0,25714.66315789473,0.0,21519.2,0.0,0.0150765553971233,9.473684210526317,19071.59833333333,5.805555555555555,0.1622307655761604,0.8818640394221197
6790,76104.0,24,3171.0,0,3,6007.0,2002.3333333333333,3171.0,166.0,0.0,3171.0,2670.0,0,1998-06-08,1000.0,20237.192592592597,6245.934128330562,81,340,96510.5,69034.2,19865.869565217392,0.0,27476.0,0.0,0.999999999894628,11.18421052631579,8629.174117647059,7.24235294117647,0.3674743322006234,0.9816514550873212
6857,69600.0,48,1450.0,0,5,10735.0,2147.0,6869.0,6869.0,253.0,1450.0,2163.0,0,1998-06-08,700.0,40349.88486238533,10524.344981804665,218,675,428341.8,357132.8,50716.27142857143,0.0,71208.5,0.0,0.9999999999763076,22.20394736842105,19291.24551111111,9.818074074074072,0.0751636278960429,1.2569124196753447
6450,234336.0,48,4882.0,0,4,17412.5,4353.125,11766.0,236.0,528.0,4882.5,11766.0,0,1998-06-10,1000.0,42818.50295857989,18387.004646334764,169,659,712532.0,646247.2,35848.995652173915,0.0,66284.9,0.0,0.0090207166394303,21.67763157894737,32869.457966616086,7.796054628224582,0.1485269396128509,0.8372314108804743
7221,152460.0,60,2541.0,0,5,13697.8,2739.56,4520.0,2596.0,3651.0,2540.8,4910.0,0,1998-06-11,600.0,20874.116101694915,9790.925693713743,118,481,272392.7,262751.0,18095.88076923077,0.0,9641.6,0.0,0.0999922515192552,15.822368421052632,17215.671683991684,7.457796257796257,0.147598074891659,0.8669052463060886
5527,156420.0,60,2607.0,0,2,13829.0,6914.5,11222.0,11222.0,0.0,2607.0,0.0,0,1998-06-15,400.0,49909.15555555555,17920.61636115787,63,344,344935.7,322896.0,41975.68125,0.0,22039.7,0.0,0.9999999999707986,11.31578947368421,30482.68976744186,5.567441860465117,0.0855239488061601,0.8410417041591707
5620,30012.0,12,2501.0,0,1,2501.0,2501.0,2501.0,0.0,0.0,2501.0,0.0,0,1998-06-16,700.0,46609.34854368933,24793.342825878528,103,659,523271.6,428551.2,64129.24210526316,0.0,94720.3,0.0,0.999999999980762,21.67763157894737,24138.78094081942,4.75144157814871,0.1036092089776845,1.3758879730188174
6215,78720.0,48,1640.0,0,2,6325.0,3162.5,4685.0,4685.0,0.0,1640.0,0.0,0,1998-06-18,1000.0,45921.1985915493,11738.93503503245,71,377,313917.1,247696.8,49880.42,0.0,66220.2,0.0,0.9999999999678928,12.401315789473683,25313.209124668432,5.725198938992042,0.0647883083995814,1.0862177277384288
7167,269964.0,36,7499.0,0,2,18551.7,9275.85,11053.0,11053.0,0.0,7498.7,0.0,0,1998-06-18,400.0,61366.869333333336,22661.358296060396,75,341,588205.0,521741.2,70997.69130434783,0.0,66463.8,0.0,0.0006834148874982,11.217105263157896,52438.21700879765,6.686217008797653,0.1430063878280189,1.1569384598574235
5823,212976.0,36,5916.0,0,2,14668.7,7334.35,8753.0,8753.0,0.0,5915.7,0.0,0,1998-06-21,1100.0,49635.71543624161,23435.838013657525,149,671,945015.3,891792.8,31009.873684210525,0.0,53222.2,0.0,0.999999999989376,22.072368421052637,42814.40405365126,6.750521609538002,0.1381777962202816,0.6247492033794906
6207,184620.0,60,3077.0,0,2,12922.8,6461.4,9846.0,9846.0,0.0,3076.8,0.0,0,1998-06-23,1100.0,34785.53451327434,10154.957755537176,113,606,424319.4,385296.0,36311.53333333333,0.0,39023.4,0.0,0.0365323667271617,19.93421052631579,21285.98970297029,5.668646864686468,0.1445551765030252,1.0438687756555236
6932,225504.0,48,4698.0,0,4,12519.0,3129.75,4704.0,4704.0,872.0,4698.0,2245.0,0,1998-06-25,800.0,57411.60828729282,22184.5250679484,181,686,1102249.8,1004013.0,55054.93333333333,0.0,98236.7,0.0,0.0007296427395464,22.56578947368421,48846.05527696793,8.020991253644315,0.0961797216254107,0.9589512463793736
5669,71820.0,36,1995.0,0,1,1995.0,1995.0,1995.0,0.0,0.0,1995.0,0.0,0,1998-06-27,700.0,54293.59240506329,21993.07366686957,79,403,421819.7,379190.0,39375.34375,0.0,42629.7,0.0,0.999999999976159,13.25657894736842,31819.64982630273,5.959305210918114,0.0626971072988969,0.7252300317316202
5154,108720.0,60,1812.0,0,1,1812.3,1812.3,1812.3,0.0,0.0,1812.3,0.0,0,1998-07-01,1000.0,50883.196875,21193.14130159087,64,594,339139.6,297801.0,59523.18333333333,0.0,41338.5,0.0,0.9999999999700818,19.539473684210527,17356.639461279457,3.275420875420876,0.1043980894457345,1.169800385535138
7168,208332.0,36,5787.0,0,2,9527.0,4763.5,5787.0,3740.0,0.0,5787.0,0.0,0,1998-07-05,500.0,64087.07016129032,23975.578533904947,124,561,965295.2,938012.4,68109.21739130435,0.0,27297.3,0.0,0.0005202534674839,18.45394736842105,52308.33169340463,6.719429590017825,0.1106324711866759,1.0627606662196247
5585,88608.0,12,7384.0,0,1,7384.0,7384.0,7384.0,0.0,0.0,7384.0,0.0,0,1998-07-08,900.0,51249.12985074627,31799.726667341,134,632,808367.6,779534.0,24388.615384615383,0.0,28833.5,0.0,0.9999999999875764,20.789473684210527,38883.50481012658,6.445569620253164,0.1899005769710849,0.4758835018444983
7200,31140.0,60,519.0,0,1,519.0,519.0,519.0,0.0,0.0,519.0,0.0,0,1998-07-11,800.0,28375.804,7195.005761508946,50,326,81614.9,44987.6,31982.575,0.0,36627.3,0.0,0.9999999998758242,10.723684210526317,7610.714601226992,4.662576687116564,0.0681933335451041,1.1271072702901714
6539,12792.0,12,1066.0,0,2,5178.0,2589.0,4112.0,4112.0,0.0,1066.0,0.0,0,1998-07-11,900.0,28534.93717948718,7374.821969783567,78,413,118859.8,80739.40000000001,36734.57777777778,0.0,38120.5,0.0,0.9999999999148588,13.585526315789474,8749.002227602905,5.741404358353511,0.1218424651234365,1.2873544291981656
5774,96984.0,36,2694.0,0,4,17241.7,4310.425,10900.0,10900.0,2570.0,2693.7,1078.0,0,1998-07-12,800.0,21298.78,11014.437192232272,55,287,182037.8,168591.0,18549.79523809524,0.0,13446.7,0.0,0.0198476144259161,9.44078947368421,19282.052682926827,5.825783972125436,0.139715415308881,0.870932289520147
6357,64860.0,60,1081.0,0,4,4549.0,1137.25,1982.0,1982.0,815.0,1081.0,671.0,0,1998-07-12,200.0,44890.03333333333,9089.012046897697,132,561,285358.5,231136.4,45289.02,0.0,54222.1,0.0,0.9999999999645643,18.45394736842105,15463.277005347592,7.152941176470588,0.0699075622151169,1.008888090004636
5042,331584.0,48,6908.0,0,1,6908.0,6908.0,6908.0,0.0,0.0,6908.0,0.0,0,1998-07-12,400.0,42007.36633663366,13202.104146796277,101,595,496133.9,440639.0,46858.93888888889,0.0,55494.8,0.0,0.999999999979718,19.572368421052637,25348.69001680672,5.160336134453781,0.2725190135148861,1.1154933756670518
5015,109344.0,12,9112.0,0,2,18040.0,9020.0,9112.0,8928.0,0.0,9112.0,0.0,0,1998-07-12,1000.0,48376.25806451613,12283.907153443406,93,504,382156.5,315499.2,58076.06470588235,0.0,66657.0,0.0,0.9999999999736348,16.578947368421055,23050.70952380952,5.609523809523809,0.3953023652757854,1.200507584038955
5354,290820.0,60,4847.0,0,4,8227.0,2056.75,4847.0,3318.0,14.0,4847.0,48.0,0,1998-07-14,900.0,44617.08095238096,10915.899465187957,84,342,255577.2,202188.2,45372.31481481482,0.0,53388.9,0.0,0.99999999996056,11.25,22717.97333333333,7.466666666666667,0.2133552992050837,1.0169270117216014
6054,58764.0,12,4897.0,0,1,4897.0,4897.0,4897.0,0.0,0.0,4897.0,0.0,0,1998-07-16,700.0,32543.264705882357,17349.90475128658,34,507,185109.8,129937.6,46601.77692307692,0.0,55172.0,0.0,0.9999999999454598,16.67763157894737,11099.2858382643,2.0386587771203155,0.4411995570657179,1.431994525746935
7295,280440.0,60,4674.0,0,1,4674.0,4674.0,4674.0,0.0,0.0,4674.0,0.0,0,1998-07-18,1000.0,38619.10283018868,17484.955759479184,106,620,447002.3,415699.0,46576.221052631576,0.0,31303.2,0.0,0.9999999999774568,20.394736842105264,21917.532129032257,5.1974193548387095,0.213253936179987,1.2060409907855856
5365,271260.0,60,4521.0,0,2,11365.0,5682.5,6844.0,6844.0,0.0,4521.0,0.0,0,1998-07-19,700.0,14873.378082191784,7753.09729972205,73,458,179250.9,167666.0,10497.78125,0.0,11584.9,0.0,0.999999999943916,15.06578947368421,11897.87633187773,4.845414847161572,0.3799837777845398,0.7058101518653062
6755,170700.0,60,2845.0,0,1,2845.0,2845.0,2845.0,0.0,0.0,2845.0,0.0,0,1998-07-24,400.0,28620.397802197804,11546.84422375008,91,432,287644.9,260271.4,31714.04761904762,0.0,27372.9,0.0,0.0719083782004697,14.210526315789474,20241.67814814815,6.403703703703704,0.1405515875596888,1.108092481004276
5991,335184.0,48,6983.0,1,1,6983.3,6983.3,6983.3,0.0,0.0,6983.3,0.0,0,1998-07-27,-6652.7,38710.01136363636,24477.120206069965,88,401,591105.4,574703.8,19831.678260869565,1.0,16401.1,11.0,0.0010217983651052,13.19078947368421,44811.98044887781,6.671321695760598,0.1558288638103826,0.5123139352621328
7035,210744.0,36,5854.0,0,2,15005.2,7502.6,9151.0,9151.0,0.0,5854.2,0.0,0,1998-07-29,200.0,51175.19230769231,20060.060760158605,39,242,317650.9,285878.8,47068.11818181818,0.0,31772.1,0.0,0.0006322591250598,7.960526315789474,39903.253553719005,4.899173553719008,0.1467048292353432,0.9197448226402808
5893,86184.0,36,2394.0,0,2,6950.5,3475.25,4556.0,4556.0,0.0,2394.5,0.0,0,1998-08-03,300.0,28459.64523809524,10103.07827153786,84,477,259749.2,230945.0,32107.59333333333,0.0,28804.1,0.0,0.0244450394021269,15.69078947368421,16554.246708595387,5.353459119496855,0.1446154597485139,1.1281796752361923
7164,249792.0,48,5204.0,0,1,5204.2,5204.2,5204.2,0.0,0.0,5204.2,0.0,0,1998-08-15,700.0,58128.03111111111,22774.886854981123,45,284,359540.6,289502.0,47440.88823529412,0.0,70038.5,0.0,0.0383564405212456,9.342105263157896,38486.03605633802,4.816901408450704,0.1352178746345795,0.8161447638997081
5304,172272.0,24,7178.0,0,2,21634.0,10817.0,14456.0,14456.0,0.0,7178.0,0.0,0,1998-08-20,300.0,61146.52363636364,22317.59647813194,55,331,529787.7,457223.6,65364.765,0.0,72563.9,0.0,0.0005687893886543,10.888157894736842,48657.2389123867,5.051359516616314,0.1475217287082328,1.0689857918666357
5561,437460.0,60,7291.0,0,3,21725.3,7241.766666666666,7656.0,6778.0,0.0,7291.3,7656.0,0,1998-08-29,900.0,48935.43584905661,24396.93977244729,53,312,483858.3,449843.0,40901.031818181815,0.0,34015.2,0.0,0.0018667241893881,10.263157894736842,47145.16769230769,5.164102564102564,0.1546499960725161,0.8358162362338937
5520,231168.0,48,4816.0,0,3,9221.0,3073.6666666666665,4816.0,3743.0,0.0,4816.0,662.0,0,1998-08-30,300.0,54598.83888888889,22041.38307704004,144,613,969890.2,924485.0,62543.77,0.0,45405.1,0.0,0.0003106789681697,20.164473684210527,48098.95934747145,7.141272430668842,0.1001269063683371,1.1455146530830858
5241,125472.0,24,5228.0,0,2,11603.7,5801.85,6376.0,6376.0,0.0,5227.7,0.0,0,1998-09-02,800.0,48989.18247422681,29467.266709569773,97,393,539445.5,522172.2,29562.58823529412,0.0,17273.4,0.0,0.9999999999813906,12.927631578947368,41728.09974554707,7.503307888040712,0.1252872771735794,0.6034513485668488
7096,37812.0,12,3151.0,0,2,17952.3,8976.15,14801.0,14801.0,0.0,3151.3,0.0,0,1998-09-02,900.0,54062.07923076923,25528.823087216588,130,489,969767.0,902359.0,50752.75714285714,0.0,67407.8,0.0,0.9999999999896508,16.085526315789476,60288.17341513292,8.081799591002044,0.0522656405225641,0.9387866292901204
6078,170832.0,48,3559.0,0,2,13208.0,6604.0,9649.0,9649.0,0.0,3559.0,0.0,0,1998-09-09,700.0,65037.92923076924,23103.4898583507,65,356,545820.7,493695.2,72918.50476190477,0.0,52125.4,0.0,0.0012882708460389,11.710526315789474,46609.40808988764,5.550561797752809,0.076357974604028,1.1211689180933448
5046,42816.0,12,3568.0,0,2,8228.0,4114.0,4660.0,4660.0,0.0,3568.0,0.0,0,1998-09-09,1100.0,17076.756470588236,5320.731429813169,85,458,145597.1,126900.6,16712.127777777776,0.0,18696.6,0.0,0.999999999930772,15.06578947368421,9664.086986899563,5.641921397379913,0.3692019743970318,0.9786476604485784
5334,209040.0,24,8710.0,0,3,11762.0,3920.6666666666665,8710.0,2329.0,0.0,8710.0,723.0,0,1998-09-10,900.0,44982.42272727273,14572.504223627093,66,355,255930.5,198426.2,35053.62272727273,0.0,57504.2,0.0,0.9999999999606334,11.677631578947368,21916.301971830988,5.651830985915493,0.3974210616015762,0.7792737828286662
6969,88200.0,36,2450.0,0,2,6134.2,3067.1,3684.0,3684.0,0.0,2450.2,0.0,0,1998-09-12,1100.0,37386.856043956046,10470.008388378354,91,462,272827.2,216349.6,45895.8,0.0,56477.5,0.0,0.0488041143329252,15.197368421052632,17952.265974025973,5.987878787878787,0.1364730225242887,1.227591855644775
6821,321936.0,48,6707.0,0,3,14156.0,4718.666666666667,6707.0,3416.0,0.0,6707.0,4033.0,0,1998-09-15,400.0,32014.60280898876,11317.70105648684,178,693,406922.0,344404.8,50108.225000000006,0.0,62516.8,0.0,0.999999999975115,22.79605263157895,17850.546608946606,7.808369408369407,0.3757307909485067,1.5651677855668853
5760,74916.0,36,2081.0,0,3,13412.8,4470.933333333333,7824.0,3508.0,0.0,2080.8,7824.0,0,1998-09-18,600.0,56133.6526627219,27409.199321841075,169,664,1006351.7,962896.6,42347.17307692308,0.0,43455.2,0.0,0.9999999999900236,21.842105263157897,46073.93325301204,7.737349397590361,0.0451665367512831,0.7543990291139855
5614,253560.0,60,4226.0,0,1,4226.5,4226.5,4226.5,0.0,0.0,4226.5,0.0,0,1998-09-21,900.0,39822.71111111111,13798.585863209366,108,645,576472.5,539753.6,46936.8125,0.0,36718.7,0.0,0.0052303443657818,21.217105263157897,27170.176744186043,5.090232558139534,0.1555381857922183,1.178644325778149
7091,113436.0,36,3151.0,0,1,3151.3,3151.3,3151.3,0.0,0.0,3151.3,0.0,0,1998-09-22,200.0,68510.41730769232,27032.8497675628,104,384,981104.6,870622.0,65504.275,0.0,110482.6,0.0,0.999999999989774,12.63157894736842,77670.78083333332,8.233333333333333,0.040568666437843,0.9561213836466296
5698,174840.0,60,2914.0,0,3,8137.8,2712.6,4240.0,4240.0,0.0,2913.8,984.0,0,1998-09-22,1100.0,34822.46896551724,11111.778628662372,87,389,265222.8,237516.8,32989.58076923077,0.0,27706.0,0.0,0.0716829565209992,12.796052631578949,20726.923187660665,6.798971722365038,0.1405900901070009,0.9473647831354196
5169,253200.0,60,4220.0,0,4,12861.5,3215.375,4737.0,4737.0,632.0,4219.5,3273.0,0,1998-09-24,1000.0,34086.20895522388,18873.407739340764,134,586,420720.8,372117.4,42782.16,0.0,48603.2,0.0,0.9999999999760828,19.276315789473685,21825.78894197952,6.951535836177474,0.1933492534581326,1.255116403342128
7294,39168.0,24,1632.0,0,2,5325.0,2662.5,3693.0,3693.0,0.0,1632.0,0.0,0,1998-09-27,300.0,55438.851851851854,14622.73782813835,54,347,246464.9,184345.6,59078.40499999999,0.0,62119.2,0.0,0.999999999959066,11.414473684210527,21592.31400576369,4.7308357348703165,0.0755824502556114,1.0656498649578374
5318,385584.0,48,8033.0,0,1,8033.2,8033.2,8033.2,0.0,0.0,8033.2,0.0,0,1998-09-30,400.0,69656.36923076923,23107.003039295298,78,502,481289.8,463180.8,66948.53157894737,0.0,18109.0,0.0,0.9999999999790836,16.513157894736842,29145.836494023904,4.723505976095617,0.2756139800239034,0.961125770818428
5368,44640.0,24,1860.0,0,1,1860.0,1860.0,1860.0,0.0,0.0,1860.0,0.0,0,1998-10-05,600.0,41154.27910447762,12074.395888828676,67,417,245818.5,206571.4,39596.44666666666,0.0,39246.8,0.0,0.9999999999589744,13.717105263157896,17920.581294964028,4.884412470023981,0.1037912759830384,0.9621465256753112
6923,44640.0,24,1860.0,0,1,1860.0,1860.0,1860.0,0.0,0.0,1860.0,0.0,0,1998-10-05,600.0,41961.44925373134,12613.770886090317,67,417,245815.1,207771.4,40928.87333333333,0.0,38043.6,0.0,0.9999999999589744,13.717105263157896,17920.333429256592,4.884412470023981,0.1037927115756368,0.975392271989745
5463,17952.0,12,1496.0,0,2,7944.0,3972.0,6448.0,6448.0,0.0,1496.0,0.0,0,1998-10-06,500.0,28597.88620689655,9101.802812272446,58,344,198159.7,167098.2,31493.444444444445,0.0,31076.0,0.0,0.9999999999492264,11.31578947368421,17511.787441860466,5.125581395348838,0.0854281725444916,1.101250777962642
5265,165780.0,60,2763.0,0,1,2762.8,2762.8,2762.8,0.0,0.0,2762.8,0.0,0,1998-10-07,413.3,45342.20442477876,26937.96687515327,113,607,569732.5,526368.2,67906.284,0.0,43363.9,23.2,0.9999999999822567,19.967105263157897,28533.55518945634,5.659308072487644,0.096833359204136,1.497639668086229
6321,38496.0,12,3208.0,0,1,3207.8,3207.8,3207.8,0.0,0.0,3207.8,0.0,0,1998-10-08,800.0,42732.33611111112,27353.58939130452,36,390,186652.5,94429.2,71709.24285714286,0.0,92223.4,0.0,0.999999999945763,12.828947368421051,14549.323076923076,2.806153846153846,0.22049135762772,1.6781025650904269
5226,185544.0,36,5154.0,0,5,18352.0,3670.4,8677.0,8677.0,2015.0,5154.0,2506.0,0,1998-10-11,200.0,27729.917142857143,15360.768047385516,35,293,139410.7,125716.2,28261.442857142854,0.0,13694.4,0.0,0.9999999999277912,9.638157894736842,14464.454880546076,3.631399317406143,0.3563217583379958,1.0191679513990524
6868,82128.0,24,3422.0,0,1,3421.5,3421.5,3421.5,0.0,0.0,3421.5,0.0,0,1998-10-12,871.3,33221.211570247935,14676.80723090681,121,506,396672.5,359504.2,22471.42307692308,0.0,37167.7,0.0,0.0296381084747197,16.644736842105264,23831.707509881424,7.269565217391304,0.1435902147231885,0.6764179272222488
4967,318480.0,60,5308.0,1,4,10305.5,2576.375,5307.5,2317.0,97.0,5307.5,2584.0,0,1998-10-14,-1011.2,39953.97068965517,23451.64718003561,116,422,447359.9,430992.0,20759.711111111108,1.0,16367.8,0.4,0.999999999977531,13.88157894736842,32226.874312796208,8.356398104265402,0.1647072547847216,0.5195906876732599
5293,189792.0,48,3954.0,0,2,16067.3,8033.65,12113.0,12113.0,0.0,3954.3,0.0,0,1998-10-29,500.0,34760.22890625,14092.496457274405,128,635,546211.2,508610.6,31626.225,0.0,37600.4,0.0,0.0167607540494394,20.88815789473684,26149.32359055118,6.127874015748032,0.1512085000897177,0.9098393763803756
5865,327660.0,60,5461.0,0,2,18217.3,9108.65,12756.0,12756.0,0.0,5461.3,0.0,0,1998-10-30,1000.0,49281.73888888889,25697.52109128029,126,660,749509.2,689972.6,61217.59473684211,0.0,59536.5,0.0,0.9999999999865854,21.71052631578948,34522.84799999999,5.803636363636363,0.1581850952278951,1.2421963206785775
5841,41988.0,12,3499.0,0,2,10145.0,5072.5,6646.0,6646.0,0.0,3499.0,0.0,0,1998-11-04,200.0,37122.396124031,10838.574904013292,129,622,316814.9,258863.6,50286.88095238096,0.0,57965.7,0.0,0.999999999968126,20.46052631578948,15484.200900321544,6.304823151125401,0.2259722681373643,1.3546237901998397
5526,69624.0,36,1934.0,0,4,5658.0,1414.5,3197.0,3197.0,461.0,1934.0,66.0,0,1998-11-08,1100.0,49145.707586206896,11919.240676953808,145,585,427453.7,377598.0,52161.65652173913,0.0,49870.2,0.0,0.9999999999763942,19.24342105263158,22212.9785982906,7.535042735042735,0.087066216292045,1.0613674941932263
6852,16032.0,48,334.0,0,4,9673.0,2418.25,9264.0,9264.0,56.0,334.0,19.0,0,1998-11-10,500.0,23124.206611570247,8941.444783681365,121,449,230926.3,200292.0,23293.977777777774,0.0,30634.0,0.0,0.999999999956264,14.769736842105264,15635.099153674832,8.192427616926503,0.0213621926220963,1.007341707284745
6469,99744.0,24,4156.0,0,2,12245.5,6122.75,8089.0,8089.0,0.0,4156.5,0.0,0,1998-11-17,700.0,40126.96862745098,16479.64095077113,102,523,478321.8,406443.0,51773.27826086956,0.0,71878.9,0.0,0.0567344888946076,17.203947368421055,27803.026233269597,5.92887189292543,0.1494801308187112,1.290236467365465
6168,99216.0,36,2756.0,0,2,12876.0,6438.0,10120.0,10120.0,0.0,2756.0,0.0,0,1998-11-21,300.0,57018.617441860464,25880.04781829928,86,443,560689.8,529878.8,49819.26470588235,0.0,30810.9,0.0,0.9999999999820632,14.572368421052632,38476.23006772009,5.901580135440181,0.0716286391476767,0.8737368061921815
7292,317460.0,60,5291.0,0,3,11923.8,3974.6,5290.8,3849.0,0.0,5290.8,2784.0,0,1998-11-22,700.0,64978.0724137931,26748.860365603225,145,499,1078955.9,1002447.4,69975.83571428571,0.0,76508.5,0.0,0.9999999999906992,16.414473684210527,65731.98268537073,8.833667334669338,0.0804935403290767,1.0769146129466065
5036,91248.0,48,1901.0,0,1,1901.0,1901.0,1901.0,0.0,0.0,1901.0,0.0,0,1998-11-25,900.0,30173.12424242424,10956.883405561994,99,579,399411.2,384544.4,25381.553333333333,0.0,14866.7,0.0,0.9999999999748296,19.04605263157895,20970.812573402414,5.197927461139896,0.0906498015963657,0.841197388808488
5644,276084.0,36,7669.0,0,5,11745.7,2349.1400000000003,7668.7,3231.0,58.0,7668.7,788.0,0,1998-11-27,1100.0,58466.19366197183,22606.36701478105,142,476,790073.0,732441.6,59473.29375,0.0,57631.4,0.0,0.0049611756204654,15.657894736842106,50458.443697478986,9.06890756302521,0.1519864553187417,1.0172253402312892
6856,163332.0,36,4537.0,0,1,4537.3,4537.3,4537.3,0.0,0.0,4537.3,0.0,0,1998-12-01,600.0,29463.690909090907,16549.387498177668,66,443,287898.8,270277.6,24103.110526315788,0.0,17621.0,0.0,0.9999999999649124,14.572368421052632,19756.486501128667,4.529119638826185,0.2296460961033909,0.8180614775149658
5428,230220.0,36,6395.0,0,1,6395.0,6395.0,6395.0,0.0,0.0,6395.0,0.0,0,1998-12-02,200.0,64923.162745098045,28758.36270441695,153,662,1218721.2,1171264.0,78311.95217391304,0.0,94156.9,0.0,0.9999999999917596,21.776315789473685,55965.44483383685,7.025981873111782,0.1142669377120879,1.206225156795271
5027,160920.0,36,4470.0,0,2,9682.5,4841.25,5212.0,5212.0,0.0,4470.5,0.0,0,1998-12-02,700.0,51649.398305084746,16029.138294266511,59,359,352218.8,303893.8,43198.23333333333,0.0,48339.6,0.0,0.002003445926937,11.80921052631579,29825.77025069638,4.996100278551532,0.1498703960008184,0.8363743769057003
4989,352704.0,48,7348.0,0,1,7348.0,7348.0,7348.0,0.0,0.0,7348.0,0.0,0,1998-12-05,800.0,30797.4875,16415.401618181764,56,513,255396.6,225221.2,25001.10769230769,0.0,30175.3,0.0,0.9999999999604482,16.875,15134.613333333333,3.3185185185185184,0.4855095953433611,0.8117904970069325
5221,52512.0,12,4376.0,0,1,4375.5,4375.5,4375.5,0.0,0.0,4375.5,0.0,0,1998-12-05,1000.0,59684.29885057471,22496.23834088969,87,521,563908.8,522873.6,62664.40555555556,0.0,41050.0,0.0,0.9999999999821724,17.138157894736842,32903.69965451056,5.076391554702495,0.132994163106828,1.0499311670217073
6402,139488.0,24,5812.0,0,1,5811.7,5811.7,5811.7,0.0,0.0,5811.7,0.0,0,1998-12-06,1100.0,46755.30576923077,22242.03424821573,104,573,700815.6,652859.0,60022.67647058824,0.0,47956.3,0.0,0.0248112267211919,18.848684210526315,37181.14178010472,5.517626527050611,0.1563158020485209,1.2837618206156824
5346,55632.0,24,2318.0,0,1,2317.5,2317.5,2317.5,0.0,0.0,2317.5,0.0,0,1998-12-06,500.0,29645.320175438595,11976.126777776568,114,644,363519.5,325070.2,39548.40625,0.0,38463.8,0.0,0.1332542857422553,21.18421052631579,17159.926708074534,5.381366459627329,0.1350821619511027,1.334052255216514
6748,240900.0,60,4015.0,0,2,12934.0,6467.0,8919.0,8919.0,0.0,4015.0,0.0,0,1998-12-08,700.0,26268.19,10061.747545354823,120,533,312730.7,292916.8,23545.96363636364,0.0,19813.8,0.0,0.999999999967713,17.532894736842106,17836.79789868668,6.844277673545966,0.2250964562447982,0.8963679502622739
