order_id;account_id;amount;payment_type
29401;1;2452.0;household_utility
29402;2;3372.7;loan_payment
29403;2;7266.0;household_utility
29404;3;1135.0;household_utility
29405;3;327.0;other_unknown
29406;3;3539.0;insurance_payment
29407;4;2078.0;household_utility
29408;4;1285.0;household_utility
29409;5;2668.0;household_utility
29410;6;3954.0;household_utility
29411;7;4880.0;household_utility
29412;8;2612.0;household_utility
29413;8;6712.0;other_unknown
29414;10;7033.0;household_utility
29415;10;1344.0;leasing
29416;11;2132.0;household_utility
29417;12;297.0;household_utility
29418;12;3295.0;household_utility
29419;13;2444.0;household_utility
29420;14;3629.0;household_utility
29421;15;3072.0;household_utility
29422;17;4032.0;household_utility
29423;19;2523.2;loan_payment
29425;20;2003.0;household_utility
29426;21;6276.0;household_utility
29427;22;6352.0;household_utility
29428;23;5807.0;household_utility
29429;24;221.0;household_utility
29430;24;7641.0;other_unknown
29431;25;2523.2;loan_payment
29432;25;6817.0;household_utility
29433;25;1110.0;other_unknown
29434;25;164.0;insurance_payment
29435;26;10387.0;household_utility
29436;27;4054.0;household_utility
29439;29;6871.0;household_utility
29440;29;829.0;other_unknown
29441;29;8.0;insurance_payment
29442;30;2480.2;leasing
29443;31;10202.0;household_utility
29444;33;3892.0;household_utility
29445;34;1479.0;leasing
29446;34;502.0;household_utility
29447;34;6070.0;other_unknown
29448;35;1022.0;household_utility
29449;35;1362.0;household_utility
29450;36;4069.0;household_utility
29451;37;5307.5;loan_payment
29452;37;2317.0;household_utility
29453;37;2584.0;other_unknown
29454;37;97.0;insurance_payment
29455;38;2306.8;loan_payment
29456;38;6901.0;household_utility
29457;38;231.0;other_unknown
29458;38;228.0;insurance_payment
29459;39;145.0;household_utility
29460;39;2970.0;household_utility
29461;40;33.0;household_utility
29462;40;4301.0;other_unknown
29463;42;4239.0;household_utility
29464;42;239.0;other_unknown
29465;42;1592.0;insurance_payment
29466;43;6589.0;household_utility
29467;44;2344.0;household_utility
29470;47;6940.0;household_utility
29471;47;174.0;other_unknown
29472;47;141.0;insurance_payment
29473;47;9.0;other_unknown
29474;48;6268.0;household_utility
29475;48;1029.0;other_unknown
29476;49;3102.0;household_utility
29477;50;269.0;household_utility
29478;50;7024.0;other_unknown
29479;51;2074.0;household_utility
29480;51;2057.0;other_unknown
29481;52;560.0;household_utility
29482;52;3723.0;other_unknown
29483;53;2851.0;household_utility
29484;54;2280.0;household_utility
29485;55;3086.0;household_utility
29486;56;8080.0;household_utility
29487;57;4107.0;household_utility
29489;59;695.0;household_utility
29490;59;6190.0;other_unknown
29493;61;1645.0;household_utility
29494;61;668.0;household_utility
29495;62;2273.0;household_utility
29496;63;2237.0;household_utility
29497;63;157.0;household_utility
29498;65;686.0;household_utility
29499;65;3315.0;other_unknown
29500;65;3401.0;insurance_payment
29501;66;4471.3;leasing
29502;67;6915.0;loan_payment
29503;67;6393.0;household_utility
29504;67;445.0;other_unknown
29505;68;1705.0;household_utility
29506;68;1186.0;other_unknown
29507;68;137.0;insurance_payment
29508;68;61.0;other_unknown
29509;70;4150.0;household_utility
29510;71;968.0;household_utility
29511;71;1602.0;other_unknown
29512;71;1011.0;insurance_payment
29513;71;778.0;other_unknown
29514;72;2923.0;leasing
29515;72;7109.0;household_utility
29516;72;2286.0;other_unknown
29517;73;6061.0;household_utility
29522;75;3369.0;household_utility
29523;76;5208.0;household_utility
29524;77;1709.0;leasing
29525;78;9039.0;household_utility
29526;79;2788.0;household_utility
29527;80;2252.0;household_utility
29528;81;1765.0;household_utility
29529;81;62.0;other_unknown
29530;81;229.0;insurance_payment
29531;83;2210.0;household_utility
29532;83;3940.0;other_unknown
29533;84;1709.0;leasing
29534;84;12452.0;household_utility
29535;85;3831.0;household_utility
29536;85;1792.0;leasing
29537;86;1002.0;household_utility
29538;86;1160.0;other_unknown
29541;88;2268.0;household_utility
29542;90;2774.0;household_utility
29543;90;2375.0;other_unknown
29544;90;4372.0;insurance_payment
29545;90;361.0;other_unknown
29554;96;4422.1;leasing
29555;96;908.0;household_utility
29556;96;2140.0;other_unknown
29557;96;46.0;insurance_payment
29558;96;644.0;other_unknown
29559;97;1436.0;household_utility
29560;97;2411.0;other_unknown
29561;97;3.0;insurance_payment
29562;97;15.0;other_unknown
29563;97;8573.0;loan_payment
29564;98;1569.0;household_utility
29565;98;749.0;household_utility
29566;99;4503.0;household_utility
29567;99;4682.0;other_unknown
29568;100;598.0;household_utility
29569;100;7329.0;other_unknown
29570;101;8037.0;household_utility
29571;101;855.0;other_unknown
29572;102;7370.2;loan_payment
29573;102;3373.0;household_utility
29574;102;377.0;other_unknown
29575;103;7370.2;loan_payment
29576;104;578.0;household_utility
29577;104;1464.0;other_unknown
29578;105;7348.0;loan_payment
29579;106;3735.0;household_utility
29580;107;2015.0;household_utility
29581;107;1580.0;other_unknown
29582;107;959.0;insurance_payment
29583;108;4803.0;household_utility
29584;110;3050.0;household_utility
29585;110;98.0;other_unknown
29586;110;4516.0;loan_payment
29589;112;2051.0;household_utility
29590;113;3146.0;household_utility
29591;114;1590.0;household_utility
29592;114;533.0;household_utility
29593;115;5110.0;household_utility
29594;116;5529.0;household_utility
29595;116;927.0;leasing
29596;117;2329.0;household_utility
29597;118;2449.0;household_utility
29598;119;8252.0;household_utility
29599;120;1899.0;leasing
29600;120;3965.0;household_utility
29601;121;794.0;household_utility
29602;121;929.0;other_unknown
29603;121;393.0;insurance_payment
29604;123;3016.0;household_utility
29605;124;447.0;household_utility
29606;124;575.0;other_unknown
29607;124;971.0;insurance_payment
29608;125;4422.1;leasing
29609;126;7384.0;household_utility
29610;127;2242.0;household_utility
29611;129;3417.0;household_utility
29612;130;3969.0;household_utility
29613;131;6904.0;household_utility
29614;132;7370.2;loan_payment
29615;133;3094.0;leasing
29616;133;4943.0;household_utility
29617;133;5123.0;other_unknown
29618;136;2932.0;household_utility
29619;137;3464.0;household_utility
29620;137;787.0;other_unknown
29621;141;3016.5;leasing
29622;141;3462.0;household_utility
29623;141;1791.0;other_unknown
29624;141;6716.0;insurance_payment
29625;142;1845.0;household_utility
29626;143;2272.0;household_utility
29627;145;4815.0;household_utility
29628;146;3823.0;household_utility
29631;148;487.0;household_utility
29632;148;89.0;other_unknown
29633;148;1736.0;insurance_payment
29634;151;411.0;household_utility
29635;151;2668.0;other_unknown
29636;152;426.0;household_utility
29637;152;2993.0;other_unknown
29638;153;4544.0;household_utility
29639;154;3891.0;household_utility
29640;155;2988.0;household_utility
29641;156;2030.0;household_utility
29642;157;3991.0;household_utility
29643;158;3420.0;household_utility
29644;159;8694.0;household_utility
29645;160;2374.0;household_utility
29646;160;5552.0;other_unknown
29647;161;1389.0;household_utility
29648;161;892.0;household_utility
29649;162;3458.0;household_utility
29650;163;3116.0;household_utility
29651;163;612.0;household_utility
29652;165;1788.0;household_utility
29653;166;3044.0;household_utility
29654;168;2013.0;household_utility
29655;169;4975.0;household_utility
29656;169;696.0;leasing
29657;171;3486.0;household_utility
29658;172;4221.0;household_utility
29659;173;6256.0;household_utility
29660;173;1428.0;other_unknown
29661;173;735.0;insurance_payment
29662;173;189.0;other_unknown
29663;173;8734.0;loan_payment
29664;174;2139.0;household_utility
29667;176;2288.3;loan_payment
29668;176;4564.0;household_utility
29669;176;36.0;other_unknown
29670;176;97.0;insurance_payment
29671;178;1482.0;household_utility
29672;178;505.0;other_unknown
29673;179;7615.0;household_utility
29674;179;1066.0;other_unknown
29675;179;378.0;insurance_payment
29676;179;4608.0;other_unknown
29677;181;6780.0;household_utility
29678;183;5202.0;household_utility
29679;183;752.0;other_unknown
29680;184;1623.0;leasing
29681;185;6526.0;household_utility
29682;186;6862.0;household_utility
29683;187;2798.0;household_utility
29684;188;7426.0;household_utility
29685;189;4244.0;household_utility
29686;189;750.0;other_unknown
29687;189;360.0;insurance_payment
29688;190;4519.0;household_utility
29689;190;3233.0;other_unknown
29690;190;42.0;insurance_payment
29691;190;1316.0;other_unknown
29692;191;4420.9;leasing
29693;192;3583.0;household_utility
29694;193;7110.0;household_utility
29695;194;2648.0;household_utility
29696;195;6260.0;household_utility
29697;196;1270.0;household_utility
29698;196;4417.0;other_unknown
29699;196;2554.0;insurance_payment
29700;196;385.0;other_unknown
29701;197;9454.0;household_utility
29702;198;700.0;household_utility
29703;198;2166.0;household_utility
29704;199;1984.0;household_utility
29705;201;9584.0;household_utility
29711;204;1950.0;household_utility
29712;205;4297.0;household_utility
29713;206;2902.0;household_utility
29714;207;403.0;household_utility
29715;207;10.0;other_unknown
29716;207;2726.0;insurance_payment
29717;208;4148.0;household_utility
29718;208;1767.0;other_unknown
29719;208;986.0;insurance_payment
29720;208;545.0;other_unknown
29721;209;483.0;household_utility
29722;209;41.0;other_unknown
29723;209;1796.0;insurance_payment
29724;210;7534.0;household_utility
29725;211;2394.0;leasing
29726;212;13841.0;household_utility
29727;213;5625.0;household_utility
29728;214;2097.0;household_utility
29729;215;2121.0;household_utility
29730;216;1486.0;household_utility
29731;216;1513.0;household_utility
29732;217;3459.0;household_utility
29733;217;653.0;leasing
29734;218;3182.0;leasing
29735;219;2336.0;household_utility
29736;219;2988.0;other_unknown
29737;220;3095.0;household_utility
29738;221;7896.0;household_utility
29739;222;3440.9;leasing
29740;224;3503.0;household_utility
29741;225;3383.0;household_utility
29742;225;2.0;other_unknown
29743;226;8928.0;household_utility
29744;226;9112.0;loan_payment
29745;227;9381.0;household_utility
29746;228;1946.0;household_utility
29747;228;2158.0;other_unknown
29748;229;2505.0;household_utility
29749;230;5615.0;household_utility
29750;230;1527.0;other_unknown
29751;230;1058.0;insurance_payment
29752;231;2073.0;household_utility
29753;232;3643.0;household_utility
29755;234;2809.0;household_utility
29756;235;895.0;household_utility
29757;235;1321.0;other_unknown
29758;237;152.0;household_utility
29759;237;1788.0;other_unknown
29760;238;2234.0;household_utility
29761;239;1042.0;household_utility
29762;239;5995.0;other_unknown
29763;239;152.0;insurance_payment
29764;240;9621.0;household_utility
29765;240;1050.0;leasing
29766;241;1344.0;household_utility
29767;241;632.0;other_unknown
29768;241;610.0;insurance_payment
29769;242;1062.0;household_utility
29770;242;2977.0;other_unknown
29771;243;1041.0;leasing
29772;243;3067.0;household_utility
29773;244;2190.0;household_utility
29774;244;226.0;other_unknown
29775;244;232.0;insurance_payment
29776;246;1970.0;household_utility
29780;248;2484.9;leasing
29781;249;5618.0;household_utility
29782;249;1876.0;other_unknown
29783;250;3066.0;household_utility
29784;251;3059.0;household_utility
29785;252;1767.0;household_utility
29788;255;5323.0;household_utility
29789;257;3816.7;leasing
29790;257;14166.0;household_utility
29791;258;3737.0;household_utility
29792;259;297.0;household_utility
29793;259;2857.0;household_utility
29794;260;5247.0;household_utility
29795;261;2182.0;household_utility
29796;261;371.0;other_unknown
29797;263;6145.0;household_utility
29798;264;3307.0;household_utility
29799;265;2900.0;household_utility
29800;266;4975.2;leasing
29801;267;3074.0;household_utility
29802;268;3121.0;household_utility
29803;269;456.0;household_utility
29804;269;1690.0;other_unknown
29805;270;5462.0;household_utility
29806;271;1535.0;household_utility
29807;272;7454.0;household_utility
29808;273;1320.1;leasing
29809;273;5965.0;household_utility
29810;273;178.0;other_unknown
29811;273;1836.0;insurance_payment
29812;274;9886.0;household_utility
29813;275;198.0;household_utility
29814;275;2062.0;other_unknown
29815;276;4470.5;loan_payment
29816;276;5212.0;household_utility
29817;277;2682.3;leasing
29818;278;3362.0;household_utility
29819;278;676.0;leasing
29820;279;624.0;household_utility
29821;279;1380.0;other_unknown
29822;280;3334.0;household_utility
29823;280;4694.0;other_unknown
29824;280;957.0;leasing
29825;281;5578.0;household_utility
29826;282;7531.0;household_utility
29827;282;802.0;other_unknown
29828;283;2802.0;household_utility
29829;284;5629.0;household_utility
29830;285;667.0;leasing
29831;286;9848.0;household_utility
29832;287;772.0;household_utility
29833;287;1572.0;household_utility
29834;288;3257.0;household_utility
29835;288;207.0;household_utility
29836;289;5745.0;household_utility
29837;289;2621.0;other_unknown
29838;290;2577.0;loan_payment
29839;290;2653.0;household_utility
29840;290;3274.0;other_unknown
29841;291;1941.9;leasing
29842;291;62.0;household_utility
29843;291;12925.0;other_unknown
29844;292;1986.0;household_utility
29845;293;1636.0;household_utility
29846;293;845.0;other_unknown
29847;293;1366.0;insurance_payment
29848;294;5842.0;household_utility
29849;294;145.0;other_unknown
29850;294;430.0;insurance_payment
29851;294;156.0;other_unknown
29852;295;6992.0;household_utility
29853;296;2646.0;household_utility
29854;300;1628.0;household_utility
29855;301;1950.0;household_utility
29856;302;3236.0;household_utility
29857;303;3803.0;household_utility
29858;303;3132.0;loan_payment
29859;304;14367.0;household_utility
29860;305;2953.0;household_utility
29861;306;3657.0;household_utility
29862;308;1284.0;leasing
29863;309;1901.0;loan_payment
29865;311;4777.0;household_utility
29866;311;371.0;other_unknown
29867;311;3375.0;insurance_payment
29868;311;355.0;other_unknown
29869;311;422.0;loan_payment
29870;312;7814.0;household_utility
29871;313;2294.0;household_utility
29872;314;2785.0;loan_payment
29873;314;13691.0;household_utility
29874;315;3509.0;loan_payment
29875;317;3068.0;household_utility
29876;318;2858.0;household_utility
29877;319;6149.5;loan_payment
29878;319;1057.0;household_utility
29879;319;2196.0;other_unknown
29880;319;416.0;insurance_payment
29881;321;1876.0;household_utility
29882;322;6550.0;household_utility
29883;323;3025.0;household_utility
29884;324;1785.0;household_utility
29885;324;284.0;household_utility
29886;325;2741.0;household_utility
29887;326;1881.0;household_utility
29888;326;1567.0;household_utility
29889;327;3252.0;household_utility
29890;327;3805.0;other_unknown
29891;328;1287.0;household_utility
29892;328;1145.0;household_utility
29893;329;792.0;household_utility
29894;329;3110.0;other_unknown
29895;330;6908.0;loan_payment
29896;331;3528.0;household_utility
29897;332;2385.0;household_utility
29898;333;1634.0;household_utility
29899;333;72.0;other_unknown
29900;333;292.0;insurance_payment
29901;334;2374.0;household_utility
29902;334;1168.0;other_unknown
29903;335;2697.0;household_utility
29904;336;4067.0;household_utility
29905;338;2252.0;household_utility
29906;339;7801.2;loan_payment
29907;339;4087.0;household_utility
29908;339;48.0;other_unknown
29909;340;917.0;household_utility
29910;340;901.0;household_utility
29911;342;2332.0;household_utility
29912;343;2505.0;household_utility
29913;344;4739.0;household_utility
29914;344;1683.0;loan_payment
29915;345;8819.0;household_utility
29916;346;7875.0;household_utility
29917;347;7801.2;loan_payment
29918;349;4660.0;household_utility
29919;349;3568.0;loan_payment
29920;350;3791.0;household_utility
29921;352;1992.0;household_utility
29922;353;2687.0;household_utility
29923;353;879.0;household_utility
29924;354;4771.0;household_utility
29925;355;5012.0;household_utility
29926;355;2927.0;other_unknown
29927;356;4188.0;household_utility
29928;357;1788.0;household_utility
29929;357;280.0;other_unknown
29930;358;532.0;household_utility
29931;358;1434.0;other_unknown
29932;358;27.0;insurance_payment
29933;358;73.0;other_unknown
29934;359;3544.0;household_utility
29935;361;1941.0;household_utility
29936;361;1388.0;other_unknown
29937;362;6001.0;household_utility
29938;362;292.0;other_unknown
29939;362;68.0;insurance_payment
29940;364;2221.0;household_utility
29941;365;1766.0;leasing
29942;365;11528.0;household_utility
29943;365;1782.0;other_unknown
29944;365;5.0;insurance_payment
29945;365;9.0;other_unknown
29946;366;2442.0;household_utility
29947;366;1914.0;other_unknown
29948;366;836.0;insurance_payment
29949;366;3188.0;other_unknown
29950;367;6384.0;household_utility
29951;368;4381.0;household_utility
29952;368;742.0;other_unknown
29953;368;269.0;insurance_payment
29954;368;217.0;other_unknown
29955;368;1071.0;leasing
29959;370;215.0;household_utility
29960;370;1188.0;other_unknown
29961;370;672.0;insurance_payment
29962;372;7785.0;household_utility
29963;372;2148.0;other_unknown
29964;373;6452.0;household_utility
29965;375;3824.0;household_utility
29966;376;7097.0;household_utility
29967;378;3840.2;loan_payment
29968;378;8537.0;household_utility
29969;378;1184.0;other_unknown
29970;378;2.0;insurance_payment
29971;378;4.0;other_unknown
29972;379;1561.0;household_utility
29973;379;434.0;other_unknown
29974;379;177.0;insurance_payment
29975;379;312.0;other_unknown
29979;382;2235.0;household_utility
29980;382;27.0;other_unknown
29981;382;14.0;insurance_payment
29982;383;2057.0;household_utility
29983;384;2304.1;leasing
29984;385;2160.0;household_utility
29985;385;31.0;other_unknown
29986;385;121.0;insurance_payment
29987;386;4711.0;household_utility
29988;388;6524.0;household_utility
29989;389;884.0;household_utility
29990;389;3280.0;other_unknown
29991;390;4977.0;household_utility
29992;392;1407.0;household_utility
29993;392;5663.0;other_unknown
29994;393;302.0;household_utility
29995;393;5920.0;other_unknown
30001;395;3871.0;household_utility
30002;395;4036.0;other_unknown
30003;395;828.0;leasing
30004;396;5245.0;household_utility
30005;396;68.0;other_unknown
30006;396;308.0;insurance_payment
30007;396;261.0;other_unknown
30008;398;1702.0;household_utility
30009;399;3090.5;leasing
30010;399;6009.0;household_utility
30011;400;6948.0;household_utility
30012;401;3600.0;household_utility
30013;401;1769.0;other_unknown
30014;402;2083.0;household_utility
30015;402;2211.0;other_unknown
30016;403;2401.0;household_utility
30017;404;1563.0;household_utility
30018;404;3450.0;other_unknown
30019;405;1339.0;leasing
30020;405;9632.0;household_utility
30021;405;1497.0;other_unknown
30022;405;3579.0;insurance_payment
30023;406;1800.0;household_utility
30024;406;264.0;other_unknown
30025;407;5411.0;household_utility
30026;407;14.0;other_unknown
30027;408;5042.0;household_utility
30028;409;6810.0;household_utility
30029;410;3825.0;household_utility
30030;411;8499.0;household_utility
30031;412;8727.0;household_utility
30032;413;2107.0;household_utility
30033;414;7870.0;household_utility
30034;415;8740.0;household_utility
30035;416;982.0;household_utility
30036;416;987.0;household_utility
30037;418;9316.0;household_utility
30038;420;7192.0;household_utility
30039;421;5571.0;household_utility
30040;423;1942.0;household_utility
30041;424;4591.0;household_utility
30042;425;2390.0;household_utility
30043;425;806.0;other_unknown
30044;425;64.0;insurance_payment
30045;426;4201.2;loan_payment
30046;426;7497.0;household_utility
30047;426;886.0;other_unknown
30048;427;8166.0;household_utility
30049;428;3987.0;household_utility
30050;429;5286.0;household_utility
30051;431;6482.0;household_utility
30052;431;715.0;other_unknown
30053;434;5666.0;household_utility
30054;434;1637.0;other_unknown
30055;435;3189.0;household_utility
30056;436;4885.0;household_utility
30057;436;72.0;other_unknown
30058;436;293.0;insurance_payment
30059;437;2248.0;household_utility
30060;437;3106.0;other_unknown
30061;440;5825.0;household_utility
30062;440;1756.0;loan_payment
30063;441;4473.0;leasing
30064;441;3041.0;household_utility
30065;441;765.0;other_unknown
30066;442;7455.0;loan_payment
30067;442;5606.0;household_utility
30068;442;2068.0;other_unknown
30069;443;1508.0;household_utility
30070;443;463.0;other_unknown
30071;443;67.0;insurance_payment
30072;444;4469.0;household_utility
30073;445;3998.0;household_utility
30074;445;7567.0;other_unknown
30075;446;6941.0;household_utility
30076;447;5554.0;household_utility
30077;447;554.0;leasing
30080;449;164.0;household_utility
30081;449;1789.0;household_utility
30082;450;2404.0;household_utility
30083;451;7208.0;loan_payment
30084;452;5058.0;household_utility
30085;452;375.0;other_unknown
30086;453;7012.0;household_utility
30087;454;5687.0;household_utility
30088;455;8339.0;household_utility
30089;456;4783.1;leasing
30092;458;9586.0;household_utility
30093;458;1031.0;leasing
30094;460;3554.0;household_utility
30095;461;1530.0;household_utility
30096;462;8325.0;household_utility
30097;463;6385.0;household_utility
30098;464;3509.0;household_utility
30099;465;1278.5;leasing
30100;465;11126.0;household_utility
30101;467;3937.0;household_utility
30102;467;2895.0;other_unknown
30103;468;3735.0;household_utility
30104;468;499.0;other_unknown
30105;469;2672.0;household_utility
30106;470;3568.0;household_utility
30107;470;630.0;other_unknown
30108;470;1078.0;insurance_payment
30109;471;4695.0;household_utility
30110;471;931.0;other_unknown
30111;471;253.0;insurance_payment
30112;471;202.0;other_unknown
30113;472;8200.2;loan_payment
30114;473;4237.0;household_utility
30115;473;2640.0;other_unknown
30116;473;75.0;insurance_payment
30117;473;333.0;other_unknown
30118;474;694.0;household_utility
30119;474;1606.0;other_unknown
30120;475;2760.0;household_utility
30121;477;2660.0;household_utility
30122;477;254.0;other_unknown
30123;477;463.0;insurance_payment
30124;478;8137.0;household_utility
30125;479;2064.0;household_utility
30126;480;4687.0;household_utility
30127;480;827.0;leasing
30128;481;64.0;household_utility
30129;481;1825.0;household_utility
30134;483;1940.0;household_utility
30135;484;1652.0;household_utility
30136;484;1995.0;other_unknown
30137;484;108.0;insurance_payment
30138;484;1412.0;other_unknown
30139;485;2629.6;leasing
30140;485;7421.0;household_utility
30141;485;1591.0;other_unknown
30142;485;3572.0;insurance_payment
30143;487;10684.0;household_utility
30144;489;5608.0;household_utility
30145;490;2042.0;household_utility
30146;491;9090.0;household_utility
30147;494;2629.6;leasing
30148;494;8728.0;household_utility
30149;494;207.0;other_unknown
30153;496;3602.0;household_utility
30154;497;3405.0;household_utility
30157;500;2629.6;leasing
30158;500;3267.0;household_utility
30159;500;539.0;other_unknown
30160;501;4382.7;loan_payment
30161;502;2498.0;household_utility
30162;503;7175.0;household_utility
30163;503;1746.0;leasing
30164;504;2308.0;household_utility
30165;505;18.0;household_utility
30166;505;2203.0;other_unknown
30167;506;3011.0;household_utility
30168;506;107.0;other_unknown
30169;506;278.0;insurance_payment
30170;506;724.0;other_unknown
30171;508;2480.0;household_utility
30172;509;6261.0;loan_payment
30173;510;2442.0;household_utility
30174;510;1319.0;other_unknown
30175;510;1043.0;insurance_payment
30176;511;2629.6;leasing
30177;512;9449.0;household_utility
30178;513;7908.0;household_utility
30179;514;5760.0;household_utility
30180;515;2750.0;household_utility
30181;516;3736.0;household_utility
30182;517;9255.0;household_utility
30183;518;1338.0;household_utility
30184;518;2015.0;household_utility
30185;519;3245.0;household_utility
30186;520;2332.0;household_utility
30187;521;4234.0;household_utility
30188;522;77.0;household_utility
30189;522;4930.0;other_unknown
30190;524;5768.0;household_utility
30191;525;4382.7;loan_payment
30192;525;6454.0;household_utility
30193;526;5074.0;household_utility
30195;528;2916.0;household_utility
30196;529;3344.0;household_utility
30197;531;2144.0;household_utility
30198;533;1319.0;household_utility
30199;533;3427.0;other_unknown
30200;534;1747.0;household_utility
30201;534;713.0;other_unknown
30202;534;1341.0;insurance_payment
30203;535;7021.0;household_utility
30204;535;62.0;other_unknown
30205;535;765.0;insurance_payment
30206;536;1742.0;household_utility
30207;536;827.0;household_utility
30208;537;1848.0;household_utility
30209;538;2692.0;household_utility
30210;541;3030.0;household_utility
30211;541;72.0;other_unknown
30212;541;5626.0;insurance_payment
30213;542;2750.0;household_utility
30214;543;647.0;household_utility
30215;543;1086.0;other_unknown
30216;543;655.0;insurance_payment
30217;544;3798.2;loan_payment
30218;545;3306.0;household_utility
30219;546;2940.0;household_utility
30220;547;2273.0;household_utility
30221;548;1285.0;household_utility
30222;548;528.0;household_utility
30223;549;1067.0;household_utility
30224;549;3024.0;other_unknown
30225;550;1247.0;household_utility
30226;550;349.0;household_utility
30227;552;2097.0;household_utility
30228;555;7218.0;household_utility
30229;555;479.0;other_unknown
30230;555;71.0;insurance_payment
30231;557;2050.0;household_utility
30232;558;4081.0;household_utility
30233;558;1476.0;other_unknown
30234;559;2175.0;household_utility
30235;560;5683.0;household_utility
30236;561;343.0;household_utility
30237;561;1308.0;household_utility
30238;563;6245.0;household_utility
30239;564;295.0;household_utility
30240;564;8713.0;other_unknown
30241;565;3509.0;household_utility
30242;568;1408.0;leasing
30243;569;2074.0;household_utility
30244;570;6273.0;household_utility
30245;571;3255.0;household_utility
30246;572;5372.0;household_utility
30247;572;960.0;other_unknown
30248;572;349.0;insurance_payment
30249;572;1413.0;leasing
30250;573;2249.0;leasing
30251;575;756.0;household_utility
30252;575;5329.0;other_unknown
30253;576;3662.0;household_utility
30254;577;5120.0;household_utility
30255;578;5484.0;household_utility
30256;578;601.0;other_unknown
30257;578;17.0;insurance_payment
30258;578;57.0;other_unknown
30259;579;2771.0;household_utility
30260;579;1065.0;other_unknown
30261;580;3571.0;household_utility
30262;580;1715.0;other_unknown
30263;581;1502.0;household_utility
30264;582;2812.0;household_utility
30266;584;2302.0;household_utility
30267;588;3141.0;household_utility
30268;588;1437.0;other_unknown
30269;588;511.0;insurance_payment
30270;589;5746.0;household_utility
30271;591;2788.0;household_utility
30272;592;1148.0;household_utility
30273;592;460.0;household_utility
30274;594;2054.0;household_utility
30275;595;4702.0;household_utility
30276;597;6135.0;household_utility
30277;598;7781.0;household_utility
30278;599;3118.0;household_utility
30279;599;967.0;other_unknown
30280;600;5952.0;household_utility
30281;601;2230.0;household_utility
30282;602;3191.0;household_utility
30283;603;4361.0;household_utility
30284;605;6876.0;household_utility
30285;606;7140.0;household_utility
30286;606;1071.0;other_unknown
30287;607;2082.0;household_utility
30288;608;2895.0;household_utility
30289;609;1171.0;household_utility
30290;609;732.0;other_unknown
30291;609;67.0;insurance_payment
30292;611;2284.0;household_utility
30293;612;1936.0;household_utility
30294;614;1664.0;household_utility
30295;615;309.0;household_utility
30296;615;1787.0;other_unknown
30297;616;1869.0;household_utility
30298;617;2607.2;leasing
30299;617;13080.0;household_utility
30300;618;747.0;household_utility
30301;618;3035.0;other_unknown
30302;619;1729.0;household_utility
30303;619;6538.0;other_unknown
30304;621;366.0;household_utility
30305;621;3043.0;other_unknown
30306;622;6255.0;household_utility
30307;622;594.0;other_unknown
30308;622;2568.0;insurance_payment
30309;622;11.0;other_unknown
30310;623;419.0;household_utility
30311;623;1653.0;other_unknown
30312;625;2607.2;leasing
30313;625;11457.0;household_utility
30314;626;3639.0;household_utility
30315;627;8228.0;household_utility
30316;627;554.0;leasing
30317;628;3028.0;household_utility
30318;629;1207.0;household_utility
30319;629;1500.0;household_utility
30320;630;2361.0;household_utility
30321;631;2394.0;household_utility
30322;632;842.0;household_utility
30323;632;199.0;other_unknown
30324;632;1092.0;insurance_payment
30325;633;3177.0;household_utility
30327;635;1683.0;household_utility
30328;635;2707.0;other_unknown
30329;635;2160.0;insurance_payment
30330;635;1547.0;other_unknown
30331;636;3056.0;household_utility
30332;637;1934.0;household_utility
30333;638;2487.0;household_utility
30334;638;4668.0;other_unknown
30335;638;873.0;insurance_payment
30336;639;2046.0;household_utility
30337;640;2891.0;household_utility
30338;641;3330.0;household_utility
30340;644;946.0;household_utility
30341;644;1026.0;other_unknown
30342;645;13466.0;household_utility
30343;646;4876.0;household_utility
30344;647;6465.0;household_utility
30345;648;9240.0;household_utility
30346;649;3430.1;leasing
30347;650;1697.0;household_utility
30348;651;2652.0;household_utility
30349;651;4062.0;other_unknown
30350;652;7591.0;household_utility
30351;653;5397.0;household_utility
30352;654;2885.0;household_utility
30353;655;1899.0;household_utility
30354;655;2036.0;other_unknown
30355;655;193.0;insurance_payment
30356;655;341.0;other_unknown
30357;656;5477.0;household_utility
30358;657;1066.0;household_utility
30359;657;1862.0;other_unknown
30360;658;2703.0;household_utility
30361;659;1833.0;household_utility
30362;659;107.0;other_unknown
30363;660;1234.0;household_utility
30364;660;5338.0;other_unknown
30367;662;3330.0;household_utility
30370;664;2997.0;household_utility
30371;665;4149.0;household_utility
30372;666;3936.0;household_utility
30373;666;2282.0;other_unknown
30374;666;955.0;insurance_payment
30375;666;1045.0;loan_payment
30386;669;1947.0;household_utility
30390;673;4586.0;household_utility
30391;674;2058.0;household_utility
30392;675;6358.0;household_utility
30393;675;1704.0;loan_payment
30394;676;3017.0;household_utility
30395;678;1192.0;household_utility
30396;678;1929.0;other_unknown
30397;678;1967.0;insurance_payment
30398;679;4049.0;household_utility
30399;679;450.0;other_unknown
30400;679;281.0;insurance_payment
30401;680;4853.0;household_utility
30404;682;1477.0;household_utility
30405;682;537.0;other_unknown
30406;683;8578.0;household_utility
30407;684;1936.0;household_utility
30408;685;3847.2;leasing
30409;686;2212.0;household_utility
30410;686;2875.0;other_unknown
30411;686;983.0;insurance_payment
30412;687;1444.0;household_utility
30413;687;3998.0;other_unknown
30414;688;2509.0;household_utility
30415;689;3847.2;leasing
30416;689;4989.0;household_utility
30417;689;1388.0;other_unknown
30418;689;17.0;insurance_payment
30419;689;16.0;other_unknown
30420;690;7152.0;household_utility
30421;690;1749.0;leasing
30422;691;3342.0;household_utility
30423;692;4366.0;household_utility
30424;692;137.0;other_unknown
30425;693;6329.0;household_utility
30426;694;3096.0;household_utility
30427;695;9516.0;household_utility
30428;696;1299.0;household_utility
30429;696;280.0;household_utility
30430;697;6372.0;household_utility
30431;698;6177.0;household_utility
30432;700;1116.0;household_utility
30433;700;1646.0;other_unknown
30434;702;2813.0;household_utility
30435;703;2306.0;household_utility
30436;704;2141.0;household_utility
30437;704;1197.0;other_unknown
30438;705;4161.0;household_utility
30441;710;3200.0;household_utility
30442;711;3243.0;household_utility
30443;712;3847.2;leasing
30444;713;3581.0;household_utility
30445;714;3782.0;household_utility
30446;715;2877.0;household_utility
30447;715;1808.0;other_unknown
30448;715;1378.0;insurance_payment
30449;717;6561.0;household_utility
30450;718;6412.0;loan_payment
30451;718;726.0;household_utility
30452;718;7122.0;other_unknown
30453;718;6041.0;insurance_payment
30454;719;1991.0;household_utility
30455;720;3916.0;household_utility
30456;721;2194.0;household_utility
30466;725;2612.0;household_utility
30467;726;3198.0;household_utility
30468;728;1143.0;household_utility
30469;728;4119.0;other_unknown
30470;728;1863.0;leasing
30471;729;1872.0;household_utility
30472;729;114.0;other_unknown
30473;729;67.0;insurance_payment
30474;731;2706.0;household_utility
30475;732;5129.0;household_utility
30476;734;2228.0;household_utility
30477;735;1389.0;household_utility
30478;735;2187.0;household_utility
30479;736;2119.0;household_utility
30480;737;2817.0;household_utility
30481;738;970.0;household_utility
30482;738;82.0;other_unknown
30483;738;3671.0;insurance_payment
30484;739;5504.0;household_utility
30485;742;2048.0;household_utility
30486;743;2691.0;household_utility
30487;744;2165.0;household_utility
30488;745;1965.0;household_utility
30489;746;3452.0;household_utility
30490;747;2672.0;household_utility
30491;748;6492.0;household_utility
30492;749;4965.0;household_utility
30493;749;226.0;other_unknown
30494;749;51.0;insurance_payment
30495;749;26.0;other_unknown
30496;750;6615.0;household_utility
30497;751;2363.0;household_utility
30498;752;139.0;household_utility
30499;752;5568.0;other_unknown
30500;753;1602.0;household_utility
30501;754;1454.0;household_utility
30502;754;1629.0;household_utility
30503;755;3889.0;household_utility
30504;755;1443.0;other_unknown
30505;757;810.0;household_utility
30506;757;2289.0;other_unknown
30507;759;1952.0;household_utility
30508;760;3403.0;household_utility
30509;760;894.0;other_unknown
30510;760;909.0;insurance_payment
30511;762;3895.0;household_utility
30512;763;7417.0;household_utility
30513;764;2360.0;household_utility
30514;766;7032.0;household_utility
30515;767;3564.0;household_utility
30516;767;504.0;other_unknown
30517;767;109.0;insurance_payment
30518;767;22.0;other_unknown
30519;768;2814.0;household_utility
30523;771;214.0;household_utility
30524;771;4816.0;other_unknown
30525;772;4225.0;household_utility
30526;772;660.0;other_unknown
30527;772;280.0;insurance_payment
30530;775;1168.0;household_utility
30531;775;2439.0;other_unknown
30532;776;2277.0;household_utility
30533;776;1036.0;other_unknown
30534;776;170.0;insurance_payment
30535;777;6412.0;loan_payment
30536;780;6220.0;household_utility
30537;781;2054.0;household_utility
30538;782;3094.0;household_utility
30539;782;2472.0;other_unknown
30540;783;3242.0;household_utility
30541;784;1485.0;household_utility
30542;784;1215.0;other_unknown
30543;784;109.0;insurance_payment
30544;784;701.0;other_unknown
30545;785;4335.8;loan_payment
30546;785;7395.0;household_utility
30547;786;4953.0;household_utility
30548;786;365.0;other_unknown
30549;787;4395.0;household_utility
30550;787;122.0;other_unknown
30551;788;3096.0;household_utility
30552;789;2153.0;household_utility
30553;789;1641.0;other_unknown
30554;789;1522.0;loan_payment
30555;790;4335.8;loan_payment
30556;791;3054.0;household_utility
30557;792;485.0;household_utility
30558;792;1326.0;other_unknown
30559;792;588.0;insurance_payment
30560;793;1212.0;household_utility
30561;793;204.0;other_unknown
30562;793;851.0;insurance_payment
30563;794;1107.0;household_utility
30564;794;907.0;other_unknown
30565;795;2976.0;household_utility
30566;798;2182.0;household_utility
30567;800;2203.0;household_utility
30568;800;299.0;other_unknown
30569;801;2565.0;household_utility
30570;801;767.0;other_unknown
30571;802;1876.0;household_utility
30572;804;2342.0;household_utility
30573;804;682.0;other_unknown
30574;805;1424.4;leasing
30575;806;2298.0;household_utility
30576;807;12579.0;household_utility
30578;808;4492.0;loan_payment
30579;809;8298.0;household_utility
30580;810;2076.0;household_utility
30581;811;5171.7;loan_payment
30582;812;9128.0;household_utility
30583;813;2025.7;loan_payment
30584;814;1598.0;household_utility
30585;814;632.0;household_utility
30586;815;1949.0;household_utility
30587;816;2025.7;loan_payment
30588;816;4514.0;household_utility
30589;817;4605.0;household_utility
30590;817;8975.0;loan_payment
30594;820;210.0;household_utility
30595;820;5367.0;other_unknown
30596;821;1436.0;household_utility
30597;821;651.0;other_unknown
30598;822;1784.0;household_utility
30599;823;62.0;household_utility
30600;823;1515.0;other_unknown
30601;823;612.0;insurance_payment
30602;824;5406.0;household_utility
30603;825;9235.0;household_utility
30604;825;4423.0;loan_payment
30605;826;4550.0;household_utility
30606;826;866.0;other_unknown
30607;826;169.0;insurance_payment
30608;827;2260.0;household_utility
30609;828;8852.0;household_utility
30610;829;2120.0;household_utility
30611;831;2291.0;household_utility
30612;832;2135.0;household_utility
30613;833;3462.0;household_utility
30614;834;2473.0;household_utility
30617;836;125.0;household_utility
30618;836;2934.0;other_unknown
30619;837;9250.0;household_utility
30620;839;4254.0;household_utility
30621;840;4606.0;household_utility
30622;841;2109.0;household_utility
30623;842;3278.0;household_utility
30624;843;955.0;household_utility
30625;843;128.0;other_unknown
30626;843;897.0;insurance_payment
30627;844;1640.0;household_utility
30628;844;12531.0;other_unknown
30629;845;9651.0;household_utility
30630;846;7795.5;loan_payment
30631;848;3400.0;household_utility
30632;848;1590.0;other_unknown
30633;848;1025.0;insurance_payment
30634;850;14811.0;household_utility
30635;851;2090.0;leasing
30636;851;3254.0;household_utility
30637;851;881.0;other_unknown
30638;852;69.0;household_utility
30639;852;2013.0;other_unknown
30640;853;4673.0;household_utility
30641;853;1378.0;other_unknown
30642;854;382.0;household_utility
30643;854;1105.0;other_unknown
30644;854;2843.0;insurance_payment
30645;854;1817.0;loan_payment
30646;855;6608.0;household_utility
30647;856;3625.0;household_utility
30648;856;571.0;other_unknown
30649;856;137.0;insurance_payment
30650;856;1404.0;other_unknown
30651;857;3019.0;household_utility
30652;858;5456.0;household_utility
30653;859;463.0;household_utility
30654;859;855.0;other_unknown
30655;859;1657.0;insurance_payment
30656;859;955.0;other_unknown
30657;860;8071.0;household_utility
30658;861;9105.0;household_utility
30659;861;478.0;other_unknown
30660;862;3122.0;household_utility
30661;863;4433.3;leasing
30662;863;6087.0;household_utility
30663;864;3699.0;household_utility
30664;865;409.0;household_utility
30665;865;1885.0;other_unknown
30666;866;465.0;household_utility
30667;866;38.0;other_unknown
30668;866;504.0;insurance_payment
30669;866;3844.0;other_unknown
30670;867;9718.0;household_utility
30671;867;2820.0;other_unknown
30672;867;405.0;insurance_payment
30673;868;3239.0;household_utility
30674;868;3119.0;other_unknown
30675;870;4562.0;household_utility
30676;871;5168.0;household_utility
30677;872;2762.0;household_utility
30678;873;878.0;household_utility
30679;873;1540.0;other_unknown
30680;873;2211.0;insurance_payment
30681;873;2975.0;loan_payment
30682;874;1642.3;leasing
30683;874;1053.0;household_utility
30684;874;7025.0;other_unknown
30685;875;3837.0;household_utility
30686;876;3796.0;household_utility
30687;877;2115.0;household_utility
30688;877;1513.0;other_unknown
30689;878;3943.0;household_utility
30690;879;2094.0;household_utility
30691;880;1690.1;leasing
30692;880;4840.0;household_utility
30698;882;3306.0;household_utility
30699;883;6195.0;household_utility
30700;883;1756.0;other_unknown
30701;883;455.0;insurance_payment
30702;884;2259.0;household_utility
30703;885;872.0;household_utility
30704;885;2420.0;other_unknown
30705;886;9034.0;household_utility
30706;887;3009.0;household_utility
30707;888;1592.0;household_utility
30708;889;1292.0;household_utility
30709;889;1965.0;household_utility
30710;890;3136.0;household_utility
30711;891;1784.0;household_utility
30712;892;406.0;household_utility
30713;892;2509.0;household_utility
30714;894;2914.0;household_utility
30715;895;523.0;household_utility
30716;895;1454.0;other_unknown
30717;896;3220.0;household_utility
30718;897;2910.0;household_utility
30719;897;6676.0;other_unknown
30720;898;2882.0;household_utility
30721;898;1582.0;other_unknown
30722;899;1626.6;leasing
30723;900;5950.0;household_utility
30724;901;1910.0;household_utility
30725;902;260.0;household_utility
30726;902;1869.0;other_unknown
30727;902;1726.0;insurance_payment
30728;903;2580.0;household_utility
30729;905;6086.0;household_utility
30730;905;37.0;other_unknown
30731;905;53.0;insurance_payment
30732;906;2240.0;household_utility
30733;907;2118.0;household_utility
30734;909;1950.0;household_utility
30735;910;1937.0;household_utility
30736;911;9600.0;household_utility
30737;911;968.0;other_unknown
30738;912;2332.0;household_utility
30739;913;2128.0;household_utility
30740;913;2357.0;other_unknown
30741;913;4499.0;insurance_payment
30742;914;2298.0;household_utility
30743;915;6449.0;loan_payment
30744;915;14291.0;household_utility
30745;916;5299.0;household_utility
30746;917;4669.0;household_utility
30747;918;10076.0;household_utility
30748;918;2039.0;other_unknown
30749;919;4850.0;household_utility
30750;920;2437.0;household_utility
30751;921;1240.0;household_utility
30752;921;536.0;household_utility
30753;922;898.0;household_utility
30754;922;255.0;other_unknown
30755;922;1652.0;insurance_payment
30756;923;2087.0;household_utility
30757;924;308.0;household_utility
30758;924;1904.0;other_unknown
30759;925;5395.0;household_utility
30760;925;1068.0;leasing
30761;926;1748.0;household_utility
30762;927;1623.0;household_utility
30763;927;5782.0;other_unknown
30764;928;4561.0;household_utility
30765;929;5884.0;household_utility
30766;930;9356.0;household_utility
30767;931;998.0;household_utility
30768;931;1151.0;other_unknown
30769;931;461.0;insurance_payment
30770;931;864.0;other_unknown
30771;932;2793.0;household_utility
30772;933;2584.0;household_utility
30773;934;3236.0;household_utility
30774;935;2118.0;household_utility
30775;936;2780.0;household_utility
30776;936;224.0;household_utility
30777;937;1751.0;household_utility
30778;938;3282.0;household_utility
30779;938;371.0;loan_payment
30780;939;2108.0;household_utility
30781;940;4738.0;loan_payment
30782;941;3871.0;household_utility
30783;943;2144.0;household_utility
30784;944;5361.0;household_utility
30785;945;8215.0;household_utility
30786;947;1546.0;household_utility
30787;947;1143.0;other_unknown
30791;950;8910.0;household_utility
30792;951;2371.0;household_utility
30793;952;4946.0;household_utility
30794;953;1768.0;household_utility
30795;953;185.0;other_unknown
30796;954;357.0;household_utility
30797;954;1242.0;other_unknown
30798;954;1906.0;insurance_payment
30799;955;7411.0;household_utility
30800;957;2126.0;household_utility
30801;958;3990.0;household_utility
30802;959;579.0;household_utility
30803;959;2180.0;household_utility
30804;960;3151.0;loan_payment
30805;960;5940.0;household_utility
30806;961;8255.0;household_utility
30807;963;3799.0;household_utility
30808;965;2853.0;household_utility
30809;966;2129.0;household_utility
30810;967;6824.0;household_utility
30811;968;7262.0;household_utility
30812;970;5260.0;household_utility
30813;971;3860.0;household_utility
30814;972;897.0;household_utility
30815;972;1141.0;other_unknown
30816;973;2909.0;household_utility
30817;975;3550.0;household_utility
30818;976;5244.0;household_utility
30819;977;6846.0;household_utility
30820;978;2062.0;household_utility
30821;979;5354.0;household_utility
30822;980;3632.0;household_utility
30823;980;2889.0;other_unknown
30824;981;1069.0;household_utility
30825;981;2769.0;other_unknown
30826;982;2505.0;household_utility
30827;982;188.0;other_unknown
30828;982;148.0;insurance_payment
30829;982;192.0;other_unknown
30834;984;5911.0;household_utility
30835;985;2227.0;household_utility
30836;986;2146.0;household_utility
30837;987;3528.0;household_utility
30838;988;2512.0;household_utility
30839;989;2262.0;household_utility
30840;989;1147.0;household_utility
30841;990;7538.0;household_utility
30842;991;6748.0;household_utility
30843;992;3231.0;household_utility
30844;992;1071.0;other_unknown
30845;992;335.0;insurance_payment
30846;992;2450.0;other_unknown
30847;993;1812.3;loan_payment
30848;995;2153.0;household_utility
30849;995;143.0;other_unknown
30850;996;1934.0;household_utility
30851;997;1046.0;household_utility
30852;997;700.0;other_unknown
30853;997;688.0;insurance_payment
30854;997;36.0;other_unknown
30855;998;7641.0;household_utility
30859;1000;3179.0;household_utility
30860;1000;1475.0;other_unknown
30861;1000;2852.0;insurance_payment
30864;1002;1293.0;household_utility
30865;1002;1092.0;other_unknown
30866;1002;470.0;insurance_payment
30867;1003;5276.0;household_utility
30868;1003;185.0;other_unknown
30869;1004;5237.0;loan_payment
30870;1005;3302.0;leasing
30871;1005;7896.0;household_utility
30872;1006;390.0;household_utility
30873;1006;2008.0;other_unknown
30874;1006;60.0;insurance_payment
30875;1006;33.0;other_unknown
30876;1008;2691.0;household_utility
30877;1009;7521.0;household_utility
30880;1011;3400.5;loan_payment
30881;1011;7085.0;household_utility
30882;1012;4090.8;loan_payment
30883;1013;2081.0;household_utility
30884;1015;3925.0;household_utility
30885;1016;2619.0;household_utility
30886;1016;2155.0;other_unknown
30887;1017;4492.0;household_utility
30888;1017;477.0;other_unknown
30889;1018;1614.0;household_utility
30890;1018;1028.0;other_unknown
30891;1019;8127.0;household_utility
30892;1019;608.0;other_unknown
30893;1019;629.0;insurance_payment
30894;1020;1874.0;household_utility
30895;1020;105.0;other_unknown
30896;1020;10.0;insurance_payment
30897;1021;2259.0;household_utility
30898;1024;2074.0;household_utility
30905;1026;8099.0;household_utility
30906;1026;335.0;other_unknown
30907;1027;2117.0;household_utility
30908;1029;8136.0;household_utility
30909;1029;342.0;other_unknown
30910;1030;664.0;household_utility
30911;1030;1050.0;household_utility
30912;1031;6817.0;household_utility
30913;1031;747.0;other_unknown
30914;1031;51.0;insurance_payment
30915;1031;551.0;leasing
30916;1034;4219.0;household_utility
30917;1035;2194.0;household_utility
30918;1035;4942.0;other_unknown
30919;1036;4095.0;household_utility
30920;1037;1062.0;household_utility
30921;1037;940.0;other_unknown
30922;1037;1157.0;insurance_payment
30923;1037;62.0;other_unknown
30924;1038;2006.0;household_utility
30925;1038;141.0;other_unknown
30926;1040;2342.0;leasing
30927;1040;7008.0;household_utility
30930;1043;6433.0;household_utility
30931;1044;2880.0;household_utility
30932;1044;188.0;other_unknown
30933;1045;1730.0;household_utility
30934;1046;7399.0;household_utility
30935;1047;4339.0;household_utility
30936;1048;3852.0;household_utility
30937;1049;1545.0;household_utility
30938;1049;954.0;other_unknown
30939;1050;5673.0;household_utility
30940;1053;1043.0;household_utility
30941;1053;2439.0;other_unknown
30942;1054;4736.0;household_utility
30943;1055;2047.0;household_utility
30944;1056;2531.7;leasing
30945;1056;5692.0;household_utility
30946;1057;3090.0;household_utility
30947;1058;4761.0;household_utility
30948;1058;408.0;other_unknown
30949;1059;232.0;household_utility
30950;1059;1914.0;other_unknown
30951;1061;3790.0;household_utility
30952;1062;7844.0;household_utility
30953;1064;2918.0;household_utility
30954;1067;7811.0;household_utility
30955;1068;4219.5;loan_payment
30956;1068;4737.0;household_utility
30957;1068;3273.0;other_unknown
30958;1068;632.0;insurance_payment
30959;1069;3080.0;household_utility
30960;1070;5116.0;household_utility
30961;1071;4219.5;loan_payment
30962;1072;3520.0;household_utility
30963;1073;3843.0;household_utility
30964;1074;1416.0;leasing
30965;1075;3868.0;household_utility
30966;1075;208.0;other_unknown
30967;1076;2640.0;household_utility
30968;1076;4447.0;other_unknown
30969;1078;3423.0;household_utility
30970;1079;10392.0;household_utility
30971;1080;6185.0;household_utility
30972;1081;2484.0;household_utility
30973;1082;2189.0;household_utility
30974;1083;1930.0;household_utility
30975;1083;835.0;other_unknown
30976;1083;4351.0;insurance_payment
30977;1083;1416.0;loan_payment
30980;1085;8537.0;household_utility
30981;1086;1376.0;household_utility
30982;1086;474.0;other_unknown
30983;1086;86.0;insurance_payment
30984;1088;3032.0;household_utility
30985;1089;756.0;household_utility
30986;1089;2962.0;other_unknown
30987;1090;3317.0;household_utility
30988;1092;5664.0;household_utility
30989;1093;8022.8;loan_payment
30990;1093;10261.0;household_utility
30991;1094;1408.0;household_utility
30992;1094;747.0;household_utility
30993;1095;1119.0;household_utility
30994;1095;3773.0;other_unknown
30995;1095;896.0;insurance_payment
30996;1095;1787.0;other_unknown
30997;1096;3488.0;household_utility
30998;1097;7636.0;household_utility
30999;1097;870.0;other_unknown
31000;1097;577.0;insurance_payment
31001;1097;42.0;other_unknown
31002;1098;619.0;household_utility
31003;1098;1007.0;household_utility
31009;1100;174.0;household_utility
31010;1100;882.0;other_unknown
31011;1100;1103.0;insurance_payment
31012;1101;7553.0;household_utility
31013;1102;3559.0;household_utility
31014;1104;8840.0;household_utility
31015;1105;1839.0;household_utility
31016;1105;4015.0;other_unknown
31017;1106;8022.8;loan_payment
31018;1107;1746.0;household_utility
31019;1108;31.0;household_utility
31020;1108;2335.0;household_utility
31021;1110;5427.0;household_utility
31022;1111;3962.0;household_utility
31023;1113;3837.0;household_utility
31024;1113;1809.0;other_unknown
31025;1114;3350.0;household_utility
31026;1115;2293.0;household_utility
31027;1116;8086.0;household_utility
31028;1117;1640.0;household_utility
31029;1117;1075.0;household_utility
31030;1118;3637.0;household_utility
31031;1118;1388.0;other_unknown
31034;1120;1508.0;household_utility
31035;1120;1195.0;household_utility
31036;1123;2444.0;household_utility
31037;1123;6668.0;other_unknown
31038;1124;4813.7;leasing
31039;1124;1030.0;household_utility
31040;1124;2739.0;other_unknown
31041;1125;7895.0;loan_payment
31042;1125;11827.0;household_utility
31043;1125;238.0;other_unknown
31044;1125;1.0;insurance_payment
31045;1126;2791.0;household_utility
31046;1127;6260.0;household_utility
31047;1128;2070.0;household_utility
31048;1129;4604.0;household_utility
31049;1129;2085.0;other_unknown
31050;1130;2241.0;household_utility
31053;1133;2103.0;household_utility
31054;1133;895.0;household_utility
31055;1134;1973.0;household_utility
31056;1134;6007.0;other_unknown
31057;1135;1735.0;household_utility
31058;1136;3081.8;leasing
31059;1136;6249.0;household_utility
31060;1136;2884.0;other_unknown
31061;1137;2121.0;household_utility
31062;1139;3081.8;leasing
31063;1139;1191.0;household_utility
31064;1139;3110.0;other_unknown
31065;1139;2386.0;insurance_payment
31066;1139;479.0;other_unknown
31067;1140;2790.0;household_utility
31068;1141;1028.0;household_utility
31069;1141;907.0;other_unknown
31070;1141;248.0;insurance_payment
31071;1142;2077.0;household_utility
31075;1144;2250.0;household_utility
31076;1145;478.0;household_utility
31077;1145;1469.0;other_unknown
31078;1146;3437.0;household_utility
31079;1146;1384.0;other_unknown
31081;1151;3263.0;household_utility
31082;1152;2186.0;household_utility
31083;1153;4918.0;household_utility
31084;1153;1033.0;other_unknown
31085;1154;3475.0;household_utility
31086;1155;2260.0;household_utility
31087;1158;2171.0;household_utility
31088;1159;6470.0;household_utility
31089;1160;3487.0;household_utility
31090;1160;171.0;other_unknown
31091;1161;3947.0;household_utility
31096;1165;8270.0;household_utility
31097;1166;3105.2;loan_payment
31098;1166;4397.0;household_utility
31102;1168;2432.0;household_utility
31103;1168;1838.0;other_unknown
31104;1168;48.0;insurance_payment
31105;1168;40.0;other_unknown
31106;1169;7748.0;household_utility
31107;1169;591.0;other_unknown
31108;1170;2279.3;leasing
31109;1170;13057.0;household_utility
31110;1171;7893.0;household_utility
31111;1173;950.0;household_utility
31112;1173;1352.0;other_unknown
31113;1174;720.0;household_utility
31114;1174;829.0;other_unknown
31115;1174;3182.0;insurance_payment
31119;1176;2267.0;household_utility
31120;1177;541.0;household_utility
31121;1177;3499.0;other_unknown
31122;1177;6306.0;loan_payment
31123;1178;5639.0;household_utility
31124;1179;2808.0;household_utility
31125;1181;3418.0;household_utility
31126;1181;329.0;other_unknown
31127;1181;123.0;insurance_payment
31128;1182;1662.7;leasing
31129;1183;1882.0;household_utility
31130;1183;1046.0;other_unknown
31131;1185;2581.0;household_utility
31132;1185;249.0;household_utility
31133;1187;2288.0;household_utility
31134;1188;4421.0;household_utility
31135;1189;1944.0;household_utility
31136;1189;344.0;other_unknown
31137;1190;8249.0;household_utility
31142;1193;7334.0;household_utility
31143;1194;3171.0;household_utility
31144;1195;1890.0;household_utility
31145;1195;453.0;household_utility
31146;1196;12445.0;household_utility
31147;1197;2582.0;household_utility
31148;1199;1948.0;household_utility
31149;1199;762.0;other_unknown
31150;1200;3743.0;household_utility
31151;1200;525.0;other_unknown
31152;1200;3156.0;insurance_payment
31153;1201;5873.0;household_utility
31154;1201;1836.0;other_unknown
31159;1203;465.0;household_utility
31160;1203;3232.0;other_unknown
31161;1203;118.0;insurance_payment
31162;1203;346.0;other_unknown
31163;1204;2154.0;household_utility
31164;1204;4992.0;other_unknown
31165;1205;2989.0;household_utility
31166;1206;3279.0;household_utility
31167;1207;9252.0;household_utility
31168;1207;1110.0;leasing
31169;1208;4426.0;household_utility
31170;1208;2126.0;other_unknown
31171;1209;3568.0;household_utility
31172;1211;3073.0;household_utility
31173;1211;890.0;other_unknown
31174;1211;372.0;insurance_payment
31175;1212;2805.0;household_utility
31176;1213;2984.0;household_utility
31177;1214;4469.0;household_utility
31178;1215;2508.0;household_utility
31179;1216;2349.0;household_utility
31180;1217;151.0;household_utility
31181;1217;1956.0;other_unknown
31182;1218;3213.4;leasing
31183;1219;3986.0;household_utility
31184;1220;2770.0;household_utility
31185;1221;3213.4;leasing
31186;1222;1727.0;household_utility
31187;1223;1398.0;household_utility
31188;1223;4963.0;other_unknown
31194;1226;3826.0;household_utility
31195;1227;5511.0;household_utility
31196;1227;101.0;other_unknown
31197;1227;980.0;insurance_payment
31198;1227;2344.0;other_unknown
31199;1228;1980.0;household_utility
31200;1229;5505.0;household_utility
31201;1230;3213.4;leasing
31202;1231;3485.0;household_utility
31203;1231;665.0;leasing
31204;1233;2260.0;household_utility
31205;1234;2236.0;household_utility
31206;1235;1843.0;household_utility
31207;1235;1049.0;household_utility
31208;1238;2256.0;household_utility
31209;1239;3744.0;household_utility
31210;1240;4353.0;household_utility
31211;1241;1368.0;household_utility
31212;1241;2201.0;other_unknown
31213;1241;227.0;insurance_payment
31214;1242;5355.7;loan_payment
31215;1242;4910.0;household_utility
31216;1242;3674.0;other_unknown
31217;1242;422.0;insurance_payment
31218;1242;38.0;other_unknown
31219;1244;903.0;household_utility
31220;1244;2122.0;other_unknown
31221;1244;406.0;insurance_payment
31222;1244;54.0;other_unknown
31223;1244;748.0;loan_payment
31224;1245;3611.0;household_utility
31225;1246;3239.0;household_utility
31226;1247;2077.0;loan_payment
31227;1248;3176.0;household_utility
31228;1249;704.0;household_utility
31229;1249;392.0;other_unknown
31230;1249;1361.0;insurance_payment
31231;1250;3805.2;loan_payment
31232;1250;61.0;household_utility
31233;1250;10069.0;other_unknown
31234;1251;7870.0;household_utility
31235;1252;4114.7;loan_payment
31236;1253;3865.0;household_utility
31237;1253;5330.0;other_unknown
31238;1255;4598.0;loan_payment
31239;1256;1178.0;household_utility
31240;1256;5450.0;other_unknown
31241;1256;1974.0;loan_payment
31242;1257;4387.0;household_utility
31243;1258;759.0;household_utility
31244;1258;1174.0;other_unknown
31245;1259;724.0;household_utility
31246;1259;2108.0;other_unknown
31247;1259;464.0;insurance_payment
31248;1259;1429.0;loan_payment
31249;1260;6594.0;household_utility
31250;1261;9222.0;household_utility
31251;1262;2821.0;household_utility
31252;1264;6605.0;household_utility
31253;1265;1870.0;household_utility
31254;1266;9291.0;household_utility
31255;1267;2271.0;household_utility
31256;1267;867.0;other_unknown
31257;1267;21.0;insurance_payment
31258;1267;1672.0;other_unknown
31259;1268;2220.0;household_utility
31260;1269;6840.0;household_utility
31261;1269;599.0;other_unknown
31262;1270;2077.3;loan_payment
31263;1270;4162.0;household_utility
31264;1271;4128.0;household_utility
31265;1272;1246.4;leasing
31266;1273;3863.0;household_utility
31267;1275;1903.0;household_utility
31268;1276;3839.0;household_utility
31269;1276;508.0;other_unknown
31270;1276;169.0;insurance_payment
31271;1277;3175.0;household_utility
31276;1279;3587.0;household_utility
31277;1280;2491.0;household_utility
31282;1284;4375.5;loan_payment
31283;1285;7213.0;household_utility
31284;1286;8500.0;household_utility
31285;1287;2623.0;household_utility
31286;1287;6619.0;other_unknown
31287;1287;525.0;insurance_payment
31288;1288;2948.0;household_utility
31289;1289;6950.0;household_utility
31291;1291;1333.0;household_utility
31292;1291;335.0;household_utility
31293;1292;1653.0;household_utility
31294;1292;1457.0;other_unknown
31295;1292;221.0;insurance_payment
31296;1293;3484.0;household_utility
31297;1294;1404.0;household_utility
31298;1294;2177.0;other_unknown
31299;1295;3282.0;household_utility
31300;1296;1607.0;household_utility
31301;1297;2878.0;household_utility
31302;1297;3311.0;other_unknown
31303;1298;5822.0;household_utility
31304;1299;317.0;household_utility
31305;1299;2291.0;other_unknown
31308;1302;3924.0;household_utility
31309;1303;3601.0;household_utility
31310;1304;2368.9;leasing
31311;1306;5023.0;household_utility
31312;1306;942.0;other_unknown
31313;1306;1888.0;insurance_payment
31314;1307;3297.0;household_utility
31315;1308;3206.0;household_utility
31316;1309;2600.0;leasing
31317;1309;10199.0;household_utility
31318;1311;9327.0;household_utility
31319;1312;1690.0;household_utility
31320;1314;6889.0;household_utility
31321;1315;2813.0;household_utility
31322;1315;299.0;other_unknown
31323;1315;3160.0;insurance_payment
31324;1316;1130.0;household_utility
31325;1316;619.0;other_unknown
31326;1316;233.0;insurance_payment
31327;1317;3493.0;household_utility
31328;1318;5154.0;loan_payment
31329;1318;8677.0;household_utility
31330;1318;1762.0;other_unknown
31331;1318;2015.0;insurance_payment
31332;1318;744.0;other_unknown
31333;1319;6185.0;household_utility
31334;1319;884.0;other_unknown
31335;1319;1362.0;insurance_payment
31336;1320;4377.0;household_utility
31337;1320;907.0;other_unknown
31338;1320;149.0;insurance_payment
31339;1320;80.0;other_unknown
31340;1321;2683.0;household_utility
31341;1321;636.0;leasing
31342;1322;1485.0;household_utility
31343;1322;1431.0;household_utility
31344;1323;9720.0;household_utility
31345;1324;2741.0;household_utility
31346;1324;680.0;other_unknown
31347;1325;362.0;household_utility
31348;1325;1766.0;other_unknown
31349;1326;96.0;household_utility
31350;1326;786.0;other_unknown
31351;1326;1207.0;insurance_payment
31352;1326;954.0;other_unknown
31353;1328;3249.8;leasing
31354;1329;1960.2;loan_payment
31355;1329;3368.0;household_utility
31356;1329;5081.0;other_unknown
31358;1331;1096.0;household_utility
31359;1331;3320.0;other_unknown
31360;1332;4755.0;household_utility
31361;1333;6508.0;household_utility
31362;1335;5367.0;household_utility
31363;1335;1044.0;other_unknown
31364;1336;9426.0;household_utility
31365;1337;3264.0;household_utility
31366;1338;4545.0;household_utility
31367;1338;897.0;other_unknown
31368;1338;157.0;insurance_payment
31369;1340;818.0;household_utility
31370;1340;472.0;other_unknown
31371;1340;1120.0;insurance_payment
31372;1341;2098.0;household_utility
31373;1342;1079.0;leasing
31374;1342;2517.0;household_utility
31375;1342;1011.0;other_unknown
31376;1342;3665.0;insurance_payment
31380;1345;3294.0;household_utility
31381;1345;848.0;other_unknown
31382;1346;1592.0;household_utility
31383;1346;475.0;other_unknown
31384;1347;2066.0;household_utility
31385;1348;5025.0;household_utility
31386;1348;17.0;other_unknown
31387;1348;492.0;insurance_payment
31388;1349;2292.0;household_utility
31389;1349;1521.0;household_utility
31390;1350;1079.0;leasing
31391;1350;6875.0;household_utility
31392;1350;3493.0;other_unknown
31393;1351;2227.0;household_utility
31394;1352;2976.0;household_utility
31395;1352;3445.0;other_unknown
31396;1352;370.0;insurance_payment
31397;1352;213.0;other_unknown
31398;1353;651.0;household_utility
31399;1353;6646.0;other_unknown
31400;1354;3080.0;household_utility
31401;1355;3606.0;household_utility
31402;1357;2290.0;household_utility
31403;1358;2980.0;household_utility
31404;1361;6195.0;household_utility
31405;1363;5046.0;household_utility
31406;1363;1517.0;other_unknown
31407;1363;82.0;insurance_payment
31408;1363;243.0;other_unknown
31411;1365;2314.0;household_utility
31412;1366;4773.0;household_utility
31413;1366;310.0;other_unknown
31414;1366;1.0;insurance_payment
31415;1367;3872.0;household_utility
31416;1367;193.0;other_unknown
31417;1367;717.0;insurance_payment
31418;1367;431.0;other_unknown
31419;1368;4439.0;household_utility
31420;1369;6005.0;household_utility
31421;1369;1738.0;other_unknown
31422;1370;1852.0;household_utility
31423;1371;3074.0;household_utility
31424;1373;1628.0;household_utility
31425;1373;346.0;other_unknown
31426;1374;8107.3;loan_payment
31427;1375;5930.0;household_utility
31428;1375;1889.0;loan_payment
31429;1376;2731.0;household_utility
31430;1377;2272.0;household_utility
31431;1378;2953.0;household_utility
31432;1378;1347.0;other_unknown
31433;1378;693.0;insurance_payment
31434;1378;881.0;other_unknown
31435;1379;6953.0;household_utility
31436;1380;8829.0;household_utility
31437;1380;1100.0;other_unknown
31438;1380;1200.0;leasing
31439;1381;2705.0;household_utility
31440;1382;2059.0;household_utility
31441;1383;2173.0;household_utility
31442;1385;9834.0;household_utility
31447;1389;5227.7;loan_payment
31448;1389;6376.0;household_utility
31449;1390;1011.0;household_utility
31450;1390;6147.0;other_unknown
31451;1391;3053.0;household_utility
31452;1392;3081.0;household_utility
31453;1392;4216.0;other_unknown
31454;1393;5254.0;household_utility
31455;1394;1454.0;household_utility
31456;1394;646.0;household_utility
31457;1395;3432.0;household_utility
31458;1396;14707.0;household_utility
31459;1397;8319.0;household_utility
31460;1399;5427.0;household_utility
31461;1399;13.0;other_unknown
31462;1399;29.0;insurance_payment
31463;1399;345.0;other_unknown
31468;1401;2463.0;household_utility
31469;1402;2073.0;household_utility
31470;1402;2221.0;other_unknown
31471;1402;471.0;insurance_payment
31472;1402;374.0;other_unknown
31473;1403;9120.0;household_utility
31474;1404;2121.0;leasing
31475;1404;6306.0;household_utility
31476;1404;123.0;other_unknown
31477;1404;53.0;insurance_payment
31478;1404;483.0;other_unknown
31479;1405;2229.0;household_utility
31480;1405;158.0;other_unknown
31481;1406;2302.0;household_utility
31482;1406;458.0;household_utility
31483;1407;5227.7;loan_payment
31484;1407;14882.0;household_utility
31487;1410;3816.0;household_utility
31488;1411;5174.0;household_utility
31489;1412;936.0;household_utility
31490;1412;1773.0;other_unknown
31491;1412;1110.0;insurance_payment
31492;1413;2016.0;household_utility
31493;1413;3477.0;other_unknown
31494;1413;620.0;insurance_payment
31495;1414;1920.0;household_utility
31496;1414;5397.0;other_unknown
31497;1414;1817.0;insurance_payment
31500;1416;3688.0;leasing
31501;1417;7394.0;household_utility
31502;1418;6759.0;household_utility
31503;1419;3305.0;household_utility
31504;1420;1794.0;household_utility
31505;1422;2655.0;household_utility
31506;1423;2394.0;household_utility
31507;1423;1213.0;other_unknown
31508;1424;6224.0;household_utility
31509;1425;4069.0;household_utility
31510;1426;2681.0;household_utility
31511;1427;6046.0;household_utility
31513;1429;2166.0;household_utility
31514;1430;4127.0;loan_payment
31515;1432;3267.2;leasing
31516;1432;13590.0;household_utility
31518;1434;3214.0;household_utility
31519;1435;7949.0;household_utility
31520;1436;3104.0;household_utility
31521;1437;1753.0;household_utility
31522;1437;314.0;other_unknown
31523;1437;65.0;insurance_payment
31524;1437;29.0;other_unknown
31525;1439;2122.0;household_utility
31526;1440;56.0;household_utility
31527;1440;2020.0;other_unknown
31528;1440;56.0;insurance_payment
31529;1441;2425.0;household_utility
31530;1442;5950.0;household_utility
31531;1443;7505.0;household_utility
31532;1444;2024.0;household_utility
31533;1445;1361.0;household_utility
31534;1445;668.0;other_unknown
31535;1445;1075.0;insurance_payment
31536;1445;1420.0;other_unknown
31537;1446;4877.0;household_utility
31538;1447;2084.7;loan_payment
31539;1447;8210.0;household_utility
31540;1448;7156.0;loan_payment
31541;1449;2820.0;household_utility
31542;1449;320.0;other_unknown
31543;1450;3103.0;household_utility
31544;1451;3734.0;household_utility
31545;1453;1250.8;leasing
31546;1453;6820.0;household_utility
31547;1456;1250.8;leasing
31553;1458;3259.0;household_utility
31554;1459;1542.0;household_utility
31555;1459;582.0;other_unknown
31556;1460;3417.0;household_utility
31557;1461;4217.1;leasing
31558;1461;8705.0;household_utility
31560;1463;719.0;household_utility
31561;1463;1505.0;other_unknown
31562;1465;1904.0;household_utility
31563;1465;218.0;other_unknown
31564;1466;10056.0;household_utility
31565;1467;6814.0;household_utility
31566;1468;439.0;household_utility
31567;1468;1710.0;other_unknown
31568;1469;3574.0;household_utility
31569;1470;4060.0;household_utility
31570;1471;7823.0;household_utility
31571;1471;12.0;other_unknown
31572;1471;176.0;insurance_payment
31573;1472;3527.0;household_utility
31574;1472;2375.0;other_unknown
31575;1473;1984.0;household_utility
31576;1474;2695.0;household_utility
31577;1476;3467.0;household_utility
31578;1477;2100.0;household_utility
31579;1478;11931.0;household_utility
31580;1479;2162.0;household_utility
31581;1480;3425.2;loan_payment
31582;1481;2065.0;household_utility
31583;1482;2687.0;household_utility
31584;1482;1766.0;other_unknown
31585;1482;335.0;insurance_payment
31586;1483;1962.0;household_utility
31587;1483;2701.0;other_unknown
31588;1484;2346.0;household_utility
31589;1484;794.0;household_utility
31590;1485;336.0;household_utility
31591;1485;5949.0;other_unknown
31592;1485;1018.0;leasing
31593;1486;3592.0;household_utility
31594;1486;2291.0;other_unknown
31595;1486;2235.0;insurance_payment
31596;1487;2204.0;household_utility
31597;1488;5850.0;household_utility
31598;1488;230.0;other_unknown
31601;1490;1657.7;leasing
31602;1491;6966.0;household_utility
31603;1492;1546.0;household_utility
31604;1493;2264.0;household_utility
31605;1493;51.0;household_utility
31606;1495;3059.0;household_utility
31607;1495;670.0;other_unknown
31608;1496;6931.0;household_utility
31609;1496;161.0;other_unknown
31610;1496;33.0;insurance_payment
31611;1497;261.0;household_utility
31612;1497;5463.0;other_unknown
31613;1498;2762.8;loan_payment
31614;1499;3666.0;household_utility
31615;1500;4119.0;household_utility
31616;1501;2292.0;household_utility
31617;1502;7338.0;household_utility
31618;1503;3171.0;household_utility
31619;1504;619.0;household_utility
31620;1504;4887.0;other_unknown
31621;1506;9498.0;loan_payment
31622;1507;6619.0;household_utility
31623;1508;1657.7;leasing
31624;1508;8967.0;household_utility
31625;1509;4943.0;household_utility
31626;1509;2320.0;other_unknown
31627;1510;9985.0;household_utility
31628;1511;1657.7;leasing
31629;1512;8822.0;household_utility
31630;1513;1632.0;household_utility
31631;1513;3912.0;other_unknown
31632;1513;1316.0;insurance_payment
31633;1513;689.0;other_unknown
31634;1514;1547.0;household_utility
31635;1514;2234.0;household_utility
31636;1515;1538.0;household_utility
31637;1515;774.0;other_unknown
31638;1515;2907.0;insurance_payment
31639;1516;2277.0;household_utility
31640;1517;2601.0;household_utility
31641;1519;3443.0;household_utility
31642;1520;2943.0;household_utility
31643;1521;3024.0;household_utility
31644;1523;1684.0;household_utility
31645;1523;9843.0;other_unknown
31646;1524;2705.0;household_utility
31647;1525;1625.0;household_utility
31648;1526;4433.0;household_utility
31649;1527;4557.2;loan_payment
31651;1528;3981.0;loan_payment
31652;1529;1059.0;household_utility
31653;1529;1463.0;other_unknown
31654;1529;77.0;insurance_payment
31655;1530;3700.0;household_utility
31658;1532;7903.0;household_utility
31661;1534;7451.0;household_utility
31662;1534;2155.0;other_unknown
31663;1535;2757.0;household_utility
31664;1536;13204.0;household_utility
31665;1538;10288.0;household_utility
31668;1540;4540.0;household_utility
31669;1540;3057.0;other_unknown
31670;1540;1164.0;leasing
31671;1542;2655.0;household_utility
31672;1544;9526.0;household_utility
31673;1544;189.0;other_unknown
31674;1545;2625.0;household_utility
31675;1545;1112.0;other_unknown
31676;1546;4173.0;household_utility
31677;1548;2106.0;household_utility
31678;1549;4052.0;household_utility
31679;1550;4708.0;household_utility
31680;1551;747.0;household_utility
31681;1551;2316.0;household_utility
31682;1552;5263.0;household_utility
31683;1552;1021.0;leasing
31684;1554;6551.0;household_utility
31685;1555;3263.0;household_utility
31686;1556;1837.0;household_utility
31687;1557;2253.0;household_utility
31688;1558;1148.0;household_utility
31689;1558;2899.0;other_unknown
31690;1558;1384.0;leasing
31691;1559;8004.0;household_utility
31692;1560;3332.0;household_utility
31693;1560;244.0;other_unknown
31694;1560;437.0;insurance_payment
31695;1560;1137.0;leasing
31696;1561;1924.0;household_utility
31697;1561;51.0;household_utility
31698;1562;1933.0;household_utility
31699;1565;610.0;household_utility
31700;1565;2095.0;other_unknown
31701;1565;383.0;insurance_payment
31702;1566;4375.0;household_utility
31703;1566;1164.0;other_unknown
31704;1566;1622.0;insurance_payment
31705;1566;948.0;other_unknown
31706;1567;480.0;household_utility
31707;1567;6000.0;other_unknown
31708;1567;3455.0;insurance_payment
31709;1568;4399.0;household_utility
31710;1568;49.0;other_unknown
31711;1568;1028.0;insurance_payment
31712;1568;1627.0;leasing
31717;1570;2865.0;household_utility
31718;1571;7692.0;household_utility
31719;1572;7596.0;household_utility
31720;1573;3638.0;household_utility
31721;1574;2390.0;household_utility
31722;1575;2998.0;household_utility
31723;1576;11816.0;household_utility
31724;1577;1282.0;household_utility
31725;1577;988.0;other_unknown
31726;1577;290.0;insurance_payment
31727;1578;1825.0;household_utility
31728;1579;3377.0;household_utility
31729;1580;8094.2;loan_payment
31730;1581;5758.0;household_utility
31731;1582;1917.0;household_utility
31732;1583;8094.2;loan_payment
31733;1584;1983.0;household_utility
31734;1586;5504.0;household_utility
31735;1588;2443.0;household_utility
31736;1590;5847.0;household_utility
31737;1590;1025.0;other_unknown
31738;1590;551.0;insurance_payment
31739;1590;127.0;other_unknown
31740;1591;7680.0;household_utility
31741;1591;26.0;other_unknown
31742;1591;153.0;insurance_payment
31743;1592;224.0;household_utility
31744;1592;1613.0;household_utility
31745;1593;2086.0;household_utility
31746;1594;4577.0;household_utility
31747;1594;1596.0;other_unknown
31748;1594;54.0;insurance_payment
31752;1596;1306.0;household_utility
31753;1596;1997.0;household_utility
31754;1597;2376.0;household_utility
31755;1598;5438.0;household_utility
31756;1598;7384.0;other_unknown
31757;1599;1337.0;household_utility
31758;1599;4004.0;other_unknown
31759;1600;3234.0;household_utility
31760;1601;2694.0;household_utility
31761;1602;2033.0;household_utility
31762;1603;2359.0;household_utility
31763;1603;1187.0;other_unknown
31764;1603;6578.0;loan_payment
31765;1604;7088.0;household_utility
31766;1605;3353.0;household_utility
31767;1607;9958.0;household_utility
31768;1608;3425.0;household_utility
31769;1609;2017.0;household_utility
31770;1610;6258.0;household_utility
31771;1611;403.0;household_utility
31772;1611;3403.0;other_unknown
31773;1613;3628.0;household_utility
31774;1614;5763.0;household_utility
31775;1615;3124.0;household_utility
31776;1616;2642.0;household_utility
31777;1617;1536.0;household_utility
31778;1618;2265.0;household_utility
31779;1619;3220.0;household_utility
31780;1620;1931.0;household_utility
31781;1621;7887.0;household_utility
31782;1622;2357.0;household_utility
31783;1622;1028.0;other_unknown
31784;1623;9160.0;household_utility
31785;1624;1017.0;household_utility
31786;1624;1120.0;household_utility
31787;1625;185.0;household_utility
31788;1625;1727.0;other_unknown
31789;1625;679.0;insurance_payment
31790;1625;1522.0;other_unknown
31791;1628;2850.0;household_utility
31792;1629;3137.0;household_utility
31793;1630;3595.0;household_utility
31794;1631;2743.0;household_utility
31795;1632;1977.6;leasing
31796;1633;2145.0;household_utility
31797;1635;5683.0;household_utility
31798;1636;4964.0;household_utility
31799;1637;774.0;household_utility
31800;1637;2569.0;household_utility
31801;1638;2676.0;loan_payment
31802;1638;9749.0;household_utility
31806;1640;4783.0;household_utility
31807;1641;1977.6;leasing
31808;1641;7532.0;household_utility
31809;1641;1294.0;other_unknown
31810;1641;423.0;insurance_payment
31811;1642;3597.0;household_utility
31816;1644;2534.0;household_utility
31817;1644;1022.0;other_unknown
31818;1644;17.0;insurance_payment
31819;1645;9078.0;household_utility
31820;1646;6521.0;household_utility
31821;1646;1651.0;other_unknown
31822;1647;2412.0;household_utility
31823;1647;1199.0;other_unknown
31824;1647;12.0;insurance_payment
31825;1650;3649.0;household_utility
31826;1650;9100.0;other_unknown
31827;1651;1581.7;leasing
31828;1652;3422.0;household_utility
31829;1653;4656.0;household_utility
31830;1655;4277.0;household_utility
31831;1655;3827.0;other_unknown
31832;1656;3954.3;loan_payment
31833;1656;12113.0;household_utility
31834;1657;2156.0;household_utility
31835;1658;1950.0;household_utility
31836;1658;172.0;other_unknown
31837;1659;2806.0;household_utility
31838;1660;2372.6;leasing
31843;1662;9626.0;household_utility
31844;1663;2220.0;household_utility
31845;1663;420.0;household_utility
31846;1664;5454.0;household_utility
31847;1665;1578.0;household_utility
31848;1666;2164.0;household_utility
31849;1668;3275.0;household_utility
31850;1669;5562.0;household_utility
31851;1670;1242.0;household_utility
31852;1670;1312.0;household_utility
31853;1671;2507.0;household_utility
31854;1671;502.0;household_utility
31855;1672;3898.0;household_utility
31856;1673;2447.0;household_utility
31857;1674;3804.0;household_utility
31858;1675;2125.0;household_utility
31861;1677;5530.0;household_utility
31862;1678;2952.0;household_utility
31863;1678;1778.0;other_unknown
31864;1679;5087.0;household_utility
31865;1680;5955.0;household_utility
31866;1681;8550.0;household_utility
31867;1681;6.0;other_unknown
31868;1681;1032.0;insurance_payment
31869;1683;1342.0;household_utility
31870;1683;3239.0;other_unknown
31871;1683;345.0;insurance_payment
31872;1684;2123.0;leasing
31873;1685;7968.0;household_utility
31874;1686;1532.0;household_utility
31875;1686;1225.0;other_unknown
31877;1688;2249.0;household_utility
31878;1689;2128.0;household_utility
31879;1690;3311.0;household_utility
31880;1691;720.0;household_utility
31881;1691;1214.0;other_unknown
31884;1693;2482.0;leasing
31885;1693;11276.0;household_utility
31886;1695;14658.0;household_utility
31887;1696;2159.0;household_utility
31888;1697;408.0;household_utility
31889;1697;1778.0;other_unknown
31890;1697;35.0;insurance_payment
31891;1698;9642.0;household_utility
31892;1698;3943.0;loan_payment
31893;1699;3463.0;household_utility
31894;1699;19.0;household_utility
31895;1700;6765.0;household_utility
31896;1701;4425.3;leasing
31897;1701;7571.0;household_utility
31898;1702;4689.0;household_utility
31899;1703;3554.0;household_utility
31900;1704;3285.0;household_utility
31901;1705;5502.0;household_utility
31902;1706;2058.0;household_utility
31903;1707;1196.9;leasing
31904;1707;7830.0;household_utility
31905;1708;4519.0;household_utility
31906;1708;3339.0;other_unknown
31907;1709;3227.0;household_utility
31908;1710;2071.0;household_utility
31909;1711;183.0;household_utility
31910;1711;188.0;other_unknown
31911;1711;2158.0;insurance_payment
31912;1712;1626.0;household_utility
31913;1714;3028.0;household_utility
31914;1716;3575.0;household_utility
31915;1716;1032.0;other_unknown
31916;1717;2500.0;household_utility
31917;1718;7178.0;loan_payment
31918;1718;14456.0;household_utility
31919;1719;2768.0;household_utility
31920;1722;4472.0;household_utility
31921;1723;1092.0;household_utility
31922;1723;3904.0;other_unknown
31923;1723;4676.0;insurance_payment
31924;1723;8.0;other_unknown
31925;1724;1604.0;household_utility
31926;1726;4438.0;household_utility
31927;1726;2082.0;other_unknown
31928;1726;74.0;insurance_payment
31929;1726;115.0;other_unknown
31930;1727;1794.0;household_utility
31931;1727;1093.0;other_unknown
31932;1727;3723.0;insurance_payment
31933;1728;4954.0;household_utility
31934;1729;6554.0;household_utility
31935;1730;1978.0;household_utility
31936;1731;2631.0;household_utility
31937;1732;8050.0;household_utility
31938;1733;3126.0;leasing
31939;1733;5808.0;household_utility
31940;1734;9431.0;household_utility
31941;1736;3666.0;household_utility
31942;1737;3103.0;household_utility
31943;1737;2329.0;other_unknown
31944;1738;1998.0;household_utility
31945;1739;9979.0;household_utility
31946;1740;2713.0;household_utility
31947;1741;2366.0;household_utility
31948;1742;3827.0;household_utility
31949;1743;2279.0;household_utility
31950;1744;3317.0;household_utility
31951;1747;871.0;household_utility
31952;1747;1118.0;other_unknown
31956;1749;4560.8;leasing
31957;1749;9678.0;household_utility
31958;1750;4028.0;household_utility
31959;1750;5517.0;other_unknown
31964;1756;6307.0;household_utility
31965;1758;9384.0;household_utility
31966;1758;355.0;other_unknown
31967;1759;1856.0;household_utility
31968;1759;1866.0;other_unknown
31969;1760;1458.0;household_utility
31970;1760;251.0;household_utility
31971;1761;3048.0;household_utility
31972;1761;3407.0;other_unknown
31973;1761;294.0;insurance_payment
31974;1762;853.0;household_utility
31975;1762;3352.0;other_unknown
31976;1762;1972.0;insurance_payment
31977;1762;6893.0;loan_payment
31978;1763;1146.0;household_utility
31979;1763;5539.0;other_unknown
31980;1764;5270.0;household_utility
31981;1765;2011.0;household_utility
31982;1766;4353.0;household_utility
31983;1766;43.0;other_unknown
31984;1766;49.0;insurance_payment
31985;1766;2390.0;other_unknown
31986;1766;501.0;loan_payment
31987;1767;2266.0;household_utility
31988;1767;1523.0;other_unknown
31989;1767;1040.0;insurance_payment
31990;1770;8351.0;household_utility
31991;1771;3052.0;household_utility
31992;1772;5633.0;loan_payment
31993;1772;11994.0;household_utility
31994;1773;2877.0;household_utility
31995;1774;2170.0;household_utility
31996;1775;2343.0;household_utility
31997;1776;5710.0;household_utility
31998;1776;1800.0;loan_payment
31999;1777;1240.0;household_utility
32000;1777;1418.0;other_unknown
32001;1777;1657.0;insurance_payment
32002;1778;3432.0;household_utility
32003;1779;3023.0;household_utility
32004;1779;1230.0;other_unknown
32005;1779;61.0;insurance_payment
32006;1780;5429.0;household_utility
32007;1782;3231.0;household_utility
32008;1783;6003.0;household_utility
32009;1784;1785.0;household_utility
32010;1785;1722.0;household_utility
32011;1786;8818.0;household_utility
32012;1787;8033.2;loan_payment
32014;1790;2096.0;household_utility
32015;1790;1935.0;other_unknown
32016;1791;6956.0;household_utility
32017;1792;1712.0;household_utility
32018;1793;5182.0;household_utility
32019;1793;1345.0;leasing
32020;1794;2867.0;household_utility
32021;1794;1890.0;other_unknown
32022;1794;198.0;insurance_payment
32023;1794;47.0;other_unknown
32024;1795;3850.0;household_utility
32025;1796;1809.0;household_utility
32026;1796;1228.0;other_unknown
32027;1797;3835.0;household_utility
32028;1797;4015.0;other_unknown
32029;1798;2602.0;household_utility
32030;1798;1687.0;other_unknown
32031;1798;4316.0;insurance_payment
32032;1799;2514.0;household_utility
32033;1800;5103.0;household_utility
32034;1800;1643.0;other_unknown
32035;1801;4610.0;loan_payment
32036;1801;4167.0;household_utility
32037;1801;3419.0;other_unknown
32038;1801;956.0;insurance_payment
32039;1802;1112.0;household_utility
32040;1802;1396.0;household_utility
32041;1803;1474.0;household_utility
32042;1803;829.0;other_unknown
32043;1805;2693.0;leasing
32044;1805;3110.0;household_utility
32045;1806;2552.0;household_utility
32046;1807;4731.0;household_utility
32047;1808;8033.2;loan_payment
32048;1809;6269.0;household_utility
32049;1809;183.0;other_unknown
32050;1809;6860.0;insurance_payment
32051;1810;5925.0;household_utility
32052;1811;3990.8;loan_payment
32053;1811;4206.0;household_utility
32054;1811;6745.0;other_unknown
32055;1812;1169.0;household_utility
32056;1812;1133.0;other_unknown
32057;1813;812.0;household_utility
32058;1813;4350.0;other_unknown
32059;1814;3035.0;household_utility
32060;1815;6037.0;household_utility
32061;1815;3859.0;other_unknown
32062;1816;2824.0;household_utility
32063;1817;9131.0;household_utility
32064;1819;3990.8;loan_payment
32065;1819;966.0;household_utility
32066;1819;1236.0;other_unknown
32067;1819;8253.0;insurance_payment
32068;1820;7794.0;household_utility
32069;1821;9385.0;household_utility
32070;1822;1996.0;household_utility
32071;1823;2347.0;household_utility
32072;1824;319.0;household_utility
32073;1824;9515.0;other_unknown
32074;1825;1425.0;household_utility
32075;1825;2688.0;other_unknown
32076;1826;9921.0;household_utility
32077;1827;2567.0;household_utility
32078;1828;2394.5;leasing
32079;1828;4036.0;household_utility
32080;1828;1613.0;other_unknown
32081;1828;153.0;insurance_payment
32082;1828;1498.0;other_unknown
32083;1829;3684.0;household_utility
32084;1830;7692.0;household_utility
32085;1831;2047.0;household_utility
32086;1832;2072.1;leasing
32087;1832;3275.0;household_utility
32088;1832;139.0;other_unknown
32089;1832;581.0;insurance_payment
32090;1832;5933.0;other_unknown
32091;1833;1674.0;household_utility
32092;1834;8084.0;household_utility
32093;1835;5938.0;household_utility
32094;1835;1431.0;other_unknown
32095;1836;6666.0;household_utility
32096;1836;1685.0;other_unknown
32097;1837;6387.0;household_utility
32098;1838;2072.1;leasing
32099;1838;8940.0;household_utility
32100;1839;3093.0;household_utility
32101;1841;2840.0;household_utility
32102;1841;259.0;other_unknown
32104;1843;2938.7;loan_payment
32105;1843;6994.0;household_utility
32106;1844;2161.0;household_utility
32107;1845;12537.0;household_utility
32108;1846;2062.0;household_utility
32109;1847;1815.0;household_utility
32110;1848;3473.0;household_utility
32115;1851;3649.0;household_utility
32116;1852;2199.0;household_utility
32117;1854;3948.0;household_utility
32118;1855;2897.0;household_utility
32119;1856;725.0;household_utility
32120;1856;1449.0;other_unknown
32121;1857;4295.0;household_utility
32122;1857;279.0;other_unknown
32123;1858;3764.0;household_utility
32124;1859;2826.0;household_utility
32125;1860;2170.0;household_utility
32126;1861;1574.0;household_utility
32127;1861;1519.0;other_unknown
32128;1862;6601.7;loan_payment
32129;1863;3371.0;household_utility
32130;1863;1096.0;other_unknown
32131;1863;201.0;insurance_payment
32133;1865;1915.0;household_utility
32134;1866;5051.0;household_utility
32135;1866;1896.0;loan_payment
32136;1868;12111.0;household_utility
32137;1869;1054.0;loan_payment
32138;1872;5886.0;household_utility
32139;1872;137.0;other_unknown
32141;1874;2100.0;household_utility
32142;1875;3094.0;household_utility
32143;1876;2329.0;household_utility
32144;1876;723.0;other_unknown
32145;1876;8710.0;loan_payment
32146;1877;1198.0;household_utility
32147;1877;629.0;household_utility
32148;1879;907.0;household_utility
32149;1879;1119.0;other_unknown
32150;1881;2046.0;household_utility
32151;1881;3640.0;other_unknown
32152;1882;1907.0;household_utility
32153;1882;1936.0;other_unknown
32154;1882;60.0;insurance_payment
32157;1886;4512.7;loan_payment
32158;1886;4198.0;household_utility
32159;1887;5608.0;household_utility
32160;1888;4780.0;loan_payment
32161;1888;510.0;household_utility
32162;1888;3473.0;other_unknown
32163;1888;3269.0;insurance_payment
32164;1889;3298.0;household_utility
32165;1891;2039.0;household_utility
32166;1891;172.0;other_unknown
32167;1891;293.0;insurance_payment
32168;1892;2398.0;household_utility
32169;1893;6289.0;household_utility
32170;1895;1791.5;leasing
32171;1895;5810.0;household_utility
32172;1896;1791.5;leasing
32173;1896;9463.0;household_utility
32174;1897;1791.5;leasing
32175;1897;8458.0;household_utility
32176;1897;2237.0;other_unknown
32177;1897;129.0;insurance_payment
32178;1899;3081.0;household_utility
32179;1900;7114.0;household_utility
32180;1901;6355.0;household_utility
32181;1903;1878.0;household_utility
32182;1903;260.0;other_unknown
32183;1904;2991.0;household_utility
32184;1904;587.0;other_unknown
32185;1904;2257.0;insurance_payment
32186;1904;1116.0;leasing
32187;1905;3506.0;household_utility
32188;1905;3225.0;other_unknown
32189;1905;72.0;insurance_payment
32190;1906;1872.8;loan_payment
32191;1906;7355.0;household_utility
32192;1906;158.0;other_unknown
32193;1907;8181.0;household_utility
32194;1907;594.0;other_unknown
32195;1908;3594.0;household_utility
32196;1909;43.0;household_utility
32197;1909;1156.0;other_unknown
32198;1909;928.0;insurance_payment
32199;1910;851.0;household_utility
32200;1910;2336.0;other_unknown
32201;1912;3232.0;household_utility
32202;1913;2613.0;household_utility
32203;1914;1289.0;household_utility
32204;1914;2046.0;other_unknown
32205;1915;4052.0;household_utility
32206;1915;2142.0;other_unknown
32207;1916;4269.0;household_utility
32208;1917;2943.0;household_utility
32209;1918;4231.0;household_utility
32210;1919;4545.0;household_utility
32211;1919;342.0;other_unknown
32212;1920;3570.0;household_utility
32213;1921;2309.0;household_utility
32214;1921;124.0;other_unknown
32217;1924;1962.0;household_utility
32218;1925;3860.0;household_utility
32219;1926;2643.0;household_utility
32220;1926;361.0;other_unknown
32221;1927;2283.0;household_utility
32222;1928;2317.5;loan_payment
32223;1929;2027.0;household_utility
32224;1930;3223.0;household_utility
32225;1931;4898.0;household_utility
32226;1931;23.0;other_unknown
32227;1931;1302.0;insurance_payment
32228;1933;3804.0;household_utility
32229;1934;1428.0;household_utility
32230;1934;4007.0;other_unknown
32231;1934;720.0;insurance_payment
32232;1934;1167.0;other_unknown
32233;1936;2141.0;household_utility
32234;1937;2933.0;household_utility
32235;1938;6646.0;household_utility
32236;1938;586.0;leasing
32237;1939;3090.0;household_utility
32238;1939;893.0;other_unknown
32239;1940;3106.0;household_utility
32242;1943;3060.0;household_utility
32243;1943;1412.0;other_unknown
32244;1943;2704.0;insurance_payment
32245;1943;2181.0;other_unknown
32246;1944;6741.0;household_utility
32247;1946;7593.0;household_utility
32248;1947;3448.0;household_utility
32249;1948;731.0;household_utility
32250;1948;6569.0;other_unknown
32251;1949;6888.0;household_utility
32252;1949;107.0;other_unknown
32253;1949;43.0;insurance_payment
32254;1949;487.0;other_unknown
32255;1950;6943.0;household_utility
32256;1951;709.0;household_utility
32257;1951;968.0;other_unknown
32258;1951;2441.0;insurance_payment
32259;1954;2140.0;household_utility
32260;1955;1964.0;household_utility
32261;1956;4674.0;household_utility
32262;1957;1595.0;household_utility
32263;1957;892.0;other_unknown
32264;1958;2934.0;household_utility
32265;1959;2975.0;household_utility
32266;1959;167.0;household_utility
32267;1960;2103.0;household_utility
32268;1960;47.0;other_unknown
32269;1961;2293.0;household_utility
32270;1962;770.0;household_utility
32271;1962;1192.0;other_unknown
32272;1962;1771.0;insurance_payment
32273;1963;3175.0;household_utility
32274;1964;2438.0;household_utility
32275;1965;9541.0;household_utility
32276;1966;5569.0;household_utility
32277;1967;5194.0;loan_payment
32278;1967;14164.0;household_utility
32280;1969;5403.0;household_utility
32281;1970;1774.0;household_utility
32282;1970;1916.0;other_unknown
32283;1971;6624.0;household_utility
32284;1972;2736.0;household_utility
32285;1973;847.0;household_utility
32286;1973;1150.0;other_unknown
32287;1975;2625.0;household_utility
32288;1975;1480.0;other_unknown
32289;1975;1711.0;insurance_payment
32290;1975;765.0;other_unknown
32291;1976;3408.0;household_utility
32292;1976;2157.0;other_unknown
32293;1978;5700.3;loan_payment
32294;1978;7001.0;household_utility
32295;1978;5900.0;other_unknown
32296;1978;356.0;insurance_payment
32297;1979;2014.0;household_utility
32298;1980;6879.0;household_utility
32299;1981;1087.0;household_utility
32300;1981;1097.0;other_unknown
32301;1982;3732.0;household_utility
32302;1986;5451.0;household_utility
32303;1988;2671.0;household_utility
32304;1989;1982.0;household_utility
32305;1990;2168.0;household_utility
32306;1991;2857.0;household_utility
32307;1991;4312.0;other_unknown
32308;1991;341.0;insurance_payment
32309;1992;4140.0;household_utility
32310;1993;5700.3;loan_payment
32311;1994;3962.0;household_utility
32312;1994;706.0;other_unknown
32313;1994;18.0;insurance_payment
32314;1994;43.0;other_unknown
32315;1995;2944.0;household_utility
32316;1996;2395.6;leasing
32317;1997;581.0;household_utility
32318;1997;1361.0;household_utility
32319;1999;2676.0;household_utility
32320;1999;3778.0;other_unknown
32321;2000;3318.0;household_utility
32322;2000;48.0;other_unknown
32323;2000;14.0;insurance_payment
32324;2000;4847.0;loan_payment
32325;2001;12524.0;household_utility
32326;2002;3688.0;household_utility
32327;2003;2127.0;leasing
32328;2004;5472.0;household_utility
32329;2005;1924.0;household_utility
32330;2005;141.0;other_unknown
32331;2005;209.0;insurance_payment
32332;2006;2764.0;household_utility
32333;2006;371.0;household_utility
32334;2008;543.0;household_utility
32335;2008;3655.0;other_unknown
32336;2009;2995.0;household_utility
32337;2009;1268.0;other_unknown
32338;2010;3876.0;household_utility
32339;2011;1726.0;household_utility
32340;2011;272.0;other_unknown
32341;2011;12.0;insurance_payment
32342;2012;3844.0;household_utility
32346;2015;4535.0;household_utility
32347;2016;741.0;household_utility
32348;2016;1069.0;other_unknown
32349;2016;157.0;insurance_payment
32350;2017;1855.0;household_utility
32351;2017;816.0;other_unknown
32352;2018;3115.0;household_utility
32353;2018;3210.0;loan_payment
32354;2019;1422.0;household_utility
32355;2019;265.0;other_unknown
32356;2019;415.0;insurance_payment
32357;2020;2329.0;household_utility
32358;2022;1943.0;household_utility
32359;2023;1687.0;household_utility
32360;2023;4208.0;other_unknown
32361;2023;1052.0;insurance_payment
32362;2023;1684.0;other_unknown
32363;2024;7024.0;household_utility
32364;2025;6704.0;household_utility
32365;2026;1943.0;household_utility
32366;2026;3387.0;other_unknown
32367;2027;3476.0;household_utility
32368;2030;4325.0;household_utility
32371;2032;2873.0;household_utility
32372;2032;225.0;other_unknown
32373;2032;690.0;insurance_payment
32374;2032;1441.0;other_unknown
32375;2033;4274.0;household_utility
32376;2034;8744.0;household_utility
32377;2035;4898.2;loan_payment
32378;2035;8404.0;household_utility
32379;2035;917.0;other_unknown
32380;2035;121.0;insurance_payment
32381;2035;93.0;other_unknown
32382;2037;762.0;household_utility
32383;2037;8535.0;other_unknown
32384;2038;1580.0;household_utility
32385;2038;2062.0;other_unknown
32386;2040;5262.0;household_utility
32387;2042;1258.0;household_utility
32388;2042;1008.0;other_unknown
32389;2043;4366.0;household_utility
32390;2044;8417.0;household_utility
32391;2044;861.0;leasing
32392;2045;1536.0;household_utility
32393;2046;426.0;household_utility
32394;2046;1647.0;other_unknown
32395;2047;2670.0;household_utility
32396;2048;2525.0;household_utility
32397;2048;1466.0;other_unknown
32398;2048;1017.0;leasing
32399;2049;4854.0;household_utility
32400;2049;1037.0;other_unknown
32401;2050;3564.0;household_utility
32402;2050;5542.0;other_unknown
32403;2050;197.0;insurance_payment
32404;2050;401.0;other_unknown
32405;2051;4898.2;loan_payment
32406;2052;4278.0;household_utility
32407;2052;72.0;other_unknown
32408;2052;263.0;insurance_payment
32409;2052;1799.0;leasing
32410;2053;4409.0;household_utility
32411;2054;1488.0;household_utility
32412;2054;4448.0;other_unknown
32413;2054;2802.0;insurance_payment
32414;2055;6844.0;household_utility
32415;2055;4521.0;loan_payment
32416;2057;3573.0;household_utility
32417;2057;970.0;other_unknown
32418;2057;769.0;insurance_payment
32419;2057;102.0;other_unknown
32420;2058;2564.0;household_utility
32421;2058;131.0;other_unknown
32422;2058;5.0;insurance_payment
32423;2058;2.0;other_unknown
32424;2060;7523.0;household_utility
32425;2061;1994.0;household_utility
32426;2061;675.0;other_unknown
32427;2062;7182.5;loan_payment
32428;2062;107.0;household_utility
32429;2062;3136.0;other_unknown
32430;2063;1542.0;household_utility
32431;2064;2322.7;loan_payment
32432;2065;3075.0;household_utility
32433;2066;2319.0;household_utility
32434;2068;172.0;household_utility
32435;2068;1405.0;other_unknown
32436;2068;1047.0;insurance_payment
32437;2069;484.0;household_utility
32438;2069;2223.0;other_unknown
32439;2069;2108.0;insurance_payment
32440;2069;118.0;other_unknown
32441;2070;8092.0;household_utility
32442;2071;125.0;household_utility
32443;2071;3093.0;other_unknown
32444;2072;6746.0;household_utility
32445;2073;1860.0;loan_payment
32446;2074;2354.0;household_utility
32447;2074;2568.0;other_unknown
32448;2075;589.0;household_utility
32449;2075;992.0;other_unknown
32450;2075;619.0;insurance_payment
32451;2076;382.0;household_utility
32452;2076;1670.0;household_utility
32453;2078;3598.0;household_utility
32454;2080;5961.0;loan_payment
32455;2080;13628.0;household_utility
32456;2081;2028.0;household_utility
32457;2082;822.0;household_utility
32458;2082;1782.0;other_unknown
32459;2082;5187.0;insurance_payment
32460;2083;8282.0;household_utility
32461;2084;4554.0;household_utility
32462;2085;2124.0;household_utility
32463;2085;305.0;other_unknown
32464;2085;4045.0;insurance_payment
32465;2087;4619.9;leasing
32466;2088;3240.0;household_utility
32469;2090;3532.0;household_utility
32470;2092;7598.0;household_utility
32471;2094;2288.0;household_utility
32472;2096;3731.0;household_utility
32473;2096;5441.0;other_unknown
32478;2101;987.0;household_utility
32479;2101;600.0;other_unknown
32480;2101;722.0;insurance_payment
32481;2102;5662.0;household_utility
32482;2102;1835.0;other_unknown
32483;2103;1482.0;household_utility
32484;2103;2211.0;other_unknown
32485;2104;6927.0;household_utility
32486;2105;1546.0;household_utility
32487;2106;3468.0;household_utility
32488;2106;8460.0;loan_payment
32489;2107;6395.0;household_utility
32490;2107;663.0;other_unknown
32491;2108;5974.0;household_utility
32492;2110;2050.0;household_utility
32493;2111;4619.9;leasing
32494;2112;4788.0;household_utility
32495;2114;5102.0;household_utility
32496;2114;1742.0;other_unknown
32497;2115;1940.0;household_utility
32498;2116;7699.8;loan_payment
32499;2116;1307.0;household_utility
32500;2116;3407.0;other_unknown
32501;2117;7786.0;household_utility
32502;2118;9871.0;household_utility
32503;2119;5688.0;household_utility
32509;2121;2625.0;household_utility
32510;2121;3382.0;other_unknown
32511;2122;7663.0;household_utility
32512;2123;2141.0;household_utility
32513;2124;5207.0;household_utility
32514;2124;287.0;other_unknown
32515;2125;3225.0;household_utility
32516;2127;1995.0;household_utility
32517;2128;3601.0;household_utility
32522;2131;2560.0;household_utility
32523;2131;957.0;household_utility
32524;2133;2143.0;household_utility
32525;2134;3118.0;household_utility
32526;2134;641.0;other_unknown
32527;2134;637.0;loan_payment
32528;2135;2740.0;household_utility
32529;2135;4101.0;other_unknown
32530;2137;1958.7;leasing
32531;2138;9788.0;household_utility
32532;2139;2154.0;household_utility
32533;2139;4737.0;other_unknown
32534;2139;6275.0;insurance_payment
32535;2140;2318.0;household_utility
32536;2141;5796.0;household_utility
32537;2142;9768.0;household_utility
32538;2142;1944.0;loan_payment
32539;2143;7264.0;household_utility
32540;2143;1985.0;loan_payment
32545;2146;2400.0;household_utility
32546;2146;3230.0;other_unknown
32547;2147;2965.0;household_utility
32548;2147;1341.0;leasing
32549;2148;2301.0;household_utility
32550;2148;69.0;other_unknown
32551;2149;2536.0;household_utility
32552;2150;2019.0;household_utility
32553;2151;5286.0;household_utility
32554;2151;1227.0;other_unknown
32555;2151;223.0;insurance_payment
32556;2152;3191.0;household_utility
32557;2153;5129.5;loan_payment
32558;2153;1737.0;household_utility
32559;2153;10303.0;other_unknown
32560;2153;2223.0;insurance_payment
32561;2154;2126.0;household_utility
32562;2155;735.0;household_utility
32563;2155;1534.0;other_unknown
32564;2156;9921.0;household_utility
32565;2157;9094.0;household_utility
32566;2159;1118.0;household_utility
32567;2159;7601.0;other_unknown
32568;2160;6084.0;household_utility
32569;2161;2770.0;household_utility
32570;2161;1068.0;other_unknown
32571;2162;8468.0;household_utility
32572;2163;2403.0;household_utility
32573;2163;2791.0;other_unknown
32574;2164;7552.0;household_utility
32575;2165;3274.8;loan_payment
32576;2165;12493.0;household_utility
32577;2166;262.0;household_utility
32578;2166;991.0;other_unknown
32579;2166;5263.0;insurance_payment
32580;2167;5922.0;household_utility
32581;2167;7094.0;loan_payment
32586;2169;6235.0;household_utility
32587;2169;875.0;other_unknown
32588;2169;1530.0;leasing
32589;2170;4838.0;household_utility
32590;2170;1468.0;other_unknown
32591;2170;6011.0;insurance_payment
32594;2172;3413.0;household_utility
32595;2173;1951.0;household_utility
32596;2174;4367.0;household_utility
32597;2176;8307.8;loan_payment
32598;2176;1085.0;household_utility
32599;2176;5135.0;other_unknown
32600;2177;3168.0;household_utility
32601;2178;7959.0;household_utility
32602;2179;2386.0;household_utility
32603;2179;3650.0;other_unknown
32604;2179;240.0;insurance_payment
32605;2179;78.0;other_unknown
32609;2182;5262.0;household_utility
32610;2184;3165.0;household_utility
32611;2185;2004.0;household_utility
32612;2186;2283.0;household_utility
32613;2187;4456.0;loan_payment
32617;2189;1449.0;household_utility
32618;2189;704.0;other_unknown
32619;2189;2803.0;insurance_payment
32620;2190;3649.0;household_utility
32621;2190;1490.0;other_unknown
32622;2190;2782.0;insurance_payment
32623;2191;6762.0;household_utility
32624;2192;5743.0;household_utility
32625;2192;7.0;other_unknown
32626;2192;1428.0;insurance_payment
32627;2192;1852.0;leasing
32628;2193;3424.0;household_utility
32629;2194;9386.0;household_utility
32630;2196;2160.0;household_utility
32631;2197;8524.0;household_utility
32635;2199;668.0;household_utility
32636;2199;1830.0;other_unknown
32637;2200;397.0;leasing
32638;2201;1357.0;household_utility
32639;2201;391.0;other_unknown
32640;2201;348.0;insurance_payment
32643;2203;2320.0;household_utility
32644;2204;3954.0;household_utility
32645;2205;3042.0;household_utility
32646;2206;3930.0;household_utility
32647;2208;2126.0;household_utility
32648;2209;5887.0;household_utility
32649;2209;1418.0;other_unknown
32650;2210;2553.0;household_utility
32651;2211;7863.0;household_utility
32652;2212;3206.0;household_utility
32653;2213;6273.0;household_utility
32654;2214;948.0;leasing
32655;2215;2348.0;household_utility
32656;2216;4705.0;leasing
32657;2216;5184.0;household_utility
32658;2218;3034.0;loan_payment
32659;2219;4103.8;leasing
32660;2220;2783.0;household_utility
32661;2221;1455.0;household_utility
32662;2221;719.0;other_unknown
32663;2222;4103.8;leasing
32664;2223;2930.0;household_utility
32665;2224;2324.2;leasing
32666;2225;1946.0;household_utility
32667;2226;40.0;household_utility
32668;2226;8042.0;other_unknown
32669;2227;3873.7;loan_payment
32670;2227;13386.0;household_utility
32671;2228;3873.7;loan_payment
32672;2228;4625.0;household_utility
32673;2229;9605.0;household_utility
32674;2230;2612.0;household_utility
32675;2231;2181.0;household_utility
32676;2231;1431.0;other_unknown
32677;2232;4916.0;household_utility
32678;2233;2028.0;household_utility
32679;2234;1247.0;household_utility
32680;2234;59.0;other_unknown
32681;2234;811.0;insurance_payment
32682;2235;3730.0;household_utility
32683;2236;3873.7;loan_payment
32685;2237;4876.0;household_utility
32686;2237;891.0;other_unknown
32687;2237;1320.0;insurance_payment
32690;2239;7355.0;household_utility
32691;2239;405.0;other_unknown
32692;2240;2324.2;leasing
32693;2241;6545.0;household_utility
32694;2241;455.0;other_unknown
32695;2241;16.0;insurance_payment
32696;2242;5538.0;household_utility
32697;2243;3890.0;household_utility
32698;2243;547.0;other_unknown
32699;2244;1690.0;household_utility
32700;2245;7248.8;loan_payment
32701;2246;6930.0;loan_payment
32702;2247;3021.0;loan_payment
32703;2247;592.0;household_utility
32704;2247;1344.0;other_unknown
32705;2247;659.0;insurance_payment
32706;2247;1051.0;other_unknown
32711;2250;4182.0;household_utility
32715;2252;637.0;household_utility
32716;2252;1469.0;other_unknown
32717;2253;2944.0;household_utility
32718;2254;4349.3;leasing
32719;2254;8879.0;household_utility
32720;2254;1488.0;other_unknown
32721;2255;2084.0;household_utility
32722;2256;3152.0;household_utility
32723;2257;2005.0;household_utility
32724;2258;2202.0;household_utility
32725;2259;2520.0;household_utility
32729;2262;6395.0;loan_payment
32730;2263;7927.0;household_utility
32731;2264;1810.0;household_utility
32733;2267;3143.0;household_utility
32734;2268;5742.0;household_utility
32735;2268;561.0;loan_payment
32736;2269;4581.0;household_utility
32737;2269;512.0;leasing
32738;2270;3604.0;household_utility
32739;2271;2032.0;household_utility
32740;2272;3986.0;household_utility
32747;2275;6531.0;household_utility
32748;2276;1615.0;household_utility
32751;2278;1145.0;household_utility
32752;2278;7377.0;other_unknown
32753;2279;6556.3;loan_payment
32754;2280;6841.0;household_utility
32755;2281;5720.0;household_utility
32756;2282;4704.0;household_utility
32764;2286;1192.0;household_utility
32765;2286;2109.0;other_unknown
32766;2287;6275.0;household_utility
32767;2288;5411.0;household_utility
32768;2289;5309.0;household_utility
32769;2290;3965.0;household_utility
32770;2291;3825.0;household_utility
32771;2292;1626.0;household_utility
32772;2292;223.0;other_unknown
32773;2292;147.0;insurance_payment
32774;2293;2332.0;household_utility
32775;2294;4426.0;household_utility
32776;2296;3531.0;household_utility
32777;2297;819.0;household_utility
32778;2297;1452.0;other_unknown
32779;2297;689.0;insurance_payment
32780;2298;4550.0;household_utility
32781;2301;6907.0;household_utility
32782;2302;1989.0;household_utility
32783;2302;1838.0;other_unknown
32784;2303;7892.0;household_utility
32786;2306;1179.0;household_utility
32787;2306;3586.0;other_unknown
32788;2307;3336.0;household_utility
32789;2307;123.0;household_utility
32794;2309;8604.0;household_utility
32795;2310;5259.0;household_utility
32796;2311;6798.0;household_utility
32797;2312;3392.0;household_utility
32798;2313;5426.0;household_utility
32799;2313;1341.0;other_unknown
32800;2315;1673.0;household_utility
32801;2316;2111.0;household_utility
32802;2316;7.0;other_unknown
32803;2316;8.0;other_unknown
32804;2317;195.0;household_utility
32805;2317;2486.0;household_utility
32806;2318;3081.0;household_utility
32807;2318;5191.0;other_unknown
32808;2318;654.0;insurance_payment
32809;2318;251.0;other_unknown
32810;2319;9510.0;household_utility
32814;2321;1158.0;leasing
32815;2322;1930.0;loan_payment
32816;2322;3359.0;household_utility
32817;2322;690.0;other_unknown
32818;2322;1019.0;insurance_payment
32819;2322;1612.0;other_unknown
32820;2323;6446.0;household_utility
32821;2324;4151.0;household_utility
32822;2325;1334.0;household_utility
32823;2325;2155.0;other_unknown
32824;2325;2270.0;insurance_payment
32825;2326;3422.0;household_utility
32826;2327;13208.0;household_utility
32827;2328;1846.0;household_utility
32828;2329;4400.0;household_utility
32829;2330;1662.0;household_utility
32830;2330;601.0;other_unknown
32831;2331;667.0;household_utility
32832;2331;1408.0;other_unknown
32833;2332;3919.0;household_utility
32834;2334;2013.0;loan_payment
32835;2334;10707.0;household_utility
32836;2335;2036.0;household_utility
32837;2335;1069.0;other_unknown
32838;2335;485.0;insurance_payment
32839;2335;1676.0;other_unknown
32840;2335;9020.0;loan_payment
32841;2336;3058.0;household_utility
32842;2337;2963.0;household_utility
32843;2337;927.0;other_unknown
32844;2338;1207.8;leasing
32845;2339;3893.0;household_utility
32846;2341;1583.0;household_utility
32847;2341;464.0;other_unknown
32848;2342;2164.0;household_utility
32849;2343;4723.0;household_utility
32850;2343;4139.0;loan_payment
32851;2344;1002.0;household_utility
32852;2344;2019.0;household_utility
32853;2345;3328.2;loan_payment
32854;2345;3612.0;household_utility
32855;2346;334.0;household_utility
32856;2346;1939.0;other_unknown
32857;2346;6970.0;insurance_payment
32858;2346;3596.0;other_unknown
32859;2347;3477.0;household_utility
32860;2348;3057.0;household_utility
32861;2348;3349.0;other_unknown
32862;2349;1992.0;household_utility
32863;2350;3328.2;loan_payment
32864;2350;575.0;household_utility
32865;2350;5263.0;other_unknown
32866;2351;9173.0;household_utility
32867;2352;5581.0;household_utility
32868;2352;34.0;other_unknown
32869;2352;4.0;insurance_payment
32870;2352;824.0;loan_payment
32871;2353;7732.0;household_utility
32872;2353;1968.0;other_unknown
32873;2354;9071.0;household_utility
32874;2357;3869.0;household_utility
32875;2358;6114.0;household_utility
32876;2359;3119.0;household_utility
32877;2360;7580.0;household_utility
32878;2361;4613.0;household_utility
32879;2361;4352.0;loan_payment
32880;2362;2259.0;household_utility
32881;2363;1525.0;household_utility
32882;2363;599.0;household_utility
32883;2364;2033.0;household_utility
32884;2365;3061.0;household_utility
32885;2366;388.0;household_utility
32886;2366;1261.0;household_utility
32887;2367;5601.0;household_utility
32888;2367;3678.0;other_unknown
32890;2369;7292.0;household_utility
32891;2369;207.0;other_unknown
32892;2370;9747.0;household_utility
32893;2371;7101.3;loan_payment
32894;2371;12510.0;household_utility
32895;2371;793.0;other_unknown
32896;2371;1087.0;insurance_payment
32897;2371;294.0;other_unknown
32898;2372;108.0;household_utility
32899;2372;1946.0;other_unknown
32900;2372;107.0;insurance_payment
32901;2372;131.0;other_unknown
32902;2373;2377.0;household_utility
32903;2374;2331.0;household_utility
32904;2375;279.0;household_utility
32905;2375;7022.0;other_unknown
32906;2376;4428.0;household_utility
32907;2377;305.0;household_utility
32908;2377;1652.0;household_utility
32909;2378;9612.0;household_utility
32910;2379;3190.0;household_utility
32911;2379;145.0;other_unknown
32912;2379;46.0;insurance_payment
32913;2380;4206.0;household_utility
32914;2381;9358.0;household_utility
32915;2382;3123.0;household_utility
32916;2383;1897.0;household_utility
32917;2383;3334.0;other_unknown
32918;2383;139.0;insurance_payment
32919;2384;4282.0;leasing
32920;2385;1305.0;leasing
32921;2386;2042.0;household_utility
32922;2386;1797.0;other_unknown
32923;2387;3414.0;household_utility
32924;2388;2328.0;household_utility
32925;2389;3912.0;household_utility
32926;2390;2353.0;leasing
32927;2390;2206.0;household_utility
32928;2390;11464.0;other_unknown
32929;2391;4959.0;household_utility
32930;2393;4292.0;household_utility
32931;2393;1253.0;leasing
32932;2394;3103.0;loan_payment
32933;2394;3131.0;household_utility
32934;2394;182.0;other_unknown
32935;2394;788.0;insurance_payment
32936;2395;3696.0;household_utility
32937;2396;2548.0;household_utility
32938;2397;3113.0;household_utility
32939;2397;16.0;other_unknown
32940;2400;1640.0;household_utility
32941;2401;2782.0;household_utility
32942;2402;2384.0;household_utility
32943;2403;3031.0;household_utility
32944;2404;5488.0;household_utility
32945;2405;6407.0;household_utility
32946;2406;3186.0;household_utility
32947;2407;7292.0;household_utility
32948;2408;3017.0;household_utility
32949;2408;53.0;other_unknown
32950;2409;5028.0;household_utility
32951;2410;3410.0;household_utility
32957;2413;6448.0;household_utility
32958;2413;1496.0;loan_payment
32959;2414;465.0;household_utility
32960;2414;1501.0;other_unknown
32961;2415;7308.0;household_utility
32962;2416;9425.0;household_utility
32963;2417;1319.0;household_utility
32964;2417;1843.0;other_unknown
32965;2419;7984.3;loan_payment
32966;2420;2401.0;household_utility
32967;2421;1544.0;household_utility
32968;2421;220.0;other_unknown
32969;2421;363.0;insurance_payment
32970;2422;2809.0;household_utility
32971;2423;1494.0;household_utility
32972;2423;1317.0;household_utility
32973;2424;14138.0;household_utility
32974;2425;5936.0;household_utility
32978;2427;5496.0;household_utility
32979;2427;868.0;other_unknown
32980;2427;2342.0;insurance_payment
32981;2429;6786.0;household_utility
32982;2429;369.0;other_unknown
32983;2431;1243.0;household_utility
32984;2431;236.0;other_unknown
32985;2431;2305.0;insurance_payment
32986;2431;1502.0;leasing
32987;2432;2554.0;household_utility
32988;2433;1757.0;household_utility
32989;2434;2927.0;household_utility
32990;2435;1633.9;leasing
32991;2435;7904.0;household_utility
32992;2437;656.0;household_utility
32993;2437;1338.0;other_unknown
32994;2438;5817.0;household_utility
32995;2438;705.0;other_unknown
32996;2439;2096.0;household_utility
32997;2440;6219.0;household_utility
32998;2440;661.0;other_unknown
32999;2440;1230.0;insurance_payment
33000;2441;4719.0;household_utility
33001;2441;490.0;other_unknown
33002;2441;785.0;insurance_payment
33003;2442;540.0;household_utility
33004;2442;1568.0;other_unknown
33005;2443;7034.0;household_utility
33006;2444;2931.6;leasing
33007;2445;4886.0;loan_payment
33008;2446;6372.0;household_utility
33009;2447;6911.0;household_utility
33010;2448;1067.0;household_utility
33011;2448;1193.0;other_unknown
33012;2450;1455.0;household_utility
33013;2450;7915.0;other_unknown
33014;2451;6944.0;household_utility
33015;2452;3244.0;household_utility
33016;2453;2190.0;household_utility
33017;2455;3262.0;household_utility
33018;2456;4187.3;loan_payment
33019;2456;9554.0;household_utility
33020;2457;3834.0;household_utility
33021;2459;1971.0;household_utility
33022;2460;435.0;leasing
33024;2463;3077.0;household_utility
33025;2464;2592.0;leasing
33026;2464;5555.0;household_utility
33027;2464;4681.0;other_unknown
33028;2465;454.0;household_utility
33029;2465;3176.0;household_utility
33030;2466;37.0;household_utility
33031;2466;3733.0;other_unknown
33032;2467;5332.0;household_utility
33033;2468;2094.0;household_utility
33034;2469;2220.0;household_utility
33035;2470;4511.0;household_utility
33036;2470;2105.0;other_unknown
33037;2470;1042.0;insurance_payment
33038;2471;3277.0;household_utility
33039;2471;1347.0;other_unknown
33040;2471;363.0;insurance_payment
33041;2471;205.0;other_unknown
33042;2472;4109.0;household_utility
33043;2472;1233.0;leasing
33044;2473;1760.0;household_utility
33045;2473;236.0;other_unknown
33046;2474;121.0;household_utility
33047;2474;2251.0;other_unknown
33048;2475;166.0;household_utility
33049;2475;804.0;other_unknown
33050;2475;3479.0;insurance_payment
33051;2475;3829.0;other_unknown
33052;2476;2854.0;household_utility
33053;2477;3096.0;household_utility
33056;2479;3022.0;household_utility
33057;2479;765.0;other_unknown
33058;2479;204.0;insurance_payment
33059;2480;3022.0;leasing
33060;2482;7381.0;household_utility
33061;2482;127.0;other_unknown
33062;2482;85.0;insurance_payment
33063;2482;55.0;other_unknown
33064;2482;1721.0;leasing
33065;2483;4996.0;household_utility
33066;2483;4926.0;other_unknown
33067;2484;2343.0;household_utility
33068;2484;538.0;other_unknown
33069;2484;599.0;insurance_payment
33070;2484;1390.0;other_unknown
33071;2485;1944.0;household_utility
33072;2486;2043.0;loan_payment
33073;2487;1828.0;household_utility
33074;2487;228.0;other_unknown
33075;2487;842.0;insurance_payment
33076;2487;262.0;other_unknown
33077;2487;1557.0;leasing
33078;2488;2030.0;household_utility
33079;2489;3854.0;household_utility
33080;2490;3526.0;household_utility
33081;2490;649.0;other_unknown
33082;2491;1.0;household_utility
33083;2491;3232.0;other_unknown
33084;2492;3235.0;household_utility
33085;2492;506.0;household_utility
33086;2493;5375.0;household_utility
33087;2494;693.0;household_utility
33088;2494;4206.0;other_unknown
33089;2494;2247.0;insurance_payment
33090;2495;856.0;leasing
33091;2496;4982.0;household_utility
33092;2496;2752.0;loan_payment
33093;2497;3970.0;household_utility
33094;2497;1871.0;leasing
33095;2498;4223.0;household_utility
33096;2498;1798.0;leasing
33097;2499;112.0;household_utility
33098;2499;1933.0;other_unknown
33099;2499;1858.0;insurance_payment
33100;2501;524.0;household_utility
33101;2501;3142.0;other_unknown
33102;2501;745.0;insurance_payment
33103;2502;3885.0;household_utility
33104;2503;6279.0;household_utility
33105;2504;5513.0;household_utility
33106;2505;136.0;household_utility
33107;2505;1825.0;household_utility
33108;2506;10076.0;household_utility
33109;2507;4556.0;household_utility
33110;2508;2193.0;household_utility
33111;2509;7073.0;household_utility
33112;2509;4377.0;other_unknown
33113;2509;1950.0;insurance_payment
33114;2510;6922.0;household_utility
33115;2510;92.0;other_unknown
33116;2510;904.0;insurance_payment
33117;2511;2696.0;household_utility
33118;2511;3059.0;other_unknown
33121;2513;2655.0;household_utility
33122;2514;4001.0;household_utility
33123;2516;9721.0;loan_payment
33124;2517;11769.0;household_utility
33126;2519;1599.0;household_utility
33127;2520;2355.0;household_utility
33128;2521;6002.0;household_utility
33129;2523;1819.0;household_utility
33130;2523;82.0;other_unknown
33131;2523;41.0;insurance_payment
33132;2523;73.0;other_unknown
33133;2524;2550.0;household_utility
33134;2525;2408.0;household_utility
33135;2525;2929.0;other_unknown
33136;2526;3964.0;household_utility
33137;2527;2322.6;leasing
33138;2527;5774.0;household_utility
33139;2528;2824.0;household_utility
33143;2530;99.0;household_utility
33144;2530;4379.0;other_unknown
33145;2530;3698.0;insurance_payment
33146;2531;1614.0;household_utility
33147;2532;12133.0;household_utility
33148;2534;2190.0;household_utility
33149;2534;1220.0;other_unknown
33150;2535;4273.0;household_utility
33151;2535;90.0;other_unknown
33152;2535;153.0;insurance_payment
33153;2536;3136.0;household_utility
33154;2537;13540.0;household_utility
33155;2538;3689.0;household_utility
33156;2539;1919.0;household_utility
33157;2539;1904.0;household_utility
33158;2541;1822.0;household_utility
33159;2541;2238.0;other_unknown
33160;2541;1897.0;insurance_payment
33161;2542;435.0;household_utility
33162;2542;2637.0;other_unknown
33163;2542;308.0;insurance_payment
33164;2543;2145.0;household_utility
33165;2544;2920.0;household_utility
33166;2544;556.0;other_unknown
33167;2544;33.0;insurance_payment
33168;2544;5.0;other_unknown
33169;2545;2637.0;household_utility
33170;2545;671.0;other_unknown
33171;2545;713.0;insurance_payment
33172;2545;8933.0;loan_payment
33173;2546;4896.5;leasing
33174;2546;2985.0;household_utility
33175;2546;1152.0;other_unknown
33176;2546;480.0;insurance_payment
33177;2547;5492.0;household_utility
33178;2549;2085.0;household_utility
33179;2550;6828.0;household_utility
33180;2550;403.0;other_unknown
33181;2550;67.0;insurance_payment
33182;2550;49.0;other_unknown
33183;2551;2390.0;leasing
33184;2551;11601.0;household_utility
33185;2551;2818.0;other_unknown
33186;2552;7035.0;household_utility
33187;2553;9687.0;household_utility
33188;2554;7607.0;household_utility
33189;2555;5464.0;household_utility
33190;2555;2261.0;other_unknown
33191;2556;2006.0;household_utility
33192;2557;2806.0;household_utility
33193;2558;1982.0;household_utility
33194;2559;5123.0;household_utility
33195;2560;1146.0;household_utility
33196;2560;4445.0;other_unknown
33197;2561;7764.0;household_utility
33198;2562;2235.0;household_utility
33199;2563;2984.0;household_utility
33200;2564;8086.0;household_utility
33201;2567;2574.0;household_utility
33202;2568;5228.0;household_utility
33203;2568;1086.0;other_unknown
33204;2568;306.0;insurance_payment
33205;2569;463.0;household_utility
33206;2569;1871.0;household_utility
33207;2570;2051.0;household_utility
33208;2572;7500.0;loan_payment
33209;2574;9546.0;household_utility
33210;2575;407.0;household_utility
33211;2575;2171.0;household_utility
33212;2576;8106.0;household_utility
33213;2577;3347.0;household_utility
33214;2578;2846.0;household_utility
33215;2579;2688.0;household_utility
33216;2580;5016.0;household_utility
33217;2580;1489.0;loan_payment
33218;2581;4769.0;household_utility
33219;2582;1381.0;household_utility
33220;2582;1748.0;other_unknown
33221;2583;415.0;leasing
33222;2584;994.0;household_utility
33223;2584;582.0;household_utility
33224;2588;6509.0;household_utility
33225;2589;2236.0;household_utility
33226;2589;1458.0;household_utility
33227;2590;1300.0;household_utility
33228;2590;660.0;other_unknown
33229;2590;60.0;insurance_payment
33230;2591;3301.0;household_utility
33231;2592;5129.0;household_utility
33232;2593;7300.0;household_utility
33233;2594;1189.0;leasing
33234;2594;10912.0;household_utility
33235;2594;506.0;other_unknown
33236;2595;3481.0;household_utility
33237;2596;2285.0;household_utility
33238;2597;1398.0;household_utility
33239;2597;1957.0;other_unknown
33241;2600;4379.0;household_utility
33242;2602;1332.0;household_utility
33243;2602;4073.0;other_unknown
33244;2603;3210.0;household_utility
33245;2604;3965.0;household_utility
33246;2605;4245.0;household_utility
33247;2606;31.0;household_utility
33248;2606;2443.0;household_utility
33249;2607;1433.0;household_utility
33250;2607;755.0;other_unknown
33251;2607;882.0;insurance_payment
33252;2607;1570.0;leasing
33253;2608;4788.0;household_utility
33254;2609;4881.9;leasing
33255;2610;1842.0;household_utility
33256;2612;2259.5;leasing
33257;2613;941.0;household_utility
33258;2613;2154.0;household_utility
33259;2614;2152.0;household_utility
33260;2616;8188.0;household_utility
33261;2617;166.0;household_utility
33262;2617;1867.0;other_unknown
33263;2618;3223.0;household_utility
33264;2619;5454.0;household_utility
33265;2620;3855.0;household_utility
33266;2621;2819.0;household_utility
33267;2622;7067.0;household_utility
33268;2622;5681.0;loan_payment
33269;2623;2891.0;household_utility
33270;2624;10744.0;household_utility
33271;2625;1922.0;leasing
33272;2625;4978.0;household_utility
33275;2627;1579.0;household_utility
33276;2627;561.0;household_utility
33277;2628;3090.0;leasing
33278;2631;2125.0;household_utility
33279;2632;2042.0;household_utility
33280;2632;41.0;other_unknown
33281;2632;2300.0;insurance_payment
33282;2636;3254.0;household_utility
33283;2637;5194.0;household_utility
33284;2638;1018.0;household_utility
33285;2638;728.0;other_unknown
33286;2638;4538.0;insurance_payment
33287;2639;8633.0;household_utility
33288;2640;8872.0;household_utility
33289;2641;5126.0;household_utility
33290;2642;792.0;household_utility
33291;2642;571.0;other_unknown
33292;2642;2536.0;insurance_payment
33295;2644;2563.0;household_utility
33296;2644;124.0;household_utility
33297;2645;389.0;household_utility
33298;2645;631.0;other_unknown
33299;2645;5457.0;insurance_payment
33300;2645;1010.0;other_unknown
33301;2645;725.0;leasing
33302;2646;3005.8;leasing
33303;2646;6232.0;household_utility
33304;2646;528.0;other_unknown
33305;2646;300.0;insurance_payment
33306;2647;5303.0;household_utility
33307;2649;5799.0;household_utility
33308;2649;320.0;other_unknown
33309;2649;177.0;insurance_payment
33310;2649;655.0;other_unknown
33311;2650;4563.0;household_utility
33312;2651;3592.9;leasing
33313;2651;10862.0;household_utility
33314;2652;1735.0;household_utility
33315;2652;6351.0;other_unknown
33316;2653;6280.0;household_utility
33317;2653;2310.0;other_unknown
33318;2654;3861.0;household_utility
33319;2655;2216.0;leasing
33320;2655;2900.0;household_utility
33321;2655;89.0;other_unknown
33322;2655;1339.0;insurance_payment
33323;2656;409.0;household_utility
33324;2656;1718.0;household_utility
33325;2657;2174.0;household_utility
33326;2658;486.0;household_utility
33327;2658;1367.0;other_unknown
33328;2658;417.0;insurance_payment
33331;2661;4764.0;household_utility
33332;2662;3625.0;household_utility
33333;2663;3877.0;household_utility
33334;2664;3453.0;household_utility
33335;2664;475.0;other_unknown
33336;2666;647.0;household_utility
33337;2666;1287.0;other_unknown
33338;2667;2180.0;household_utility
33339;2668;9884.0;household_utility
33344;2670;3978.0;household_utility
33345;2670;4754.0;other_unknown
33346;2671;1984.0;household_utility
33347;2672;2111.0;household_utility
33348;2672;211.0;other_unknown
33349;2673;1759.0;household_utility
33350;2673;4111.0;other_unknown
33351;2676;1510.0;household_utility
33352;2676;1339.0;other_unknown
33353;2676;2348.0;insurance_payment
33354;2677;3926.0;household_utility
33355;2677;641.0;other_unknown
33356;2677;1599.0;insurance_payment
33357;2677;158.0;other_unknown
33358;2678;3793.0;leasing
33359;2679;3842.0;household_utility
33360;2681;4662.0;household_utility
33361;2681;1560.0;leasing
33370;2685;2576.0;household_utility
33371;2686;1996.0;household_utility
33372;2687;3830.0;household_utility
33373;2688;2802.0;household_utility
33374;2689;2727.0;household_utility
33375;2689;2121.0;other_unknown
33376;2690;2017.0;household_utility
33377;2691;1370.0;loan_payment
33378;2692;3386.0;household_utility
33379;2693;5852.0;household_utility
33380;2694;3532.0;household_utility
33381;2694;7636.0;loan_payment
33382;2695;3923.0;household_utility
33383;2696;3115.0;household_utility
33384;2697;378.0;household_utility
33385;2697;3142.0;other_unknown
33386;2697;629.0;insurance_payment
33387;2699;4816.0;loan_payment
33388;2699;3743.0;household_utility
33389;2699;662.0;other_unknown
33390;2700;5221.0;household_utility
33391;2700;6129.0;other_unknown
33392;2700;1123.0;insurance_payment
33393;2700;2323.0;other_unknown
33394;2701;489.0;household_utility
33395;2701;5761.0;other_unknown
33396;2702;3537.0;household_utility
33397;2702;29.0;other_unknown
33398;2703;2082.0;household_utility
33401;2705;2608.2;loan_payment
33402;2705;10723.0;household_utility
33403;2707;3032.0;household_utility
33404;2707;2546.0;other_unknown
33405;2709;1969.0;household_utility
33406;2709;39.0;other_unknown
33407;2709;16.0;insurance_payment
33408;2711;7300.0;household_utility
33409;2711;871.0;leasing
33410;2712;2976.0;household_utility
33411;2713;3387.0;household_utility
33412;2715;1707.0;household_utility
33413;2715;216.0;other_unknown
33414;2715;296.0;insurance_payment
33415;2716;989.0;household_utility
33416;2716;7456.0;other_unknown
33417;2717;2271.0;household_utility
33418;2719;2889.0;household_utility
33419;2720;2608.2;loan_payment
33420;2720;6206.0;household_utility
33421;2720;4719.0;other_unknown
33422;2721;1544.0;household_utility
33423;2721;2200.0;other_unknown
33424;2721;179.0;insurance_payment
33425;2721;73.0;other_unknown
33426;2722;1671.0;household_utility
33427;2723;5546.0;household_utility
33428;2724;6399.0;household_utility
33429;2725;3197.0;household_utility
33430;2725;66.0;other_unknown
33431;2725;461.0;insurance_payment
33432;2725;1934.0;loan_payment
33433;2726;5297.0;household_utility
33434;2728;2607.0;loan_payment
33435;2728;11222.0;household_utility
33436;2729;8733.0;household_utility
33437;2730;2284.0;household_utility
33438;2731;5044.0;household_utility
33439;2732;1564.9;leasing
33440;2733;780.0;household_utility
33441;2733;1545.0;other_unknown
33442;2734;883.0;household_utility
33443;2734;3310.0;other_unknown
33444;2734;1293.0;insurance_payment
33447;2736;4604.0;household_utility
33448;2737;4456.0;household_utility
33449;2738;7762.0;household_utility
33450;2738;1152.0;other_unknown
33451;2739;414.0;household_utility
33452;2739;4173.0;other_unknown
33453;2742;128.0;household_utility
33454;2742;4878.0;other_unknown
33455;2743;3330.0;household_utility
33456;2743;2811.0;other_unknown
33457;2743;1870.0;insurance_payment
33458;2744;14384.0;household_utility
33459;2745;1076.0;household_utility
33460;2745;3461.0;other_unknown
33461;2745;1465.0;insurance_payment
33462;2745;3525.0;other_unknown
33463;2746;2404.0;household_utility
33464;2747;3826.0;household_utility
33466;2749;14520.0;household_utility
33467;2750;1750.0;household_utility
33468;2750;2229.0;other_unknown
33469;2751;826.0;household_utility
33470;2751;2957.0;other_unknown
33471;2753;2768.0;loan_payment
33472;2753;6869.0;household_utility
33473;2754;6985.3;loan_payment
33474;2754;2882.0;household_utility
33475;2754;226.0;other_unknown
33476;2755;504.0;household_utility
33477;2755;3263.0;household_utility
33478;2756;8702.0;household_utility
33479;2757;2077.0;household_utility
33480;2758;4692.0;household_utility
33481;2759;12692.0;household_utility
33482;2760;5369.0;household_utility
33483;2760;4476.0;other_unknown
33484;2761;6238.0;household_utility
33485;2762;4641.0;loan_payment
33486;2762;6892.0;household_utility
33487;2762;733.0;other_unknown
33488;2763;4191.2;leasing
33489;2763;9480.0;household_utility
33490;2764;1024.0;household_utility
33491;2764;2382.0;other_unknown
33492;2765;5254.0;household_utility
33493;2766;3498.0;household_utility
33494;2767;4664.0;household_utility
33495;2767;1333.0;other_unknown
33496;2767;1275.0;insurance_payment
33497;2768;2155.0;household_utility
33501;2770;494.0;household_utility
33502;2770;1582.0;other_unknown
33503;2770;494.0;insurance_payment
33504;2771;7288.0;household_utility
33505;2771;1479.0;leasing
33506;2772;7594.0;household_utility
33507;2773;3354.0;household_utility
33508;2773;154.0;other_unknown
33509;2773;36.0;insurance_payment
33510;2773;59.0;other_unknown
33511;2774;3628.0;household_utility
33512;2775;3455.5;leasing
33513;2775;8691.0;household_utility
33514;2776;1647.0;household_utility
33515;2778;192.0;household_utility
33516;2778;5821.0;other_unknown
33517;2779;8262.0;household_utility
33518;2779;34.0;other_unknown
33519;2779;10.0;insurance_payment
33520;2779;5.0;other_unknown
33521;2782;2602.8;leasing
33522;2784;3307.0;household_utility
33526;2787;8356.0;household_utility
33527;2788;3803.0;household_utility
33528;2789;2965.0;household_utility
33529;2789;229.0;other_unknown
33530;2789;762.0;insurance_payment
33531;2790;8862.0;household_utility
33532;2791;3215.0;household_utility
33533;2792;2327.0;household_utility
33534;2793;2301.0;household_utility
33535;2795;1722.0;household_utility
33536;2795;6366.0;other_unknown
33537;2795;1869.0;insurance_payment
33538;2796;3381.0;household_utility
33539;2796;5291.0;other_unknown
33540;2798;6094.0;household_utility
33541;2799;1043.0;household_utility
33542;2799;4870.0;other_unknown
33543;2799;2493.0;insurance_payment
33544;2800;8740.0;household_utility
33545;2801;3524.0;household_utility
33546;2802;2412.0;household_utility
33547;2803;1904.0;leasing
33548;2805;2017.0;household_utility
33549;2806;5068.0;household_utility
33550;2809;1764.0;household_utility
33551;2809;6339.0;other_unknown
33552;2810;392.0;household_utility
33553;2810;5828.0;other_unknown
33554;2810;977.0;insurance_payment
33555;2810;411.0;other_unknown
33556;2811;1980.9;leasing
33557;2811;14584.0;household_utility
33558;2812;8211.0;household_utility
33559;2813;798.0;household_utility
33560;2813;4789.0;other_unknown
33561;2813;227.0;insurance_payment
33562;2813;957.0;other_unknown
33563;2814;2627.0;household_utility
33567;2816;3933.0;household_utility
33568;2816;644.0;other_unknown
33569;2818;1194.0;leasing
33570;2818;8947.0;household_utility
33571;2819;8713.0;household_utility
33572;2819;748.0;other_unknown
33573;2820;1645.0;household_utility
33574;2820;1322.0;household_utility
33575;2821;3933.0;household_utility
33576;2821;2122.0;other_unknown
33580;2823;2210.0;household_utility
33581;2824;7289.0;household_utility
33582;2824;841.0;loan_payment
33583;2825;5284.0;household_utility
33584;2826;5240.0;household_utility
33585;2827;1756.0;leasing
33591;2830;6981.0;household_utility
33592;2830;2150.0;other_unknown
33593;2831;3586.0;household_utility
33594;2831;793.0;other_unknown
33595;2831;363.0;insurance_payment
33596;2831;414.0;other_unknown
33597;2832;2122.0;household_utility
33598;2833;2970.0;household_utility
33599;2834;2515.0;household_utility
33600;2834;1907.0;other_unknown
33601;2834;431.0;insurance_payment
33602;2834;2726.0;other_unknown
33603;2836;9472.0;household_utility
33604;2838;2802.0;leasing
33605;2838;1948.0;household_utility
33606;2838;1370.0;other_unknown
33607;2839;3157.0;household_utility
33608;2839;4885.0;other_unknown
33609;2839;369.0;insurance_payment
33610;2839;166.0;other_unknown
33611;2840;3557.0;leasing
33612;2840;11282.0;household_utility
33613;2841;3536.0;household_utility
33614;2842;358.0;household_utility
33615;2842;930.0;other_unknown
33616;2842;862.0;insurance_payment
33617;2843;7746.0;household_utility
33618;2845;6559.0;household_utility
33619;2846;2457.0;household_utility
33620;2847;5185.0;household_utility
33625;2849;2704.0;household_utility
33626;2850;2038.0;household_utility
33627;2853;2472.0;household_utility
33628;2854;4186.0;household_utility
33629;2855;1589.0;household_utility
33630;2856;6599.0;household_utility
33631;2857;6317.0;household_utility
33632;2858;5333.0;household_utility
33633;2858;786.0;other_unknown
33634;2858;500.0;leasing
33635;2861;2613.0;household_utility
33636;2862;1371.0;household_utility
33637;2862;5728.0;other_unknown
33638;2863;945.0;household_utility
33639;2863;5223.0;other_unknown
33640;2864;890.0;household_utility
33641;2864;413.0;other_unknown
33642;2864;6308.0;insurance_payment
33643;2865;3482.0;household_utility
33644;2865;8.0;other_unknown
33645;2865;2.0;insurance_payment
33646;2865;1.0;other_unknown
33647;2866;5711.0;household_utility
33648;2867;7523.0;household_utility
33649;2868;3306.0;household_utility
33650;2869;2562.0;household_utility
33651;2870;5851.0;household_utility
33652;2871;3829.0;household_utility
33653;2872;4040.0;household_utility
33654;2872;4059.0;other_unknown
33655;2872;4472.0;loan_payment
33656;2873;3615.0;household_utility
33657;2873;2925.0;other_unknown
33658;2873;761.0;insurance_payment
33659;2873;693.0;other_unknown
33660;2874;2066.0;household_utility
33661;2876;5231.0;household_utility
33662;2877;5305.0;household_utility
33663;2878;3192.0;household_utility
33664;2879;7193.0;household_utility
33665;2880;7501.0;household_utility
33666;2881;4639.0;household_utility
33667;2882;4441.0;leasing
33668;2882;8002.0;household_utility
33669;2883;2497.0;household_utility
33670;2884;3854.0;household_utility
33671;2885;7905.0;household_utility
33672;2886;3472.0;household_utility
33673;2887;5645.0;household_utility
33674;2888;305.0;household_utility
33675;2888;2087.0;household_utility
33676;2889;3292.0;leasing
33677;2889;5038.0;household_utility
33678;2890;2661.0;household_utility
33679;2890;2992.0;other_unknown
33680;2891;4614.0;household_utility
33681;2891;4928.0;other_unknown
33682;2891;1756.0;leasing
33683;2893;1503.0;household_utility
33684;2893;751.0;other_unknown
33685;2894;3735.8;leasing
33686;2895;5598.0;household_utility
33687;2896;1852.0;household_utility
33688;2896;295.0;other_unknown
33689;2897;5751.0;household_utility
33690;2898;6655.0;household_utility
33691;2899;7503.0;household_utility
33692;2901;4936.0;household_utility
33693;2902;825.0;household_utility
33694;2902;5465.0;other_unknown
33695;2903;7826.0;household_utility
33696;2906;2454.0;household_utility
33697;2906;6863.0;other_unknown
33698;2906;341.0;insurance_payment
33699;2907;3983.0;household_utility
33700;2908;3207.0;household_utility
33701;2909;7036.0;household_utility
33702;2910;7291.3;loan_payment
33703;2910;6778.0;household_utility
33704;2910;7656.0;other_unknown
33705;2911;617.0;household_utility
33706;2911;4389.0;other_unknown
33707;2911;2572.0;insurance_payment
33708;2911;1051.0;leasing
33709;2912;6336.0;loan_payment
33710;2913;499.0;household_utility
33711;2913;2481.0;household_utility
33712;2914;1822.0;household_utility
33713;2914;3367.0;other_unknown
33714;2916;2096.0;household_utility
33715;2916;635.0;other_unknown
33716;2916;3630.0;insurance_payment
33717;2916;2.0;other_unknown
33718;2917;6157.0;household_utility
33719;2918;7997.2;loan_payment
33720;2918;10487.0;household_utility
33721;2919;7331.0;household_utility
33722;2920;5493.0;household_utility
33723;2921;6797.0;household_utility
33724;2923;2786.0;household_utility
33725;2925;4297.0;household_utility
33726;2926;1348.0;household_utility
33727;2926;1093.0;other_unknown
33728;2926;868.0;insurance_payment
33729;2926;699.0;other_unknown
33730;2927;2025.0;leasing
33731;2928;3566.0;household_utility
33732;2929;3658.3;leasing
33733;2929;226.0;household_utility
33734;2929;11789.0;other_unknown
33735;2930;12032.0;household_utility
33736;2931;2884.0;household_utility
33737;2932;3658.3;leasing
33738;2932;4920.0;household_utility
33739;2932;26.0;other_unknown
33740;2932;4.0;insurance_payment
33741;2932;7.0;other_unknown
33742;2933;4542.0;loan_payment
33743;2933;5907.0;household_utility
33744;2935;2100.0;household_utility
33745;2936;4247.0;household_utility
33746;2936;8400.0;loan_payment
33747;2937;3230.0;household_utility
33748;2938;3658.3;leasing
33749;2938;1996.0;household_utility
33750;2938;2288.0;other_unknown
33751;2938;6758.0;insurance_payment
33752;2939;2882.0;household_utility
33753;2940;7156.0;household_utility
33756;2942;2451.0;household_utility
33757;2942;1072.0;other_unknown
33760;2944;2984.0;household_utility
33761;2944;615.0;other_unknown
33762;2945;1854.0;household_utility
33763;2946;2672.0;household_utility
33764;2947;2228.0;household_utility
33767;2949;783.0;household_utility
33768;2949;1268.0;household_utility
33769;2950;8653.0;household_utility
33770;2951;743.0;household_utility
33771;2951;1810.0;other_unknown
33772;2951;462.0;insurance_payment
33773;2952;1629.0;household_utility
33774;2952;750.0;household_utility
33775;2953;580.0;household_utility
33776;2953;2848.0;other_unknown
33777;2953;1515.0;leasing
33778;2954;8306.0;household_utility
33779;2955;3386.0;household_utility
33780;2956;9042.0;household_utility
33781;2957;4640.0;household_utility
33782;2958;3261.0;household_utility
33783;2960;8884.0;household_utility
33784;2961;606.0;household_utility
33785;2961;1055.0;household_utility
33786;2962;2604.5;loan_payment
33787;2963;5101.0;household_utility
33788;2964;2306.0;household_utility
33789;2965;2648.0;household_utility
33790;2966;4560.0;household_utility
33791;2967;2666.0;household_utility
33792;2967;1042.0;other_unknown
33793;2967;4489.0;insurance_payment
33794;2968;1394.0;household_utility
33795;2968;2284.0;other_unknown
33796;2971;3554.8;leasing
33797;2972;3554.8;leasing
33798;2973;4373.0;household_utility
33799;2973;212.0;other_unknown
33800;2974;1546.0;household_utility
33807;2976;8473.0;household_utility
33808;2977;1727.0;leasing
33809;2977;3055.0;household_utility
33810;2978;3212.0;household_utility
33811;2979;3494.0;household_utility
33812;2980;3316.0;household_utility
33813;2981;2022.0;household_utility
33814;2982;3438.0;loan_payment
33815;2982;8143.0;household_utility
33816;2982;164.0;other_unknown
33817;2982;226.0;insurance_payment
33818;2982;23.0;other_unknown
33823;2985;2113.0;household_utility
33824;2986;3301.0;household_utility
33825;2986;1390.0;other_unknown
33826;2986;1033.0;loan_payment
33827;2987;5569.0;household_utility
33828;2988;7384.0;loan_payment
33829;2989;3395.0;household_utility
33830;2990;22.0;household_utility
33831;2990;2704.0;other_unknown
33832;2991;9220.0;household_utility
33833;2991;121.0;other_unknown
33834;2991;7.0;insurance_payment
33835;2991;107.0;other_unknown
33836;2992;5396.0;household_utility
33837;2994;3217.0;household_utility
33838;2994;1354.0;loan_payment
33840;2996;7282.0;household_utility
33841;2996;15.0;other_unknown
33842;2996;99.0;insurance_payment
33843;2996;402.0;other_unknown
33844;2997;1978.0;household_utility
33845;2998;3170.0;household_utility
33846;2998;28.0;other_unknown
33847;2998;3.0;insurance_payment
33848;2999;2806.0;household_utility
33851;3004;1522.0;household_utility
33852;3004;1572.0;household_utility
33853;3005;8125.3;loan_payment
33854;3005;6883.0;household_utility
33855;3005;7696.0;other_unknown
33856;3006;3783.0;household_utility
33857;3007;983.0;household_utility
33858;3007;1405.0;other_unknown
33859;3007;5596.0;insurance_payment
33860;3007;997.0;other_unknown
33861;3008;2120.0;household_utility
33862;3009;2739.0;household_utility
33863;3011;2042.0;household_utility
33864;3011;138.0;other_unknown
33865;3012;2601.0;household_utility
33866;3013;3064.0;household_utility
33867;3014;4187.0;leasing
33868;3015;18.0;household_utility
33869;3015;2130.0;other_unknown
33870;3016;8517.0;household_utility
33871;3017;3019.0;household_utility
33872;3017;879.0;other_unknown
33873;3017;1173.0;insurance_payment
33874;3017;1877.0;other_unknown
33875;3021;3241.8;loan_payment
33876;3022;3170.0;household_utility
33877;3023;2213.0;household_utility
33878;3024;611.0;household_utility
33879;3024;1650.0;household_utility
33880;3025;3354.0;household_utility
33881;3026;8024.0;household_utility
33882;3027;2631.0;household_utility
33883;3028;2200.0;household_utility
33884;3029;1514.0;household_utility
33885;3030;293.0;household_utility
33886;3030;1795.0;other_unknown
33887;3031;2789.0;household_utility
33888;3032;2858.0;household_utility
33889;3033;605.0;household_utility
33890;3033;192.0;other_unknown
33891;3033;1137.0;insurance_payment
33895;3035;7524.0;household_utility
33896;3035;4919.0;other_unknown
33897;3037;7718.7;loan_payment
33899;3039;5035.0;household_utility
33900;3039;1233.0;other_unknown
33901;3040;2202.0;household_utility
33902;3041;130.0;household_utility
33903;3041;1827.0;other_unknown
33904;3041;743.0;insurance_payment
33905;3042;2884.0;household_utility
33906;3042;3459.0;other_unknown
33907;3043;2768.0;household_utility
33908;3044;2756.0;household_utility
33909;3045;2366.0;household_utility
33910;3046;1889.0;household_utility
33911;3046;613.0;other_unknown
33912;3047;2316.0;household_utility
33913;3048;4631.2;leasing
33914;3049;1961.0;household_utility
33915;3050;6907.5;loan_payment
33916;3050;9716.0;household_utility
33917;3050;119.0;other_unknown
33918;3050;41.0;insurance_payment
33919;3051;4104.0;household_utility
33920;3051;184.0;other_unknown
33921;3051;623.0;insurance_payment
33922;3052;4144.5;leasing
33923;3052;6175.0;household_utility
33924;3053;3790.0;household_utility
33925;3053;3675.0;other_unknown
33928;3055;1279.0;household_utility
33929;3055;1140.0;household_utility
33930;3056;868.0;household_utility
33931;3056;2033.0;household_utility
33932;3057;4646.0;household_utility
33933;3059;1433.0;household_utility
33934;3059;1758.0;other_unknown
33935;3059;529.0;insurance_payment
33936;3060;3960.0;household_utility
33937;3061;1978.0;household_utility
33938;3062;2638.0;household_utility
33939;3063;2330.0;household_utility
33940;3064;1455.0;household_utility
33941;3064;4714.0;other_unknown
33942;3064;1285.0;loan_payment
33945;3066;3241.0;household_utility
33946;3067;2604.0;household_utility
33947;3067;1330.0;other_unknown
33948;3068;3878.0;household_utility
33949;3069;6704.0;household_utility
33950;3070;3374.0;household_utility
33951;3071;5122.0;household_utility
33952;3071;4268.0;other_unknown
33953;3072;5268.0;household_utility
33958;3075;1523.0;household_utility
33959;3076;2715.0;household_utility
33960;3077;3698.0;household_utility
33961;3078;2232.0;household_utility
33962;3079;234.0;household_utility
33963;3079;2065.0;other_unknown
33964;3080;3359.0;household_utility
33967;3082;7496.0;household_utility
33968;3084;7042.0;loan_payment
33970;3085;5723.0;household_utility
33971;3085;907.0;other_unknown
33972;3086;5022.0;household_utility
33973;3087;845.0;household_utility
33974;3087;395.0;other_unknown
33975;3087;693.0;insurance_payment
33976;3088;5866.0;household_utility
33977;3090;4225.2;leasing
33978;3090;6829.0;household_utility
33979;3090;722.0;other_unknown
33980;3090;640.0;insurance_payment
33981;3091;4922.0;household_utility
33982;3091;3387.0;other_unknown
33983;3092;2311.0;household_utility
33984;3093;4238.0;household_utility
33985;3094;5421.0;household_utility
33986;3094;10.0;other_unknown
33987;3094;21.0;insurance_payment
33988;3094;17.0;other_unknown
33994;3096;6446.0;household_utility
33995;3096;65.0;other_unknown
33996;3096;8.0;insurance_payment
33997;3096;1619.0;other_unknown
33998;3097;403.0;household_utility
33999;3097;2119.0;other_unknown
34000;3098;4605.0;household_utility
34001;3099;3205.0;household_utility
34002;3100;222.0;household_utility
34003;3100;6275.0;other_unknown
34004;3101;1938.0;household_utility
34005;3102;6722.0;household_utility
34006;3103;9388.0;household_utility
34007;3103;776.0;other_unknown
34008;3103;4244.0;insurance_payment
34009;3104;2004.0;household_utility
34010;3105;2145.0;household_utility
34011;3107;2642.0;household_utility
34012;3108;1560.0;household_utility
34013;3108;482.0;other_unknown
34014;3111;3641.0;household_utility
34015;3112;2567.3;loan_payment
34016;3112;1468.0;household_utility
34017;3112;1584.0;other_unknown
34018;3113;8001.0;household_utility
34019;3113;4043.0;other_unknown
34020;3113;367.0;insurance_payment
34021;3113;355.0;other_unknown
34022;3115;5353.3;loan_payment
34023;3115;14723.0;household_utility
34024;3116;9037.0;household_utility
34025;3117;3570.0;household_utility
34026;3118;8886.0;household_utility
34027;3119;1144.0;household_utility
34028;3119;84.0;other_unknown
34029;3119;884.0;insurance_payment
34030;3120;2904.0;household_utility
34031;3121;2902.0;household_utility
34032;3122;4944.0;household_utility
34035;3124;3649.0;household_utility
34036;3124;811.0;other_unknown
34037;3124;876.0;insurance_payment
34038;3125;4245.0;household_utility
34039;3126;3992.0;household_utility
34040;3127;7334.0;household_utility
34041;3129;2707.0;household_utility
34042;3130;1546.0;household_utility
34043;3131;9131.0;household_utility
34044;3132;3520.0;household_utility
34045;3132;855.0;other_unknown
34046;3132;13.0;insurance_payment
34047;3133;3191.0;household_utility
34048;3133;6327.0;other_unknown
34049;3134;3268.0;household_utility
34050;3135;6814.0;household_utility
34051;3136;2655.0;household_utility
34052;3136;3489.0;other_unknown
34053;3137;4226.5;loan_payment
34054;3140;2376.0;household_utility
34055;3140;1978.0;other_unknown
34056;3141;1087.0;leasing
34057;3141;9905.0;household_utility
34058;3142;1974.0;household_utility
34059;3142;1254.0;household_utility
34060;3143;4474.0;household_utility
34061;3143;5454.0;loan_payment
34062;3144;3786.0;household_utility
34063;3145;2527.0;household_utility
34064;3146;2122.0;household_utility
34065;3147;7729.0;household_utility
34066;3147;28.0;other_unknown
34067;3147;33.0;insurance_payment
34068;3147;37.0;other_unknown
34069;3148;2478.0;household_utility
34072;3151;363.0;household_utility
34073;3151;4081.0;other_unknown
34074;3152;6339.0;household_utility
34075;3153;3175.0;household_utility
34076;3153;2001.0;other_unknown
34077;3154;3609.0;household_utility
34078;3154;515.0;other_unknown
34079;3155;8704.0;household_utility
34080;3156;1087.0;leasing
34081;3157;694.0;household_utility
34082;3157;1740.0;household_utility
34083;3158;2100.0;household_utility
34087;3160;8364.0;household_utility
34088;3161;2501.0;loan_payment
34089;3162;9350.0;household_utility
34090;3163;2221.7;leasing
34091;3163;2350.0;household_utility
34092;3163;6514.0;other_unknown
34093;3163;1620.0;insurance_payment
34094;3164;2971.0;household_utility
34095;3164;433.0;household_utility
34098;3166;3702.8;loan_payment
34099;3168;3292.0;household_utility
34100;3169;836.0;household_utility
34101;3169;6674.0;other_unknown
34102;3170;4187.0;household_utility
34103;3171;3102.0;household_utility
34104;3172;1899.0;household_utility
34105;3172;43.0;other_unknown
34106;3173;2189.0;household_utility
34107;3173;634.0;household_utility
34108;3174;2859.0;household_utility
34109;3175;3280.0;household_utility
34110;3176;2464.0;household_utility
34111;3178;1665.0;household_utility
34112;3178;287.0;other_unknown
34113;3179;2556.0;household_utility
34114;3179;1015.0;other_unknown
34115;3180;1210.0;household_utility
34116;3180;1954.0;other_unknown
34117;3182;6455.0;household_utility
34118;3183;3024.0;household_utility
34119;3184;3410.0;household_utility
34120;3185;6404.0;household_utility
34121;3185;2041.0;other_unknown
34122;3186;7456.0;household_utility
34123;3188;7623.0;household_utility
34124;3189;3702.8;loan_payment
34125;3190;3085.0;household_utility
34126;3191;2774.0;household_utility
34127;3191;3606.0;other_unknown
34128;3192;1272.0;household_utility
34129;3192;2518.0;other_unknown
34130;3193;9641.0;household_utility
34131;3194;7584.0;household_utility
34132;3195;1599.0;household_utility
34133;3195;1253.0;other_unknown
34134;3195;218.0;insurance_payment
34135;3196;2389.0;household_utility
34136;3197;2008.0;household_utility
34140;3199;1571.0;household_utility
34141;3199;2164.0;other_unknown
34142;3201;3352.0;household_utility
34143;3201;2898.0;other_unknown
34144;3202;1613.0;household_utility
34145;3202;908.0;household_utility
34146;3203;2111.0;household_utility
34147;3205;1564.0;household_utility
34148;3206;2434.0;household_utility
34149;3206;677.0;other_unknown
34152;3209;5659.0;household_utility
34153;3210;7388.0;household_utility
34154;3211;2012.0;household_utility
34155;3212;2112.0;household_utility
34156;3212;68.0;other_unknown
34157;3212;95.0;insurance_payment
34158;3212;47.0;other_unknown
34159;3213;1483.0;household_utility
34160;3213;562.0;other_unknown
34161;3214;2679.0;household_utility
34164;3216;1951.3;leasing
34165;3216;2712.0;household_utility
34166;3216;6634.0;other_unknown
34167;3217;1951.3;leasing
34168;3217;8196.0;household_utility
34169;3218;1449.0;household_utility
34170;3218;667.0;other_unknown
34171;3219;8811.0;household_utility
34172;3220;1882.0;leasing
34173;3221;148.0;household_utility
34174;3221;2038.0;household_utility
34175;3222;674.0;household_utility
34176;3222;859.0;other_unknown
34177;3222;590.0;insurance_payment
34178;3224;2583.0;household_utility
34179;3224;1375.0;household_utility
34180;3225;8030.0;household_utility
34181;3226;450.0;household_utility
34182;3226;2348.0;other_unknown
34183;3227;2743.0;household_utility
34184;3227;1662.0;other_unknown
34185;3227;4742.0;insurance_payment
34186;3227;1721.0;leasing
34187;3228;3847.0;household_utility
34188;3229;3252.2;loan_payment
34189;3229;6828.0;household_utility
34190;3229;6411.0;other_unknown
34191;3230;2144.0;loan_payment
34192;3231;2636.0;household_utility
34193;3232;2413.0;household_utility
34194;3233;9044.0;household_utility
34195;3234;2659.0;household_utility
34196;3235;6149.0;household_utility
34197;3236;350.0;household_utility
34198;3236;2038.0;household_utility
34199;3237;9095.0;household_utility
34200;3238;8109.0;household_utility
34201;3238;793.0;other_unknown
34202;3239;8838.0;household_utility
34203;3240;1951.3;leasing
34204;3240;5110.0;household_utility
34205;3240;21.0;other_unknown
34206;3240;298.0;insurance_payment
34207;3241;3034.0;household_utility
34208;3242;5838.0;household_utility
34209;3242;1551.0;loan_payment
34210;3243;3886.0;household_utility
34211;3244;1858.0;household_utility
34212;3244;219.0;other_unknown
34213;3245;3878.0;household_utility
34214;3246;4621.0;household_utility
34215;3247;974.0;household_utility
34216;3247;3032.0;other_unknown
34217;3248;2793.0;household_utility
34218;3248;466.0;household_utility
34219;3249;8197.0;household_utility
34220;3249;5677.0;loan_payment
34221;3250;1880.0;household_utility
34222;3251;2021.0;household_utility
34223;3252;1406.0;household_utility
34224;3252;483.0;other_unknown
34225;3252;155.0;insurance_payment
34226;3253;1951.3;leasing
34227;3254;5119.0;household_utility
34228;3256;2232.0;household_utility
34229;3256;4490.0;other_unknown
34231;3258;1646.0;leasing
34232;3258;8565.0;household_utility
34233;3258;213.0;other_unknown
34234;3259;912.0;household_utility
34235;3259;1350.0;other_unknown
34236;3260;8462.0;household_utility
34237;3260;40.0;other_unknown
34238;3261;3647.0;household_utility
34239;3261;2197.0;other_unknown
34240;3262;8340.0;household_utility
34241;3264;1886.0;household_utility
34243;3266;119.0;household_utility
34244;3266;1528.0;household_utility
34245;3267;6403.0;household_utility
34246;3268;1395.0;household_utility
34247;3268;634.0;other_unknown
34248;3268;251.0;insurance_payment
34249;3269;1951.3;leasing
34250;3270;7806.0;household_utility
34251;3271;2527.0;household_utility
34252;3272;466.0;household_utility
34253;3272;1531.0;other_unknown
34254;3272;1126.0;insurance_payment
34255;3272;342.0;other_unknown
34256;3273;7876.0;loan_payment
34257;3274;5775.0;household_utility
34258;3275;120.0;household_utility
34259;3275;3056.0;other_unknown
34260;3276;1722.0;household_utility
34261;3276;929.0;other_unknown
34262;3276;1017.0;insurance_payment
34263;3279;11462.0;household_utility
34264;3280;1726.0;household_utility
34265;3280;2671.0;other_unknown
34266;3281;3594.0;household_utility
34267;3283;8720.0;household_utility
34268;3284;4872.0;household_utility
34269;3285;2100.0;household_utility
34270;3286;11785.0;household_utility
34271;3287;6968.0;household_utility
34272;3288;2471.0;household_utility
34273;3289;3419.0;household_utility
34274;3289;3841.0;other_unknown
34275;3291;2505.0;household_utility
34276;3292;3170.0;household_utility
34277;3293;7668.7;loan_payment
34278;3293;3231.0;household_utility
34279;3293;567.0;other_unknown
34280;3293;58.0;insurance_payment
34281;3293;221.0;other_unknown
34282;3294;6369.0;household_utility
34287;3296;5091.0;household_utility
34288;3296;9248.0;other_unknown
34289;3299;4676.0;loan_payment
34290;3300;7786.5;loan_payment
34291;3300;6632.0;household_utility
34292;3301;4956.0;household_utility
34293;3302;1376.0;household_utility
34294;3302;572.0;other_unknown
34295;3302;57.0;insurance_payment
34296;3304;4660.0;household_utility
34297;3305;22.0;household_utility
34298;3305;2858.0;household_utility
34299;3306;5454.0;household_utility
34300;3306;59.0;other_unknown
34301;3309;2430.0;household_utility
34302;3309;2991.0;other_unknown
34303;3309;731.0;insurance_payment
34304;3310;3277.0;household_utility
34305;3311;4671.9;leasing
34306;3311;4035.0;household_utility
34307;3311;666.0;other_unknown
34308;3311;3455.0;insurance_payment
34309;3312;813.0;household_utility
34310;3312;789.0;other_unknown
34311;3312;330.0;insurance_payment
34312;3312;32.0;other_unknown
34317;3316;9655.0;household_utility
34318;3317;2166.0;household_utility
34319;3318;667.0;household_utility
34320;3318;771.0;other_unknown
34321;3318;511.0;insurance_payment
34322;3319;66.0;household_utility
34323;3319;2154.0;other_unknown
34324;3320;2075.0;household_utility
34325;3322;3421.0;household_utility
34326;3323;3498.0;household_utility
34327;3324;2471.0;household_utility
34328;3324;2146.0;other_unknown
34329;3327;1923.0;household_utility
34330;3327;4270.0;other_unknown
34331;3328;3300.0;household_utility
34332;3329;9249.0;household_utility
34333;3329;1604.0;loan_payment
34334;3330;3651.7;leasing
34335;3330;5713.0;household_utility
34336;3331;3832.0;household_utility
34337;3331;1436.0;other_unknown
34338;3335;2170.0;household_utility
34339;3336;2974.0;household_utility
34340;3337;5743.0;household_utility
34341;3338;7531.0;household_utility
34342;3339;3354.0;household_utility
34346;3342;8335.0;household_utility
34347;3343;2212.0;household_utility
34348;3343;7661.0;other_unknown
34349;3344;8537.0;household_utility
34351;3346;2276.0;household_utility
34352;3346;4930.0;other_unknown
34353;3347;2624.0;household_utility
34354;3348;5787.0;household_utility
34355;3349;7601.0;household_utility
34356;3350;3661.0;household_utility
34357;3351;2700.0;household_utility
34358;3352;2360.0;household_utility
34359;3352;578.0;other_unknown
34360;3353;6086.2;loan_payment
34361;3353;10616.0;household_utility
34362;3353;58.0;other_unknown
34363;3353;414.0;insurance_payment
34364;3354;489.0;household_utility
34365;3354;2704.0;other_unknown
34366;3354;1540.0;insurance_payment
34367;3354;415.0;loan_payment
34368;3355;2575.0;household_utility
34372;3357;1841.0;household_utility
34373;3358;1740.0;household_utility
34374;3358;446.0;other_unknown
34375;3359;2038.0;household_utility
34376;3360;9194.0;household_utility
34377;3361;6154.0;household_utility
34378;3362;7294.0;household_utility
34379;3363;2463.0;household_utility
34380;3364;3651.7;leasing
34381;3364;5491.0;household_utility
34382;3364;699.0;other_unknown
34383;3365;2298.0;household_utility
34384;3365;677.0;household_utility
34385;3366;3964.0;household_utility
34386;3366;1608.0;other_unknown
34387;3367;904.0;household_utility
34388;3367;2119.0;other_unknown
34389;3368;4389.0;household_utility
34390;3368;3343.0;other_unknown
34391;3368;176.0;insurance_payment
34392;3369;26.0;household_utility
34393;3369;3007.0;other_unknown
34394;3370;2385.5;leasing
34395;3371;11549.0;household_utility
34396;3372;9838.0;household_utility
34397;3373;5776.0;household_utility
34398;3373;3435.0;other_unknown
34401;3376;6794.0;household_utility
34402;3377;3240.0;household_utility
34403;3378;6387.0;household_utility
34404;3380;4376.0;household_utility
34405;3381;9971.0;household_utility
34406;3382;3975.8;loan_payment
34407;3384;2935.0;household_utility
34408;3385;3454.0;household_utility
34411;3389;4882.0;household_utility
34412;3390;3385.5;loan_payment
34413;3390;850.0;household_utility
34414;3390;2004.0;other_unknown
34415;3390;105.0;insurance_payment
34416;3390;560.0;other_unknown
34417;3391;813.0;household_utility
34418;3391;6082.0;other_unknown
34419;3391;620.0;leasing
34420;3392;6139.0;household_utility
34421;3393;7993.0;household_utility
34422;3394;191.0;household_utility
34423;3394;1698.0;household_utility
34424;3395;3712.0;household_utility
34425;3397;9400.0;household_utility
34426;3398;1990.0;household_utility
34427;3399;4748.0;household_utility
34428;3399;784.0;other_unknown
34429;3399;261.0;insurance_payment
34430;3399;1753.0;other_unknown
34433;3401;4247.0;household_utility
34434;3402;1197.0;leasing
34435;3402;3656.0;household_utility
34436;3402;4324.0;other_unknown
34437;3403;1995.0;loan_payment
34438;3405;7543.0;household_utility
34439;3406;2820.0;household_utility
34440;3409;3167.0;household_utility
34441;3410;3505.0;household_utility
34442;3410;169.0;insurance_payment
34443;3410;120.0;other_unknown
34444;3411;6443.0;household_utility
34445;3412;670.0;household_utility
34446;3412;1033.0;household_utility
34447;3413;4359.0;household_utility
34448;3413;242.0;other_unknown
34449;3413;247.0;insurance_payment
34450;3413;139.0;other_unknown
34456;3415;4178.0;household_utility
34459;3418;4318.0;loan_payment
34460;3419;4910.0;household_utility
34461;3419;532.0;other_unknown
34462;3419;2456.0;insurance_payment
34466;3421;8640.0;household_utility
34467;3422;9212.0;household_utility
34468;3423;1110.0;household_utility
34469;3423;2685.0;other_unknown
34470;3424;1379.0;leasing
34471;3424;4979.0;household_utility
34472;3424;2264.0;other_unknown
34473;3424;1463.0;insurance_payment
34474;3425;2646.0;household_utility
34475;3426;13088.0;household_utility
34476;3426;488.0;other_unknown
34477;3427;9843.0;household_utility
34478;3429;538.0;household_utility
34479;3429;1326.0;household_utility
34480;3430;2426.0;household_utility
34481;3431;8649.0;household_utility
34482;3432;2734.0;household_utility
34483;3433;2303.0;household_utility
34484;3434;983.0;household_utility
34485;3434;988.0;other_unknown
34486;3435;3090.0;household_utility
34487;3436;2243.0;household_utility
34488;3437;478.0;household_utility
34489;3437;6761.0;other_unknown
34490;3438;2857.0;household_utility
34491;3439;7541.0;household_utility
34492;3440;7623.0;household_utility
34493;3440;2066.0;other_unknown
34494;3440;20.0;insurance_payment
34495;3440;5.0;other_unknown
34497;3442;2230.0;household_utility
34498;3443;2755.0;household_utility
34499;3446;12659.0;household_utility
34502;3448;2860.7;loan_payment
34503;3451;7097.0;household_utility
34504;3452;3129.0;household_utility
34505;3453;7062.0;household_utility
34506;3454;3208.0;household_utility
34507;3455;5622.5;loan_payment
34508;3456;1500.0;household_utility
34509;3457;2796.0;household_utility
34510;3458;1153.0;household_utility
34511;3458;1525.0;household_utility
34512;3460;2931.0;loan_payment
34513;3462;1491.0;household_utility
34514;3462;4743.0;other_unknown
34515;3463;646.0;household_utility
34516;3463;5186.0;other_unknown
34517;3463;2552.0;insurance_payment
34518;3464;2802.0;household_utility
34519;3464;1852.0;other_unknown
34520;3465;4543.0;household_utility
34521;3466;2499.0;household_utility
34522;3466;105.0;other_unknown
34523;3466;742.0;insurance_payment
34524;3467;2274.0;leasing
34525;3467;2899.0;household_utility
34526;3467;618.0;other_unknown
34527;3467;40.0;insurance_payment
34528;3467;5.0;other_unknown
34529;3468;3907.0;household_utility
34530;3468;149.0;other_unknown
34531;3468;1629.0;leasing
34532;3469;2554.0;household_utility
34533;3470;2492.0;household_utility
34534;3471;5446.0;household_utility
34535;3471;846.0;other_unknown
34536;3472;9623.0;household_utility
34537;3472;138.0;other_unknown
34538;3472;227.0;insurance_payment
34542;3474;915.0;household_utility
34543;3474;240.0;other_unknown
34544;3474;1047.0;insurance_payment
34547;3476;860.0;household_utility
34548;3476;5447.0;other_unknown
34549;3477;2132.0;household_utility
34550;3478;4906.0;household_utility
34551;3479;7650.0;household_utility
34552;3479;1506.0;other_unknown
34558;3482;3026.0;household_utility
34559;3483;2173.0;household_utility
34560;3484;6634.0;household_utility
34561;3485;399.0;household_utility
34562;3485;5428.0;other_unknown
34563;3486;2084.0;household_utility
34564;3487;324.0;household_utility
34565;3487;7951.0;other_unknown
34568;3489;3373.0;household_utility
34569;3489;1837.0;loan_payment
34570;3491;1542.0;household_utility
34571;3491;776.0;other_unknown
34572;3491;4953.0;insurance_payment
34573;3492;4485.0;household_utility
34574;3492;4962.0;other_unknown
34575;3493;2277.0;household_utility
34576;3494;3599.0;household_utility
34577;3495;5079.0;household_utility
34578;3497;1611.0;household_utility
34579;3497;5650.0;other_unknown
34580;3497;118.0;insurance_payment
34581;3498;884.0;household_utility
34582;3498;2347.0;other_unknown
34585;3501;7590.0;household_utility
34586;3501;2225.0;other_unknown
34587;3501;7304.0;loan_payment
34588;3502;5258.0;household_utility
34589;3504;3360.0;household_utility
34590;3505;3823.0;household_utility
34591;3506;3562.0;household_utility
34592;3506;4084.0;other_unknown
34593;3507;557.0;household_utility
34594;3507;2700.0;other_unknown
34595;3509;3027.0;household_utility
34596;3511;2313.0;household_utility
34597;3512;2063.0;loan_payment
34598;3513;4507.0;household_utility
34599;3513;2185.0;other_unknown
34600;3514;2266.0;household_utility
34601;3515;2563.0;household_utility
34602;3518;3438.0;household_utility
34603;3522;2423.0;household_utility
34604;3524;3060.0;household_utility
34605;3525;3084.0;household_utility
34606;3526;4559.0;household_utility
34607;3527;3414.0;household_utility
34608;3528;7655.0;household_utility
34609;3530;1977.0;household_utility
34610;3531;2868.0;household_utility
34611;3533;2127.0;household_utility
34612;3534;2189.0;household_utility
34613;3534;4075.0;other_unknown
34614;3535;2131.0;household_utility
34615;3536;2589.0;household_utility
34616;3537;646.0;household_utility
34617;3537;3772.0;other_unknown
34618;3537;50.0;insurance_payment
34619;3537;27.0;other_unknown
34620;3540;2565.0;household_utility
34621;3541;1691.0;household_utility
34622;3542;2267.0;household_utility
34623;3543;2094.0;household_utility
34624;3544;10975.0;household_utility
34625;3545;7358.0;household_utility
34626;3546;1658.0;household_utility
34627;3546;4795.0;other_unknown
34628;3547;2684.0;household_utility
34629;3548;3586.0;household_utility
34630;3549;3265.0;household_utility
34631;3550;5262.0;household_utility
34632;3550;936.0;other_unknown
34633;3550;2564.0;insurance_payment
34634;3551;1769.0;household_utility
34635;3551;133.0;other_unknown
34636;3551;290.0;insurance_payment
34637;3552;6694.0;household_utility
34638;3552;352.0;other_unknown
34639;3552;602.0;insurance_payment
34640;3555;2054.8;leasing
34641;3555;12578.0;household_utility
34642;3556;2913.8;loan_payment
34643;3556;4240.0;household_utility
34644;3556;984.0;other_unknown
34645;3557;2262.0;household_utility
34646;3558;1580.0;household_utility
34647;3558;152.0;other_unknown
34648;3558;3231.0;insurance_payment
34649;3559;4418.0;household_utility
34650;3560;3350.0;household_utility
34651;3561;1789.0;household_utility
34652;3562;7290.5;loan_payment
34653;3565;492.0;household_utility
34654;3565;1494.0;other_unknown
34655;3565;410.0;insurance_payment
34656;3566;294.0;household_utility
34657;3566;3276.0;other_unknown
34658;3566;479.0;leasing
34659;3567;4374.3;leasing
34660;3567;1156.0;household_utility
34661;3567;6943.0;other_unknown
34662;3568;2626.0;household_utility
34663;3570;3836.0;household_utility
34664;3571;3224.0;household_utility
34665;3571;222.0;other_unknown
34666;3572;2964.0;household_utility
34667;3574;2328.0;household_utility
34668;3575;5070.0;household_utility
34669;3576;1213.0;household_utility
34670;3576;455.0;household_utility
34671;3577;7964.0;household_utility
34672;3578;4051.0;household_utility
34673;3579;3460.0;household_utility
34674;3580;3430.0;household_utility
34675;3580;335.0;other_unknown
34676;3581;3663.0;household_utility
34677;3581;2846.0;other_unknown
34678;3582;1961.0;household_utility
34679;3583;3084.0;household_utility
34680;3584;3382.7;leasing
34681;3584;12078.0;household_utility
34682;3584;98.0;other_unknown
34683;3585;2862.0;household_utility
34684;3587;1108.0;household_utility
34685;3587;1059.0;other_unknown
34686;3588;1563.0;household_utility
34687;3589;7843.0;household_utility
34688;3590;8939.0;household_utility
34689;3591;4261.0;household_utility
34690;3592;3360.0;household_utility
34691;3593;4524.0;household_utility
34692;3593;986.0;other_unknown
34693;3594;3483.0;household_utility
34694;3595;7868.0;household_utility
34695;3597;3382.7;leasing
34696;3597;3134.0;household_utility
34697;3598;6435.0;household_utility
34698;3599;3257.0;household_utility
34699;3600;1537.0;household_utility
34700;3601;1794.0;household_utility
34701;3603;7883.0;household_utility
34702;3604;3893.0;household_utility
34703;3605;4410.0;household_utility
34704;3605;269.0;other_unknown
34705;3605;803.0;insurance_payment
34710;3608;4486.0;loan_payment
34711;3608;3124.0;household_utility
34712;3609;2128.0;household_utility
34713;3609;4238.0;other_unknown
34714;3610;1502.0;household_utility
34715;3610;1133.0;household_utility
34721;3612;676.0;household_utility
34722;3612;2410.0;other_unknown
34723;3612;4262.0;insurance_payment
34724;3612;819.0;leasing
34725;3613;4030.0;household_utility
34726;3613;2144.0;other_unknown
34727;3614;3382.7;leasing
34728;3614;1214.0;household_utility
34729;3614;1081.0;other_unknown
34730;3614;2886.0;insurance_payment
34731;3615;3781.0;household_utility
34732;3617;57.0;household_utility
34733;3617;1797.0;other_unknown
34734;3617;1389.0;insurance_payment
34735;3618;8812.0;household_utility
34736;3618;826.0;other_unknown
34740;3621;5319.0;household_utility
34741;3622;9698.0;household_utility
34742;3622;2286.0;other_unknown
34743;3623;2490.0;household_utility
34744;3623;105.0;other_unknown
34745;3624;11953.0;household_utility
34746;3625;1544.0;household_utility
34747;3625;467.0;household_utility
34748;3626;3068.0;household_utility
34749;3626;5156.0;other_unknown
34751;3628;1791.0;household_utility
34752;3628;189.0;other_unknown
34753;3628;1343.0;insurance_payment
34754;3629;2645.5;loan_payment
34755;3629;1894.0;household_utility
34756;3629;368.0;other_unknown
34757;3629;8742.0;insurance_payment
34763;3631;3407.0;household_utility
34764;3632;2544.0;leasing
34765;3633;7037.0;household_utility
34766;3633;799.0;other_unknown
34767;3634;4851.1;leasing
34768;3635;2045.0;household_utility
34769;3635;493.0;other_unknown
34770;3636;40.0;household_utility
34771;3636;1731.0;other_unknown
34772;3636;4744.0;insurance_payment
34773;3637;4877.0;household_utility
34774;3637;219.0;other_unknown
34775;3637;1169.0;loan_payment
34776;3638;14417.0;household_utility
34777;3639;3358.0;household_utility
34778;3640;2040.0;household_utility
34779;3641;2163.0;household_utility
34783;3644;2304.0;household_utility
34784;3645;7021.0;household_utility
34785;3645;2651.0;other_unknown
34786;3646;2855.0;household_utility
34787;3646;3182.0;other_unknown
34788;3647;5842.0;household_utility
34789;3648;1812.0;household_utility
34790;3648;640.0;other_unknown
34791;3648;17.0;insurance_payment
34792;3649;6468.0;household_utility
34793;3649;4.0;other_unknown
34794;3650;7858.0;household_utility
34795;3651;2728.0;household_utility
34796;3652;3005.0;household_utility
34797;3653;4128.0;household_utility
34798;3653;1208.0;other_unknown
34799;3654;6946.0;household_utility
34800;3655;2945.0;household_utility
34801;3655;2927.0;other_unknown
34802;3655;1124.0;insurance_payment
34803;3657;1533.0;household_utility
34804;3659;1672.0;household_utility
34805;3659;2862.0;other_unknown
34806;3659;2205.0;insurance_payment
34807;3659;955.0;other_unknown
34808;3661;3310.0;household_utility
34809;3663;7862.0;household_utility
34810;3664;5658.0;loan_payment
34811;3665;3394.8;leasing
34812;3665;4351.0;household_utility
34813;3665;2465.0;other_unknown
34816;3667;2975.0;household_utility
34817;3669;2057.0;household_utility
34818;3669;1298.0;other_unknown
34819;3669;2087.0;insurance_payment
34820;3670;2961.0;household_utility
34821;3671;2777.0;household_utility
34822;3672;2388.0;household_utility
34823;3672;2957.0;other_unknown
34824;3673;1939.0;household_utility
34825;3674;1968.7;loan_payment
34826;3674;9503.0;household_utility
34827;3675;7824.0;household_utility
34828;3676;3319.0;household_utility
34829;3677;2283.0;household_utility
34831;3678;5269.0;loan_payment
34832;3679;3869.0;household_utility
34833;3679;5148.0;other_unknown
34834;3679;9268.0;loan_payment
34835;3680;1030.0;household_utility
34836;3680;2470.0;household_utility
34837;3681;7797.0;household_utility
34838;3682;2761.0;household_utility
34839;3683;3114.0;household_utility
34840;3684;3365.0;household_utility
34842;3686;2054.0;household_utility
34843;3687;5106.0;household_utility
34844;3689;4609.9;leasing
34845;3690;4514.0;household_utility
34846;3691;3267.0;household_utility
34847;3692;3263.0;household_utility
34848;3693;8992.0;household_utility
34849;3694;4492.0;household_utility
34850;3695;8101.0;household_utility
34851;3696;3581.0;household_utility
34852;3696;1133.0;leasing
34853;3697;300.0;household_utility
34854;3697;5632.0;other_unknown
34855;3699;7085.0;household_utility
34856;3700;5230.0;household_utility
34857;3701;2844.0;household_utility
34858;3702;9650.0;household_utility
34859;3702;418.0;leasing
34860;3703;1820.0;household_utility
34861;3703;192.0;other_unknown
34862;3704;3046.0;household_utility
34863;3706;4298.0;household_utility
34865;3709;5579.0;household_utility
34866;3709;1317.0;other_unknown
34867;3709;255.0;insurance_payment
34868;3709;474.0;other_unknown
34869;3710;4633.0;household_utility
34870;3711;7683.2;loan_payment
34872;3712;2499.0;household_utility
34873;3714;3217.0;household_utility
34874;3714;513.0;other_unknown
34875;3714;77.0;insurance_payment
34876;3714;426.0;other_unknown
34877;3717;1558.2;leasing
34878;3717;10727.0;household_utility
34879;3718;2107.0;household_utility
34880;3719;3197.0;household_utility
34881;3720;2957.0;household_utility
34882;3721;2128.0;household_utility
34883;3721;132.0;other_unknown
34884;3722;8123.0;household_utility
34885;3724;2597.0;loan_payment
34886;3725;7642.0;household_utility
34887;3726;6785.0;household_utility
34888;3726;2588.0;other_unknown
34889;3727;6598.0;household_utility
34890;3727;836.0;other_unknown
34891;3727;1030.0;insurance_payment
34892;3729;2941.0;household_utility
34893;3730;1944.0;household_utility
34894;3731;1974.0;household_utility
34895;3732;1668.0;household_utility
34896;3733;11123.0;household_utility
34897;3735;6302.0;household_utility
34898;3735;1173.0;other_unknown
34899;3736;3500.0;household_utility
34900;3737;3805.0;household_utility
34901;3737;29.0;household_utility
34902;3738;5750.0;household_utility
34906;3741;4228.0;household_utility
34907;3742;2969.0;household_utility
34908;3743;5478.0;household_utility
34909;3743;757.0;insurance_payment
34910;3743;390.0;other_unknown
34911;3743;885.0;leasing
34915;3745;11469.0;household_utility
34916;3745;841.0;other_unknown
34917;3746;4353.0;household_utility
34918;3746;556.0;other_unknown
34919;3746;1333.0;leasing
34920;3747;2389.0;household_utility
34921;3747;1827.0;other_unknown
34922;3747;1500.0;insurance_payment
34923;3747;6365.0;loan_payment
34924;3748;308.0;household_utility
34925;3748;1820.0;other_unknown
34926;3749;3904.0;household_utility
34927;3750;7774.0;household_utility
34928;3751;110.0;household_utility
34929;3751;3046.0;other_unknown
34930;3752;3218.0;household_utility
34931;3752;1547.0;loan_payment
34932;3753;1540.0;household_utility
34933;3754;2856.0;loan_payment
34934;3754;3976.0;household_utility
34935;3754;1184.0;other_unknown
34936;3754;913.0;insurance_payment
34937;3754;900.0;other_unknown
34938;3755;2956.1;leasing
34939;3755;13500.0;household_utility
34940;3756;9023.0;household_utility
34941;3757;987.0;household_utility
34942;3757;1229.0;other_unknown
34943;3757;803.0;insurance_payment
34944;3757;3933.0;other_unknown
34945;3758;4009.0;household_utility
34946;3759;1642.0;household_utility
34947;3760;2947.8;leasing
34951;3763;3232.0;household_utility
34952;3763;3623.0;other_unknown
34953;3764;2506.0;household_utility
34954;3765;617.0;household_utility
34955;3765;762.0;other_unknown
34956;3765;691.0;insurance_payment
34957;3766;9546.0;household_utility
34958;3767;881.0;household_utility
34959;3767;3655.0;other_unknown
34960;3769;2050.0;household_utility
34961;3770;9060.0;household_utility
34962;3771;1152.0;leasing
34963;3772;7775.0;household_utility
34964;3773;3146.0;household_utility
34965;3774;5745.0;household_utility
34966;3774;2881.0;other_unknown
34967;3775;2448.0;household_utility
34968;3776;4739.0;household_utility
34969;3776;2261.0;other_unknown
34970;3777;1039.0;household_utility
34971;3777;1007.0;other_unknown
34972;3777;102.0;insurance_payment
34973;3778;3035.0;household_utility
34974;3778;1515.0;leasing
34975;3779;159.0;household_utility
34976;3779;853.0;other_unknown
34977;3779;2969.0;insurance_payment
34978;3780;370.0;household_utility
34979;3780;1241.0;household_utility
34980;3781;7701.0;household_utility
34981;3782;553.0;household_utility
34982;3782;2790.0;other_unknown
34983;3782;10608.0;insurance_payment
34984;3783;3041.0;household_utility
34985;3784;1583.0;household_utility
34986;3784;3360.0;other_unknown
34987;3785;6502.0;household_utility
34988;3787;4407.0;household_utility
34989;3787;1953.0;leasing
34990;3789;11244.0;household_utility
34991;3791;3682.0;household_utility
34992;3791;3147.0;other_unknown
34993;3791;1033.0;insurance_payment
34994;3792;3518.0;household_utility
34995;3793;5706.0;household_utility
34996;3794;4536.0;household_utility
34997;3795;2419.0;household_utility
34998;3795;6679.0;other_unknown
34999;3796;8301.0;household_utility
35000;3798;1258.0;household_utility
35001;3798;8637.0;other_unknown
35002;3799;4673.0;household_utility
35003;3799;1290.0;other_unknown
35004;3799;136.0;insurance_payment
35005;3799;213.0;other_unknown
35006;3800;1294.0;household_utility
35007;3800;3634.0;other_unknown
35008;3802;3276.0;household_utility
35009;3803;5188.0;household_utility
35010;3804;5270.7;loan_payment
35011;3804;643.0;household_utility
35012;3804;4458.0;other_unknown
35013;3805;5908.0;household_utility
35014;3806;3216.0;household_utility
35015;3806;2478.0;other_unknown
35016;3806;18.0;insurance_payment
35017;3807;4828.0;household_utility
35018;3808;1966.0;household_utility
35019;3808;4767.0;other_unknown
35020;3809;1965.0;household_utility
35021;3809;1619.0;other_unknown
35022;3809;2.0;insurance_payment
35023;3810;2862.0;household_utility
35024;3811;2515.0;household_utility
35025;3812;2125.0;household_utility
35026;3813;5645.0;household_utility
35027;3813;895.0;other_unknown
35028;3813;333.0;insurance_payment
35029;3815;3162.4;leasing
35030;3817;6529.0;household_utility
35031;3818;3596.0;household_utility
35032;3818;1474.0;other_unknown
35033;3818;4065.0;insurance_payment
35034;3819;7102.0;household_utility
35035;3820;8054.0;household_utility
35036;3822;11657.0;household_utility
35037;3824;6198.0;household_utility
35038;3826;4518.0;household_utility
35039;3828;2010.0;household_utility
35044;3830;5498.0;household_utility
35046;3832;160.0;household_utility
35047;3832;4176.0;other_unknown
35048;3833;6760.0;household_utility
35049;3834;3114.0;household_utility
35050;3834;375.0;other_unknown
35051;3834;3189.0;insurance_payment
35052;3834;262.0;other_unknown
35053;3834;1921.0;loan_payment
35054;3835;6337.0;household_utility
35055;3835;1247.0;other_unknown
35056;3836;2676.0;household_utility
35057;3836;1011.0;other_unknown
35058;3836;5308.0;insurance_payment
35059;3837;1377.6;leasing
35060;3839;3072.1;leasing
35061;3840;2559.0;household_utility
35062;3841;440.0;household_utility
35063;3841;1223.0;household_utility
35064;3842;2776.0;household_utility
35065;3844;2260.0;household_utility
35066;3845;8866.0;household_utility
35067;3846;2016.0;household_utility
35068;3847;5500.0;household_utility
35069;3847;7.0;other_unknown
35070;3847;883.0;insurance_payment
35071;3848;7241.0;household_utility
35072;3849;4447.0;household_utility
35073;3850;2037.0;household_utility
35074;3850;5120.0;other_unknown
35075;3851;1294.0;household_utility
35076;3851;9505.0;other_unknown
35077;3852;220.0;household_utility
35078;3852;3144.0;household_utility
35080;3854;1290.0;household_utility
35081;3854;930.0;other_unknown
35082;3855;950.0;household_utility
35083;3855;5578.0;other_unknown
35084;3855;795.0;insurance_payment
35085;3856;2280.0;household_utility
35086;3857;2183.0;household_utility
35087;3859;5120.2;loan_payment
35088;3860;1248.5;leasing
35089;3860;8323.0;household_utility
35090;3861;4227.0;household_utility
35091;3862;2080.8;loan_payment
35092;3862;3508.0;household_utility
35093;3862;7824.0;other_unknown
35094;3863;8504.0;household_utility
35095;3864;347.0;household_utility
35096;3864;5960.0;other_unknown
35097;3864;511.0;insurance_payment
35098;3864;1419.0;other_unknown
35099;3865;5947.0;household_utility
35100;3867;5476.0;household_utility
35101;3868;3259.0;household_utility
35102;3869;1248.5;leasing
35103;3869;6360.0;household_utility
35104;3870;3673.0;household_utility
35105;3871;153.0;household_utility
35106;3871;1505.0;household_utility
35107;3872;2502.2;loan_payment
35108;3872;1691.0;household_utility
35109;3872;923.0;other_unknown
35110;3872;5301.0;insurance_payment
35111;3872;2908.0;other_unknown
35115;3874;5861.0;household_utility
35116;3875;6413.7;loan_payment
35117;3876;12056.0;household_utility
35118;3877;3711.0;household_utility
35119;3878;216.0;household_utility
35120;3878;1648.0;other_unknown
35121;3878;70.0;insurance_payment
35126;3880;1942.0;household_utility
35127;3881;1319.0;household_utility
35128;3881;3188.0;other_unknown
35129;3882;1608.0;household_utility
35130;3882;379.0;other_unknown
35131;3882;77.0;insurance_payment
35132;3882;100.0;other_unknown
35133;3884;5011.0;household_utility
35134;3885;1176.0;leasing
35135;3887;2013.0;household_utility
35136;3889;173.0;household_utility
35137;3889;1767.0;other_unknown
35138;3890;5467.0;household_utility
35139;3891;3172.0;household_utility
35140;3892;2238.0;household_utility
35141;3893;1501.0;household_utility
35142;3893;1534.0;other_unknown
35143;3894;2745.0;household_utility
35144;3894;621.0;household_utility
35145;3895;4414.0;household_utility
35146;3896;2602.0;household_utility
35147;3896;1642.0;other_unknown
35148;3897;5350.0;household_utility
35149;3898;2650.0;household_utility
35150;3899;3069.0;household_utility
35153;3901;932.0;leasing
35154;3902;1016.0;household_utility
35155;3902;5419.0;other_unknown
35156;3903;6583.0;household_utility
35157;3904;2075.0;household_utility
35158;3905;7689.0;household_utility
35159;3906;5577.3;loan_payment
35160;3907;5577.3;loan_payment
35161;3908;1630.0;household_utility
35162;3908;1008.0;household_utility
35163;3909;8279.0;household_utility
35164;3909;713.0;other_unknown
35165;3909;617.0;insurance_payment
35166;3910;2673.0;household_utility
35167;3911;1946.0;household_utility
35168;3912;1177.0;household_utility
35169;3912;1551.0;household_utility
35170;3913;7333.0;household_utility
35171;3914;6118.0;household_utility
35172;3915;9510.0;household_utility
35173;3916;2693.7;loan_payment
35174;3916;10900.0;household_utility
35175;3916;1078.0;other_unknown
35176;3916;2570.0;insurance_payment
35177;3917;2362.0;household_utility
35178;3917;2833.0;other_unknown
35179;3917;789.0;insurance_payment
35180;3917;272.0;other_unknown
35181;3918;4865.0;household_utility
35182;3919;3521.0;household_utility
35183;3922;2953.0;household_utility
35184;3923;5037.0;household_utility
35185;3924;3093.0;household_utility
35186;3925;4256.0;household_utility
35187;3925;2247.0;other_unknown
35188;3926;2232.0;household_utility
35189;3927;1926.0;household_utility
35190;3927;1400.0;other_unknown
35196;3930;9101.0;household_utility
35197;3932;1593.0;household_utility
35198;3933;1616.2;leasing
35199;3934;2396.0;household_utility
35200;3935;1184.0;leasing
35201;3935;2648.0;household_utility
35202;3935;5908.0;other_unknown
35203;3935;652.0;insurance_payment
35204;3935;1070.0;other_unknown
35205;3936;1859.0;household_utility
35206;3936;127.0;other_unknown
35207;3936;432.0;insurance_payment
35208;3937;3385.0;household_utility
35209;3938;3869.0;household_utility
35210;3939;5177.0;household_utility
35211;3941;1510.0;household_utility
35212;3941;599.0;other_unknown
35213;3942;2982.5;loan_payment
35214;3942;13428.0;household_utility
35215;3943;1942.0;household_utility
35216;3944;1165.0;household_utility
35217;3944;3338.0;other_unknown
35218;3946;4832.0;household_utility
35219;3946;4607.0;other_unknown
35220;3947;2469.0;household_utility
35221;3947;619.0;other_unknown
35222;3948;314.0;household_utility
35223;3948;2780.0;other_unknown
35224;3948;1969.0;insurance_payment
35225;3948;210.0;other_unknown
35226;3950;6955.0;household_utility
35227;3950;1185.0;leasing
35228;3951;7284.0;loan_payment
35229;3952;367.0;household_utility
35230;3952;1138.0;household_utility
35231;3953;5297.7;loan_payment
35232;3954;2014.0;household_utility
35233;3955;4129.0;household_utility
35234;3955;997.0;other_unknown
35235;3956;6035.0;household_utility
35236;3956;892.0;other_unknown
35237;3959;1680.6;leasing
35238;3960;3204.0;household_utility
35239;3961;2309.0;household_utility
35240;3963;3477.0;household_utility
35241;3963;95.0;other_unknown
35242;3963;70.0;insurance_payment
35243;3964;2146.0;household_utility
35244;3966;1754.0;household_utility
35245;3967;2349.5;loan_payment
35246;3969;4299.0;household_utility
35247;3970;8957.0;household_utility
35248;3971;9510.0;household_utility
35249;3971;1026.0;other_unknown
35250;3971;857.0;insurance_payment
35251;3971;402.0;other_unknown
35252;3972;7012.0;household_utility
35253;3972;2012.0;other_unknown
35254;3973;6941.0;household_utility
35255;3974;4670.0;household_utility
35256;3975;2269.0;household_utility
35257;3976;967.0;household_utility
35258;3976;1447.0;household_utility
35259;3977;2974.0;household_utility
35260;3978;3616.0;household_utility
35261;3978;692.0;other_unknown
35262;3978;1997.0;insurance_payment
35263;3979;6256.0;household_utility
35264;3980;1367.0;household_utility
35265;3980;2264.0;other_unknown
35266;3981;1383.0;household_utility
35267;3981;336.0;other_unknown
35268;3981;545.0;insurance_payment
35269;3982;2153.0;household_utility
35270;3984;1803.0;household_utility
35271;3985;2007.0;household_utility
35272;3986;3960.0;household_utility
35273;3986;2649.0;other_unknown
35274;3987;4992.0;household_utility
35275;3987;1526.0;leasing
35276;3989;2097.0;household_utility
35277;3990;10312.0;household_utility
35278;3991;1937.0;household_utility
35279;3992;6738.0;household_utility
35280;3993;7616.0;household_utility
35281;3995;3601.0;household_utility
35282;3995;415.0;other_unknown
35283;3995;983.0;insurance_payment
35284;3996;1511.0;household_utility
35285;3998;2364.0;household_utility
35286;3998;1519.0;other_unknown
35287;3999;4806.0;household_utility
35288;3999;2332.0;other_unknown
35289;3999;563.0;insurance_payment
35291;4003;3815.5;leasing
35292;4003;3786.0;household_utility
35297;4010;5948.0;household_utility
35298;4010;1824.0;leasing
35303;4013;1003.0;leasing
35304;4013;6686.0;household_utility
35317;4026;2620.4;leasing
35318;4026;2618.0;household_utility
35319;4026;9711.0;other_unknown
35334;4033;1494.0;household_utility
35335;4033;2808.0;other_unknown
35336;4033;1756.0;loan_payment
35352;4047;2988.0;leasing
35364;4052;2948.0;loan_payment
35372;4059;5652.0;loan_payment
35381;4066;3224.5;leasing
35382;4066;6893.0;household_utility
35383;4066;7246.0;other_unknown
35391;4071;1078.0;leasing
35392;4071;10272.0;household_utility
35402;4079;3312.0;loan_payment
35403;4079;5009.0;household_utility
35404;4079;218.0;other_unknown
35405;4079;321.0;insurance_payment
35409;4081;5746.0;loan_payment
35417;4088;4235.7;leasing
35418;4088;3315.0;household_utility
35419;4088;337.0;other_unknown
35420;4088;3.0;insurance_payment
35422;4091;4247.0;household_utility
35423;4091;185.0;other_unknown
35424;4091;907.0;leasing
35433;4099;1926.0;household_utility
35434;4099;403.0;other_unknown
35435;4099;1298.0;insurance_payment
35436;4099;872.0;loan_payment
35462;4116;4200.2;loan_payment
35463;4116;14448.0;household_utility
35472;4127;4200.2;loan_payment
35473;4127;11105.0;household_utility
35474;4127;221.0;other_unknown
35475;4127;69.0;insurance_payment
35478;4131;2520.1;leasing
35479;4131;974.0;household_utility
35480;4131;4696.0;other_unknown
35482;4134;1171.0;leasing
35483;4134;5932.0;household_utility
35493;4143;1896.0;leasing
35494;4144;5915.7;loan_payment
35495;4144;8753.0;household_utility
35503;4150;3006.0;household_utility
35504;4150;1669.0;other_unknown
35505;4150;75.0;insurance_payment
35506;4150;1273.0;leasing
35532;4171;2611.8;leasing
35533;4171;14336.0;household_utility
35557;4186;7028.0;household_utility
35558;4186;894.0;leasing
35565;4190;2901.0;household_utility
35566;4190;1100.0;other_unknown
35567;4190;1242.0;insurance_payment
35568;4190;6763.0;loan_payment
35639;4237;1960.5;leasing
35649;4245;4534.0;household_utility
35650;4245;1663.0;leasing
35663;4253;4125.2;leasing
35664;4253;7344.0;household_utility
35668;4259;3318.0;loan_payment
35669;4259;9516.0;household_utility
35670;4259;2255.0;other_unknown
35671;4260;4075.5;loan_payment
35672;4260;12006.0;household_utility
35680;4266;9098.0;household_utility
35681;4266;507.0;leasing
35683;4268;6646.0;household_utility
35684;4268;3499.0;loan_payment
35690;4273;2895.2;leasing
35691;4273;9909.0;household_utility
35695;4276;2895.2;leasing
35718;4293;4561.0;loan_payment
35719;4293;4797.0;household_utility
35737;4309;4825.3;loan_payment
35748;4318;4609.6;leasing
35749;4318;13396.0;household_utility
35752;4320;4280.0;loan_payment
35763;4330;4609.6;leasing
35764;4330;4140.0;household_utility
35765;4330;1786.0;other_unknown
35767;4332;4609.6;leasing
35768;4332;7885.0;household_utility
35772;4336;4556.0;leasing
35773;4336;8316.0;household_utility
35774;4337;2142.0;loan_payment
35781;4342;4172.0;loan_payment
35782;4342;6135.0;household_utility
35785;4346;2329.0;leasing
35786;4346;5389.0;household_utility
35787;4346;3067.0;other_unknown
35791;4352;3710.0;household_utility
35792;4352;506.0;leasing
35794;4354;5461.3;loan_payment
35795;4354;12756.0;household_utility
35796;4356;1003.0;leasing
35798;4358;2542.0;leasing
35802;4361;7512.7;loan_payment
35820;4377;4788.3;leasing
35825;4383;1540.0;leasing
35826;4383;8352.0;household_utility
35827;4383;4265.0;other_unknown
35829;4386;1590.0;leasing
35830;4386;11954.0;household_utility
35865;4408;3779.9;leasing
35866;4408;5156.0;household_utility
35874;4413;4610.0;loan_payment
35875;4413;7802.0;household_utility
35876;4414;3716.0;household_utility
35877;4414;3509.0;other_unknown
35878;4414;4051.0;loan_payment
35879;4415;4601.0;household_utility
35880;4415;3408.0;other_unknown
35881;4415;77.0;insurance_payment
35882;4415;397.0;other_unknown
35883;4415;6170.0;loan_payment
35887;4418;5951.0;household_utility
35888;4418;186.0;other_unknown
35889;4418;906.0;insurance_payment
35890;4418;1435.0;other_unknown
35891;4418;881.0;leasing
35899;4423;2051.0;loan_payment
35900;4423;1277.0;household_utility
35901;4423;4015.0;other_unknown
35902;4424;720.0;leasing
35905;4427;5005.0;household_utility
35906;4427;7318.0;loan_payment
35917;4434;2314.0;leasing
35918;4434;4495.0;household_utility
35922;4438;658.0;leasing
35925;4442;8590.0;household_utility
35926;4442;1502.0;leasing
35931;4447;5353.5;loan_payment
35932;4448;5353.5;loan_payment
35941;4456;5353.5;loan_payment
35951;4462;2770.3;loan_payment
35956;4467;2394.5;loan_payment
35957;4467;4556.0;household_utility
35964;4471;3029.2;leasing
35965;4471;11318.0;household_utility
35967;4473;5528.0;household_utility
35968;4473;3525.0;other_unknown
35969;4473;1566.0;loan_payment
35971;4475;1691.9;leasing
35972;4476;3195.0;household_utility
35973;4476;912.0;other_unknown
35974;4476;3103.0;insurance_payment
35975;4476;633.0;loan_payment
35978;4478;707.0;leasing
36008;4503;2819.8;loan_payment
36020;4511;3948.0;household_utility
36021;4511;798.0;leasing
36042;4527;2156.0;loan_payment
36048;4533;2253.5;loan_payment
36049;4533;10479.0;household_utility
36053;4537;1352.1;leasing
36066;4550;1113.0;household_utility
36067;4550;1607.0;other_unknown
36068;4550;424.0;insurance_payment
36069;4550;1022.0;loan_payment
36110;4576;8339.0;loan_payment
36115;4580;1684.8;loan_payment
36116;4580;8723.0;household_utility
36124;4585;4065.0;household_utility
36125;4585;1347.0;loan_payment
36166;4616;2778.7;loan_payment
36167;4616;12260.0;household_utility
36170;4618;2778.7;loan_payment
36181;4626;2778.7;loan_payment
36189;4631;3647.0;loan_payment
36217;4650;554.0;household_utility
36218;4650;2828.0;other_unknown
36219;4650;6700.0;loan_payment
36230;4660;4456.0;loan_payment
36231;4660;2121.0;household_utility
36232;4660;475.0;other_unknown
36233;4660;437.0;insurance_payment
36263;4681;3388.0;loan_payment
36264;4681;5016.0;household_utility
36265;4681;4515.0;other_unknown
36325;4715;4049.0;loan_payment
36341;4725;4674.2;loan_payment
36342;4725;13462.0;household_utility
36345;4727;4485.0;loan_payment
36346;4727;3580.0;household_utility
36347;4727;1861.0;other_unknown
36371;4746;3413.0;loan_payment
36378;4753;1271.0;leasing
36413;4774;9689.0;loan_payment
36424;4784;4572.0;loan_payment
36443;4794;1922.0;household_utility
36444;4794;603.0;other_unknown
36445;4794;3142.0;insurance_payment
36446;4794;1660.0;other_unknown
36447;4794;9698.0;loan_payment
36454;4803;1232.0;loan_payment
36489;4825;1783.2;loan_payment
36529;4851;5902.2;loan_payment
36530;4851;4285.0;household_utility
36531;4852;4794.0;household_utility
36532;4852;5925.0;loan_payment
36539;4858;6983.3;loan_payment
36547;4863;6340.3;loan_payment
36548;4863;3300.0;household_utility
36549;4863;6036.0;other_unknown
36599;4894;4875.8;loan_payment
36618;4907;3938.0;household_utility
36619;4907;1253.0;other_unknown
36620;4907;325.0;insurance_payment
36621;4907;2059.0;loan_payment
36665;4937;5996.2;loan_payment
36666;4937;2687.0;household_utility
36667;4937;800.0;other_unknown
36679;4948;5996.2;loan_payment
36680;4948;4710.0;household_utility
36681;4949;6039.8;loan_payment
36709;4969;2502.8;loan_payment
36710;4969;8309.0;household_utility
36711;4969;610.0;other_unknown
36729;4981;4930.0;household_utility
36730;4981;3736.0;loan_payment
36748;4994;7178.8;loan_payment
36749;4995;3583.0;loan_payment
36754;4999;4588.5;loan_payment
36755;4999;7028.0;household_utility
36756;4999;6327.0;other_unknown
36758;5001;4588.5;loan_payment
36759;5001;9292.0;household_utility
36799;5033;1820.0;household_utility
36800;5033;754.0;other_unknown
36801;5033;2196.0;insurance_payment
36802;5033;950.0;loan_payment
36851;5065;1541.3;leasing
36852;5066;2568.8;loan_payment
36853;5066;4206.0;household_utility
36854;5066;1018.0;other_unknown
36855;5066;132.0;insurance_payment
36856;5066;1283.0;other_unknown
36866;5072;1863.0;household_utility
36867;5072;5869.0;other_unknown
36868;5072;1065.0;insurance_payment
36869;5072;805.0;other_unknown
36870;5072;5292.0;loan_payment
36928;5118;3095.0;household_utility
36929;5118;446.0;other_unknown
36930;5118;1109.0;loan_payment
36934;5120;6738.7;loan_payment
36935;5120;3008.0;household_utility
36946;5126;4208.0;household_utility
36947;5126;424.0;loan_payment
36956;5133;4755.0;loan_payment
36957;5133;286.0;household_utility
36958;5133;412.0;other_unknown
36959;5133;3913.0;insurance_payment
37012;5164;4261.0;household_utility
37013;5164;621.0;loan_payment
37032;5180;4897.0;loan_payment
37033;5181;6652.5;loan_payment
37059;5196;6652.5;loan_payment
37060;5196;7905.0;household_utility
37085;5213;6687.0;loan_payment
37087;5215;2.0;household_utility
37088;5215;5315.0;other_unknown
37089;5215;372.0;insurance_payment
37090;5215;870.0;other_unknown
37091;5215;1219.0;loan_payment
37108;5228;7242.0;loan_payment
37154;5256;5388.5;loan_payment
37167;5263;3950.0;household_utility
37168;5263;4605.0;loan_payment
37173;5267;5388.5;loan_payment
37177;5269;793.0;household_utility
37178;5269;7260.0;other_unknown
37179;5269;1957.0;loan_payment
37180;5270;3317.0;loan_payment
37196;5283;3559.0;loan_payment
37197;5283;9649.0;household_utility
37213;5290;7537.0;loan_payment
37214;5290;6293.0;household_utility
37215;5290;2245.0;other_unknown
37216;5290;1336.0;insurance_payment
37238;5305;5011.2;loan_payment
37251;5313;5011.2;loan_payment
37252;5313;5791.0;household_utility
37253;5313;1167.0;other_unknown
37254;5313;958.0;insurance_payment
37257;5317;2504.8;loan_payment
37258;5317;4331.0;household_utility
37317;5358;9191.0;household_utility
37318;5358;1139.0;loan_payment
37323;5362;4226.3;loan_payment
37324;5362;6413.0;household_utility
37325;5362;7962.0;other_unknown
37339;5372;2612.0;leasing
37361;5385;2489.3;loan_payment
37362;5385;8754.0;household_utility
37378;5395;4393.8;loan_payment
37421;5422;6148.0;loan_payment
37422;5422;832.0;household_utility
37423;5422;2320.0;other_unknown
37424;5422;1435.0;insurance_payment
37425;5423;1394.0;leasing
37426;5423;446.0;household_utility
37427;5423;8618.0;other_unknown
37428;5423;4068.0;insurance_payment
37435;5428;7281.3;loan_payment
37456;5442;7281.3;loan_payment
37457;5442;8110.0;household_utility
37458;5442;2070.0;other_unknown
37459;5442;1017.0;insurance_payment
37462;5445;2186.0;loan_payment
37463;5445;685.0;household_utility
37464;5445;1439.0;other_unknown
37465;5445;624.0;insurance_payment
37466;5445;859.0;other_unknown
37516;5477;7279.3;loan_payment
37517;5477;6342.0;household_utility
37520;5481;4358.0;loan_payment
37522;5483;1307.0;leasing
37560;5505;2908.2;leasing
37616;5541;3114.0;household_utility
37617;5541;648.0;other_unknown
37618;5541;680.0;loan_payment
37625;5546;2536.9;leasing
37665;5572;2348.0;loan_payment
37666;5572;11314.0;household_utility
37668;5574;3719.0;loan_payment
37669;5574;11878.0;household_utility
37699;5591;3697.8;loan_payment
37700;5591;323.0;household_utility
37701;5591;2872.0;other_unknown
37702;5591;345.0;insurance_payment
37703;5591;2.0;other_unknown
37706;5593;3697.8;loan_payment
37707;5593;6049.0;household_utility
37716;5602;3697.8;loan_payment
37740;5622;6918.3;loan_payment
37741;5622;6327.0;household_utility
37742;5622;573.0;other_unknown
37748;5628;3757.0;loan_payment
37755;5632;4760.0;loan_payment
37782;5650;4108.3;loan_payment
37783;5650;10530.0;household_utility
37795;5661;1653.6;leasing
37838;5692;1653.6;leasing
37847;5698;2756.0;loan_payment
37848;5698;10120.0;household_utility
37850;5700;1728.0;loan_payment
37888;5724;4845.0;loan_payment
37889;5724;2692.0;household_utility
37890;5724;561.0;other_unknown
37891;5724;281.0;insurance_payment
37892;5724;1220.0;other_unknown
37906;5735;4845.0;loan_payment
37912;5740;2907.0;leasing
37915;5742;4845.0;loan_payment
37937;5758;5700.7;loan_payment
37938;5758;3063.0;household_utility
37939;5758;3203.0;other_unknown
37940;5758;7996.0;insurance_payment
37964;5774;1413.0;household_utility
37965;5774;7143.0;other_unknown
37966;5774;1299.0;loan_payment
37995;5794;2060.0;loan_payment
38026;5817;3849.0;leasing
38027;5817;3105.0;household_utility
38028;5817;9352.0;other_unknown
38053;5837;4939.0;loan_payment
38091;5868;1762.0;leasing
38118;5891;5432.3;loan_payment
38151;5912;3076.8;loan_payment
38152;5912;9846.0;household_utility
38166;5927;1817.3;loan_payment
38190;5944;4685.0;household_utility
38191;5944;1640.0;loan_payment
38198;5952;5885.3;loan_payment
38199;5952;3028.0;household_utility
38200;5952;1374.0;other_unknown
38201;5952;3684.0;insurance_payment
38202;5952;1594.0;other_unknown
38263;5991;1978.0;household_utility
38264;5991;4235.0;other_unknown
38265;5991;1272.0;loan_payment
38326;6030;1177.0;loan_payment
38328;6034;7741.8;loan_payment
38338;6040;2635.0;household_utility
38339;6040;1321.0;other_unknown
38340;6040;5015.0;insurance_payment
38341;6040;489.0;loan_payment
38359;6051;7685.0;loan_payment
38373;6061;8521.0;household_utility
38374;6061;429.0;loan_payment
38375;6062;5356.0;loan_payment
38376;6062;10608.0;household_utility
38395;6075;8499.0;loan_payment
38408;6083;7518.0;loan_payment
38431;6097;3155.0;household_utility
38432;6097;728.0;loan_payment
38462;6118;7518.0;loan_payment
38500;6138;2817.3;loan_payment
38501;6138;10869.0;household_utility
38519;6148;7847.0;household_utility
38520;6148;2490.0;loan_payment
38539;6157;5165.2;loan_payment
38540;6157;9523.0;household_utility
38541;6158;5165.2;loan_payment
38649;6226;6643.7;loan_payment
38694;6265;3639.5;loan_payment
38695;6265;7274.0;household_utility
38708;6273;3639.5;loan_payment
38729;6289;1784.5;loan_payment
38820;6353;586.0;household_utility
38821;6353;5984.0;other_unknown
38822;6353;1332.0;loan_payment
38829;6358;5632.8;loan_payment
38830;6358;13076.0;household_utility
38837;6363;1459.0;loan_payment
38885;6397;3016.7;loan_payment
38888;6400;3016.7;loan_payment
38889;6400;7320.0;household_utility
38890;6400;143.0;other_unknown
38891;6400;7396.0;insurance_payment
38921;6425;3057.0;loan_payment
38930;6434;4589.2;loan_payment
38931;6434;4891.0;household_utility
38936;6440;2881.0;loan_payment
38955;6453;1514.0;household_utility
38956;6453;695.0;other_unknown
38957;6453;541.0;insurance_payment
38958;6453;304.0;loan_payment
38965;6461;4192.5;loan_payment
38982;6472;3597.0;loan_payment
38983;6473;6408.8;loan_payment
39014;6495;8606.0;household_utility
39015;6495;8747.0;loan_payment
39027;6505;3207.8;loan_payment
39032;6510;3207.8;loan_payment
39033;6511;1924.7;leasing
39102;6555;5900.0;loan_payment
39151;6592;6510.7;loan_payment
39152;6592;10755.0;household_utility
39167;6602;8523.0;loan_payment
39177;6609;1671.0;loan_payment
39178;6609;3881.0;household_utility
39179;6609;1624.0;other_unknown
39241;6649;1671.0;loan_payment
39284;6678;6133.0;loan_payment
39303;6686;4853.8;loan_payment
39305;6688;1753.0;household_utility
39306;6688;1282.0;other_unknown
39307;6688;570.0;insurance_payment
39308;6688;638.0;loan_payment
39324;6699;2650.2;loan_payment
39325;6699;7303.0;household_utility
39326;6699;5504.0;other_unknown
39328;6701;2650.2;loan_payment
39337;6706;1982.0;household_utility
39338;6706;671.0;other_unknown
39339;6706;815.0;insurance_payment
39340;6706;1081.0;loan_payment
39352;6715;2298.2;loan_payment
39380;6738;3159.0;loan_payment
39463;6792;3520.0;household_utility
39464;6792;49.0;other_unknown
39465;6792;423.0;insurance_payment
39466;6792;1432.0;loan_payment
39483;6806;2428.9;leasing
39555;6856;3454.0;loan_payment
39556;6856;2557.0;household_utility
39557;6856;794.0;other_unknown
39558;6856;6965.0;insurance_payment
39617;6902;3738.0;household_utility
39618;6902;827.0;other_unknown
39619;6902;1370.0;loan_payment
39629;6910;2391.5;leasing
39646;6922;5811.7;loan_payment
39648;6924;4059.5;loan_payment
39649;6924;4585.0;household_utility
39661;6930;1081.0;loan_payment
39689;6950;8561.0;household_utility
39690;6950;9910.0;loan_payment
39741;6985;2687.5;loan_payment
39742;6985;13167.0;household_utility
39830;7045;6015.3;loan_payment
39835;7049;8253.2;loan_payment
39841;7052;1776.7;loan_payment
39890;7082;6359.0;household_utility
39891;7082;1204.0;other_unknown
39892;7082;15.0;insurance_payment
39893;7082;262.0;other_unknown
39894;7082;4045.0;loan_payment
39924;7099;4882.5;loan_payment
39925;7099;236.0;household_utility
39926;7099;11766.0;other_unknown
39927;7099;528.0;insurance_payment
39966;7123;3918.2;loan_payment
39967;7123;14581.0;household_utility
39986;7133;2683.0;household_utility
39987;7133;44.0;other_unknown
39988;7133;115.0;insurance_payment
39989;7133;56.0;other_unknown
39990;7133;1352.0;loan_payment
39994;7136;2059.0;loan_payment
39995;7136;1080.0;household_utility
39996;7136;2235.0;other_unknown
39997;7136;547.0;insurance_payment
40034;7156;2062.0;loan_payment
40065;7176;6110.0;household_utility
40066;7176;3399.0;loan_payment
40071;7180;4156.5;loan_payment
40072;7180;8089.0;household_utility
40073;7181;4156.5;loan_payment
40074;7181;5030.0;household_utility
40075;7181;421.0;other_unknown
40076;7181;16.0;insurance_payment
40077;7181;514.0;other_unknown
40084;7184;3434.0;household_utility
40085;7184;1879.0;other_unknown
40086;7184;691.0;insurance_payment
40087;7184;276.0;other_unknown
40088;7184;6485.0;loan_payment
40099;7190;5394.0;household_utility
40100;7190;1056.0;loan_payment
40158;7231;2283.2;leasing
40169;7240;2535.7;loan_payment
40170;7240;9136.0;household_utility
40207;7262;1900.0;household_utility
40208;7262;6875.0;other_unknown
40209;7262;1221.0;loan_payment
40226;7274;4086.8;loan_payment
40227;7274;4603.0;household_utility
40328;7401;3372.7;loan_payment
40329;7401;7266.0;household_utility
40349;7418;2523.2;loan_payment
40357;7424;2523.2;loan_payment
40358;7424;6817.0;household_utility
40359;7424;1110.0;other_unknown
40360;7424;164.0;insurance_payment
40381;7437;2306.8;loan_payment
40382;7437;6901.0;household_utility
40383;7437;231.0;other_unknown
40384;7437;228.0;insurance_payment
40395;7445;2306.8;loan_payment
40410;7454;2306.0;household_utility
40411;7454;471.0;other_unknown
40412;7454;1319.0;loan_payment
40429;7465;1060.6;leasing
40430;7465;1391.0;household_utility
40431;7465;2850.0;other_unknown
40432;7465;302.0;insurance_payment
40433;7465;2527.0;other_unknown
40462;7485;3799.8;loan_payment
40463;7485;10279.0;household_utility
40465;7487;2279.9;leasing
40466;7487;7329.0;household_utility
40467;7487;4792.0;other_unknown
40524;7523;8013.0;loan_payment
40559;7542;3683.0;household_utility
40560;7542;3389.0;other_unknown
40561;7542;9847.0;loan_payment
40565;7546;3495.8;loan_payment
40566;7546;3861.0;household_utility
40567;7546;198.0;other_unknown
40568;7546;49.0;insurance_payment
40588;7559;4112.0;household_utility
40589;7559;1066.0;loan_payment
40593;7562;6450.2;loan_payment
40597;7565;3197.8;loan_payment
40598;7565;6649.0;household_utility
40599;7565;228.0;other_unknown
40635;7594;2718.0;loan_payment
40636;7594;2302.0;household_utility
40637;7594;2165.0;other_unknown
40638;7594;1347.0;insurance_payment
40639;7594;210.0;other_unknown
40654;7606;3197.8;loan_payment
40655;7606;4268.0;household_utility
40656;7606;5856.0;other_unknown
40657;7607;6020.0;household_utility
40658;7607;1322.0;loan_payment
40671;7614;6678.7;loan_payment
40675;7618;2362.4;leasing
40694;7632;9629.0;household_utility
40695;7632;3551.0;loan_payment
40702;7636;3532.0;loan_payment
40703;7636;3077.0;household_utility
40704;7636;325.0;other_unknown
40705;7637;9397.0;household_utility
40706;7637;8127.0;loan_payment
40758;7674;3937.3;loan_payment
40759;7674;1477.0;household_utility
40760;7674;7383.0;other_unknown
40815;7713;3673.7;loan_payment
40816;7713;8418.0;household_utility
40827;7721;3788.3;loan_payment
40846;7733;5836.0;loan_payment
40865;7745;2153.8;loan_payment
40866;7745;10160.0;household_utility
40883;7753;2153.8;loan_payment
40897;7765;2332.0;loan_payment
40898;7765;8217.0;household_utility
40906;7769;4085.0;loan_payment
40910;7774;1002.4;leasing
40947;7795;6202.0;loan_payment
40975;7815;7903.8;loan_payment
40976;7815;1475.0;household_utility
40977;7815;268.0;other_unknown
40978;7815;2197.0;insurance_payment
40987;7819;1953.0;household_utility
40988;7819;733.0;other_unknown
40989;7819;1296.0;insurance_payment
40990;7819;1721.0;other_unknown
40991;7819;434.0;loan_payment
40999;7824;7903.8;loan_payment
41000;7824;2156.0;household_utility
41001;7824;1525.0;other_unknown
41042;7844;3816.0;loan_payment
41059;7857;5676.0;loan_payment
41060;7857;8157.0;household_utility
41061;7857;1042.0;other_unknown
41062;7857;137.0;insurance_payment
41064;7859;6010.2;loan_payment
41066;7861;8400.0;household_utility
41067;7861;400.0;other_unknown
41068;7861;26.0;insurance_payment
41069;7861;131.0;other_unknown
41070;7861;607.0;loan_payment
41106;7890;4304.0;household_utility
41107;7890;1653.0;loan_payment
41111;7894;4253.7;loan_payment
41112;7894;4780.0;household_utility
41113;7894;2705.0;other_unknown
41131;7907;8116.2;loan_payment
41132;7907;6327.0;household_utility
41168;7926;3505.0;loan_payment
41214;7957;3575.0;loan_payment
41215;7957;6164.0;household_utility
41216;7957;6055.0;other_unknown
41230;7965;5955.0;loan_payment
41231;7965;7268.0;household_utility
41232;7966;7887.7;loan_payment
41266;7990;3020.0;loan_payment
41267;7990;7158.0;household_utility
41276;7997;6694.2;loan_payment
41316;8026;3563.0;loan_payment
41317;8027;6469.7;loan_payment
41332;8038;5215.0;household_utility
41333;8038;1494.0;loan_payment
41334;8039;3900.5;loan_payment
41335;8039;1074.0;household_utility
41336;8039;610.0;other_unknown
41337;8039;3231.0;insurance_payment
41339;8041;3900.5;loan_payment
41351;8051;4340.0;loan_payment
41380;8073;4110.0;loan_payment
41381;8073;695.0;household_utility
41382;8073;11567.0;other_unknown
41406;8085;4340.0;loan_payment
41407;8085;916.0;household_utility
41408;8085;10965.0;other_unknown
41415;8092;6216.0;household_utility
41416;8092;935.0;loan_payment
41418;8094;6123.0;loan_payment
41419;8094;5665.0;household_utility
41452;8114;5958.0;household_utility
41453;8114;494.0;other_unknown
41454;8114;1655.0;loan_payment
41468;8127;6494.8;loan_payment
41469;8127;8305.0;household_utility
41471;8129;6184.0;household_utility
41472;8129;2076.0;loan_payment
41501;8149;4190.3;loan_payment
41507;8153;1993.6;leasing
41512;8158;6630.7;loan_payment
41513;8158;9538.0;household_utility
41514;8158;2148.0;other_unknown
41515;8159;3034.0;household_utility
41516;8159;1552.0;other_unknown
41517;8159;1241.0;loan_payment
41532;8169;2148.0;household_utility
41533;8169;3575.0;other_unknown
41534;8169;1633.0;loan_payment
41538;8173;6695.0;loan_payment
41592;8212;1280.0;leasing
41606;8225;3017.2;loan_payment
41652;8260;6239.2;loan_payment
41653;8261;3659.8;loan_payment
41654;8261;1915.0;household_utility
41655;8261;413.0;other_unknown
41656;8261;646.0;insurance_payment
41657;8261;2163.0;other_unknown
41666;8268;1999.0;household_utility
41667;8268;5870.0;other_unknown
41668;8268;359.0;loan_payment
41742;8316;5616.2;loan_payment
41746;8320;5161.2;loan_payment
41747;8320;9105.0;household_utility
41748;8321;7041.0;household_utility
41749;8321;1484.0;loan_payment
41754;8327;5161.2;loan_payment
41755;8327;4104.0;household_utility
41756;8327;2539.0;other_unknown
41760;8330;3708.0;household_utility
41761;8330;319.0;loan_payment
41778;8341;1303.2;leasing
41827;8377;6950.8;loan_payment
41828;8377;1172.0;household_utility
41829;8377;5018.0;other_unknown
41834;8381;6950.8;loan_payment
41835;8381;740.0;household_utility
41836;8381;8039.0;other_unknown
41881;8405;410.0;household_utility
41882;8405;4095.0;other_unknown
41883;8405;3344.0;insurance_payment
41884;8405;4437.0;loan_payment
41894;8411;3677.3;loan_payment
41895;8411;5812.0;household_utility
41896;8411;3507.0;other_unknown
41989;8475;495.0;household_utility
41990;8475;3833.0;other_unknown
41991;8475;878.0;loan_payment
42003;8489;3835.0;household_utility
42004;8489;7370.0;loan_payment
42008;8492;4403.0;household_utility
42009;8492;1431.0;loan_payment
42029;8505;3570.0;loan_payment
42047;8519;6224.3;loan_payment
42048;8519;13711.0;household_utility
42056;8523;7753.3;loan_payment
42068;8533;3626.0;loan_payment
42084;8547;4806.5;loan_payment
42104;8558;4806.5;loan_payment
42115;8564;3195.0;loan_payment
42116;8564;7170.0;household_utility
42117;8564;5483.0;other_unknown
42119;8566;6394.8;loan_payment
42120;8566;555.0;household_utility
42121;8566;8894.0;other_unknown
42200;8625;1970.8;loan_payment
42201;8625;8151.0;household_utility
42221;8639;3094.5;loan_payment
42234;8645;8919.0;household_utility
42235;8645;4015.0;loan_payment
42274;8680;2381.2;loan_payment
42275;8680;3598.0;household_utility
42276;8680;8566.0;other_unknown
42286;8688;5665.0;loan_payment
42322;8713;2845.0;loan_payment
42360;8742;68.0;household_utility
42361;8742;235.0;other_unknown
42362;8742;6089.0;insurance_payment
42363;8742;2762.0;loan_payment
42392;8759;1562.1;leasing
42414;8772;1839.3;loan_payment
42415;8772;7357.0;household_utility
42420;8776;708.0;loan_payment
42431;8784;3098.0;loan_payment
42432;8784;7097.0;household_utility
42581;8896;2474.6;leasing
42584;8899;2088.8;loan_payment
42585;8899;3713.0;household_utility
42612;8919;166.0;household_utility
42613;8919;2670.0;other_unknown
42614;8919;3171.0;loan_payment
42625;8926;3912.0;household_utility
42626;8926;2693.0;other_unknown
42627;8926;1142.0;insurance_payment
42628;8926;25.0;other_unknown
42629;8926;9444.0;loan_payment
42633;8931;3104.7;loan_payment
42634;8931;1749.0;household_utility
42635;8931;6294.0;other_unknown
42674;8957;1209.4;leasing
42697;8972;4719.0;household_utility
42698;8972;2056.0;other_unknown
42699;8972;938.0;loan_payment
42713;8982;6330.2;loan_payment
42734;8998;3798.1;leasing
42743;9006;3883.0;loan_payment
42744;9006;4541.0;household_utility
42763;9017;2088.0;loan_payment
42771;9024;6270.0;household_utility
42772;9024;1472.0;loan_payment
42779;9030;2587.0;household_utility
42780;9030;831.0;other_unknown
42781;9030;3242.0;loan_payment
42782;9031;2088.0;loan_payment
42783;9031;4228.0;household_utility
42784;9031;145.0;other_unknown
42785;9031;645.0;insurance_payment
42787;9034;3179.0;loan_payment
42788;9034;4697.0;household_utility
42789;9034;621.0;other_unknown
42790;9034;9115.0;insurance_payment
42796;9037;3416.0;household_utility
42797;9037;4033.0;other_unknown
42798;9037;6707.0;loan_payment
42813;9052;2999.3;loan_payment
42874;9093;1311.0;household_utility
42875;9093;2617.0;other_unknown
42876;9093;3155.0;loan_payment
42889;9104;3585.2;loan_payment
42942;9138;4537.3;loan_payment
42943;9138;9519.0;household_utility
42944;9138;2666.0;other_unknown
42946;9140;9264.0;household_utility
42947;9140;19.0;other_unknown
42948;9140;56.0;insurance_payment
42949;9140;334.0;loan_payment
42965;9153;5042.0;household_utility
42966;9153;1451.0;loan_payment
42971;9156;4537.3;loan_payment
42976;9159;6869.0;household_utility
42977;9159;1847.0;other_unknown
42978;9159;253.0;insurance_payment
42979;9159;316.0;other_unknown
42980;9159;1450.0;loan_payment
42990;9167;4537.3;loan_payment
42991;9167;4950.0;household_utility
42992;9167;887.0;other_unknown
42993;9167;545.0;insurance_payment
43002;9179;3583.7;loan_payment
43009;9188;2118.3;loan_payment
43010;9188;7936.0;household_utility
43011;9188;471.0;other_unknown
43012;9188;66.0;insurance_payment
43023;9199;2454.5;loan_payment
43025;9201;5103.0;loan_payment
43026;9201;13461.0;household_utility
43034;9208;3421.5;loan_payment
43055;9225;3421.5;loan_payment
43056;9227;1784.0;household_utility
43057;9227;1164.0;other_unknown
43058;9227;3193.0;loan_payment
43068;9235;1735.0;loan_payment
43069;9236;2239.0;household_utility
43070;9236;2276.0;other_unknown
43071;9236;7218.0;loan_payment
43081;9241;4753.7;loan_payment
43082;9241;3595.0;household_utility
43083;9242;1932.0;loan_payment
43117;9263;3298.3;loan_payment
43118;9263;9874.0;household_utility
43119;9263;62.0;other_unknown
43122;9265;3298.3;loan_payment
43123;9265;9493.0;household_utility
43124;9265;4017.0;other_unknown
43182;9307;3491.5;loan_payment
43183;9307;4654.0;household_utility
43184;9307;2735.0;other_unknown
43228;9337;2172.0;loan_payment
43248;9353;7859.0;loan_payment
43249;9353;10240.0;household_utility
43294;9377;4164.0;loan_payment
43295;9377;2758.0;household_utility
43296;9377;3983.0;other_unknown
43327;9403;3358.0;loan_payment
43328;9403;3225.0;household_utility
43357;9422;7182.5;loan_payment
43358;9422;107.0;household_utility
43359;9422;3136.0;other_unknown
43361;9424;2322.7;loan_payment
43375;9433;1860.0;loan_payment
43405;9455;6245.8;loan_payment
43406;9455;2789.0;household_utility
43407;9455;618.0;other_unknown
43408;9455;7793.0;insurance_payment
43436;9472;3033.0;loan_payment
43437;9472;5119.0;household_utility
43465;9491;4698.0;loan_payment
43466;9491;4704.0;household_utility
43467;9491;2245.0;other_unknown
43468;9491;872.0;insurance_payment
43469;9493;3930.8;loan_payment
43470;9493;6803.0;household_utility
43471;9494;4746.0;household_utility
43472;9494;9736.0;loan_payment
43489;9504;5688.0;loan_payment
43501;9510;6341.0;loan_payment
43508;9513;8319.0;household_utility
43509;9513;1527.0;loan_payment
43561;9548;9613.0;household_utility
43562;9548;962.0;loan_payment
43573;9560;4362.7;loan_payment
43574;9560;7234.0;household_utility
43600;9583;4362.7;loan_payment
43601;9583;13386.0;household_utility
43610;9591;4362.7;loan_payment
43611;9591;4146.0;household_utility
43664;9627;5091.3;loan_payment
43669;9631;2476.8;loan_payment
43673;9633;2476.8;loan_payment
43683;9640;3184.3;loan_payment
43684;9640;10597.0;household_utility
43685;9640;4087.0;other_unknown
43692;9645;4893.0;loan_payment
43693;9645;5183.0;household_utility
43694;9646;5813.5;loan_payment
43708;9656;5813.5;loan_payment
43709;9656;10721.0;household_utility
43737;9673;2450.2;loan_payment
43738;9673;3684.0;household_utility
43746;9677;8944.0;household_utility
43747;9677;527.0;loan_payment
43789;9703;2467.0;leasing
43796;9707;3112.1;leasing
43821;9730;258.0;household_utility
43822;9730;4764.0;other_unknown
43823;9730;1934.0;loan_payment
43824;9731;3160.7;loan_payment
43825;9731;4967.0;household_utility
43826;9731;1320.0;other_unknown
43849;9750;3160.7;loan_payment
43912;9790;2791.0;loan_payment
43913;9790;9210.0;household_utility
43914;9790;993.0;other_unknown
43915;9790;2488.0;insurance_payment
43945;9814;8013.7;loan_payment
43962;9828;5274.7;loan_payment
43972;9833;8136.0;loan_payment
43973;9833;6531.0;household_utility
43974;9833;5915.0;other_unknown
44009;9859;5010.5;loan_payment
44010;9859;1008.0;household_utility
44011;9859;1476.0;other_unknown
44012;9859;765.0;insurance_payment
44027;9869;5887.0;household_utility
44028;9869;2498.0;other_unknown
44029;9869;5526.0;loan_payment
44048;9883;2768.9;leasing
44049;9883;713.0;household_utility
44050;9883;1780.0;other_unknown
44051;9883;12504.0;insurance_payment
44070;9897;3013.5;loan_payment
44071;9897;1507.0;household_utility
44072;9897;4339.0;other_unknown
44073;9897;6953.0;insurance_payment
44112;9928;5016.0;household_utility
44113;9928;1489.0;loan_payment
44226;10001;529.0;loan_payment
44232;10005;5854.2;loan_payment
44233;10005;9151.0;household_utility
44247;10019;5415.0;loan_payment
44249;10022;4542.7;loan_payment
44250;10022;7678.0;household_utility
44251;10022;4104.0;other_unknown
44272;10036;4729.9;leasing
44297;10049;1609.0;household_utility
44298;10049;1281.0;other_unknown
44299;10049;7636.0;loan_payment
44321;10063;6483.7;loan_payment
44322;10063;90.0;household_utility
44323;10063;7601.0;other_unknown
44324;10063;2746.0;insurance_payment
44325;10063;1326.0;other_unknown
44328;10065;6483.7;loan_payment
44330;10068;6483.7;loan_payment
44345;10079;2784.8;loan_payment
44355;10093;6436.0;loan_payment
44356;10093;2762.0;household_utility
44357;10093;331.0;other_unknown
44358;10093;7082.0;insurance_payment
44373;10105;5079.0;loan_payment
44408;10131;5983.0;loan_payment
44412;10134;5681.8;loan_payment
44413;10134;9535.0;household_utility
44435;10148;4205.0;household_utility
44436;10148;1866.0;other_unknown
44437;10148;1842.0;loan_payment
44523;10202;6363.3;loan_payment
44524;10202;1281.0;household_utility
44525;10202;4880.0;other_unknown
44536;10215;152.0;household_utility
44537;10215;4122.0;other_unknown
44538;10215;1846.0;loan_payment
44562;10233;3985.7;loan_payment
44563;10233;456.0;household_utility
44564;10233;53.0;other_unknown
44565;10233;986.0;insurance_payment
44566;10233;4260.0;other_unknown
44578;10243;3151.3;loan_payment
44598;10257;3151.3;loan_payment
44599;10257;14801.0;household_utility
44611;10266;3151.3;loan_payment
44634;10280;5802.3;loan_payment
44665;10297;9902.0;household_utility
44666;10297;8771.0;loan_payment
44698;10320;4328.8;loan_payment
44699;10320;12414.0;household_utility
44732;10345;6742.0;household_utility
44733;10345;2605.0;loan_payment
44743;10351;4410.0;household_utility
44744;10351;1848.0;loan_payment
44765;10361;7240.0;loan_payment
44769;10364;6262.0;household_utility
44770;10364;609.0;loan_payment
44771;10365;7240.0;loan_payment
44772;10365;4325.0;household_utility
44773;10365;6395.0;other_unknown
44774;10365;331.0;insurance_payment
44775;10365;1773.0;other_unknown
44836;10404;2171.0;household_utility
44837;10404;1203.0;other_unknown
44838;10404;100.0;insurance_payment
44839;10404;883.0;other_unknown
44840;10404;3238.0;loan_payment
44850;10411;5142.0;loan_payment
44851;10411;3020.0;household_utility
44852;10411;1807.0;other_unknown
44853;10411;2323.0;insurance_payment
44854;10411;7732.0;other_unknown
44894;10436;1511.0;loan_payment
44899;10439;6315.0;loan_payment
44900;10439;10134.0;household_utility
44901;10440;2960.0;household_utility
44902;10440;1950.0;other_unknown
44903;10440;1000.0;loan_payment
44909;10445;3234.0;household_utility
44910;10445;1951.0;loan_payment
44923;10451;2439.0;household_utility
44924;10451;4653.0;other_unknown
44925;10451;689.0;insurance_payment
44926;10451;8049.0;loan_payment
44966;10478;5575.3;loan_payment
44983;10493;5575.3;loan_payment
44984;10493;8594.0;household_utility
44985;10493;842.0;other_unknown
45022;10520;6959.8;loan_payment
45167;10613;5204.2;loan_payment
45189;10630;7303.0;household_utility
45190;10630;8260.0;loan_payment
45210;10644;7498.7;loan_payment
45211;10644;11053.0;household_utility
45212;10645;5787.0;loan_payment
45213;10645;3740.0;household_utility
45221;10650;4088.0;loan_payment
45222;10650;10356.0;household_utility
45224;10652;3810.0;loan_payment
45225;10652;1290.0;household_utility
45226;10652;2362.0;other_unknown
45244;10663;7223.2;loan_payment
45245;10663;4782.0;household_utility
45246;10663;9317.0;other_unknown
45271;10679;8241.8;loan_payment
45272;10679;6670.0;household_utility
45324;10711;2714.0;household_utility
45325;10711;413.0;other_unknown
45326;10711;85.0;insurance_payment
45327;10711;443.0;other_unknown
45328;10711;403.0;loan_payment
45347;10728;3221.5;loan_payment
45348;10728;3867.0;household_utility
45363;10738;3221.5;loan_payment
45364;10738;186.0;household_utility
45365;10738;8042.0;other_unknown
45401;10762;5435.0;household_utility
45402;10762;1912.0;loan_payment
45417;10774;3728.0;household_utility
45418;10774;7066.0;loan_payment
45433;10788;3813.7;loan_payment
45435;10789;3813.7;loan_payment
45436;10789;10340.0;household_utility
45437;10789;933.0;other_unknown
45438;10789;2670.0;insurance_payment
45448;10799;519.0;loan_payment
45455;10807;5622.5;loan_payment
45460;10812;2931.0;loan_payment
45536;10857;6426.3;loan_payment
45575;10884;3154.0;loan_payment
45576;10884;1326.0;household_utility
45577;10884;4408.0;other_unknown
45605;10904;538.0;leasing
45606;10905;2939.0;household_utility
45607;10905;1682.0;other_unknown
45608;10905;1190.0;loan_payment
45612;10911;3647.0;loan_payment
45613;10911;7312.0;household_utility
45618;10915;2540.8;loan_payment
45619;10915;2596.0;household_utility
45620;10915;390.0;other_unknown
45621;10915;3651.0;insurance_payment
45622;10915;4520.0;other_unknown
45666;10940;7517.0;household_utility
45667;10940;5493.0;loan_payment
45669;10942;5242.0;loan_payment
45670;10942;10472.0;household_utility
45688;10954;312.0;loan_payment
45704;10963;3216.7;loan_payment
45717;10973;3216.7;loan_payment
45776;11013;4579.0;loan_payment
45777;11013;756.0;household_utility
45778;11013;9499.0;other_unknown
45793;11021;7040.7;loan_payment
45800;11027;2004.2;loan_payment
45801;11027;3799.0;household_utility
45826;11042;6031.8;loan_payment
45827;11042;8436.0;household_utility
45845;11053;3619.1;leasing
45846;11054;2482.0;loan_payment
45847;11054;11506.0;household_utility
45868;11065;1445.0;loan_payment
45873;11069;2482.0;loan_payment
45885;11079;8191.5;loan_payment
45902;11096;6661.0;household_utility
45903;11096;3555.0;loan_payment
45922;11111;3004.5;loan_payment
45923;11111;4736.0;household_utility
45969;11135;3264.0;household_utility
45970;11135;5073.0;loan_payment
45974;11138;3744.7;loan_payment
45978;11141;3744.7;loan_payment
46055;11186;6541.2;loan_payment
46056;11186;9810.0;household_utility
46125;11231;7440.5;loan_payment
46126;11231;9783.0;household_utility
46127;11231;229.0;other_unknown
46149;11244;6490.5;loan_payment
46150;11244;12154.0;household_utility
46184;11265;506.0;household_utility
46185;11265;2607.0;other_unknown
46186;11265;4399.0;loan_payment
46193;11271;1870.3;loan_payment
46194;11271;5808.0;household_utility
46195;11271;2364.0;other_unknown
46196;11271;516.0;insurance_payment
46258;11317;5290.8;loan_payment
46259;11317;3849.0;household_utility
46260;11317;2784.0;other_unknown
46273;11327;3693.0;household_utility
46274;11327;1632.0;loan_payment
46275;11328;4674.0;loan_payment
46289;11333;3286.7;leasing
46311;11349;6998.0;loan_payment
46312;11349;10886.0;household_utility
46328;11359;4502.3;loan_payment
46329;11359;4518.0;household_utility
46330;11359;254.0;other_unknown
46334;11362;4780.0;household_utility
46335;11362;56.0;other_unknown
46336;11362;330.0;insurance_payment
46337;11362;129.0;other_unknown
46338;11362;5392.0;loan_payment
