client_id;district_id;birth_number;gender;age
1;18;13-12-1970;F;26
2;1;04-02-1945;M;51
3;1;09-10-1940;F;56
4;5;01-12-1956;M;40
5;5;03-07-1960;F;36
6;12;22-09-1919;M;77
7;15;25-01-1929;M;67
8;51;21-02-1938;F;58
9;60;16-10-1935;M;61
10;57;01-05-1943;M;53
11;57;22-08-1950;F;46
12;40;20-02-1981;M;15
13;54;29-05-1974;F;22
14;76;22-06-1942;F;54
15;21;28-08-1918;F;78
16;21;25-02-1919;M;77
17;76;13-10-1934;M;62
18;76;05-04-1931;F;65
19;47;28-12-1942;M;54
20;46;04-01-1979;M;17
21;12;29-10-1952;F;44
22;1;11-10-1969;F;27
23;1;29-05-1973;M;23
24;43;29-07-1939;F;57
25;21;23-04-1939;F;57
26;74;20-04-1969;F;27
27;54;26-03-1966;F;30
28;1;29-09-1945;M;51
29;30;11-09-1951;F;45
30;74;09-10-1957;F;39
31;68;09-02-1962;M;34
32;52;28-07-1980;M;16
33;73;04-12-1948;F;48
36;7;17-07-1978;F;18
37;7;10-08-1970;M;26
38;36;23-07-1973;F;23
39;68;25-01-1968;M;28
40;5;22-01-1957;F;39
41;22;27-08-1968;M;28
42;68;17-08-1935;M;61
43;75;28-10-1920;M;76
44;38;11-01-1977;F;19
45;20;26-08-1952;M;44
46;19;30-01-1940;F;56
47;76;14-07-1934;M;62
48;16;09-02-1940;M;56
49;72;11-05-1959;F;37
50;39;30-07-1978;F;18
51;36;02-12-1979;F;17
52;32;12-12-1924;M;72
53;64;05-05-1977;M;19
55;45;18-09-1948;F;48
56;21;31-03-1960;M;36
57;21;17-12-1961;F;35
58;1;29-04-1927;F;69
59;1;18-02-1957;M;39
60;67;19-02-1980;M;16
61;16;06-08-1948;F;48
62;77;08-12-1932;M;64
63;4;04-06-1959;M;37
64;20;22-04-1926;M;70
65;50;27-05-1943;F;53
66;1;10-11-1951;F;45
67;29;11-11-1932;F;64
68;43;14-12-1946;M;50
70;70;22-12-1925;M;71
71;70;06-02-1927;F;69
72;47;13-01-1923;M;73
73;22;20-02-1924;M;72
74;22;26-07-1925;F;71
75;64;19-09-1977;F;19
76;36;01-10-1967;F;29
77;1;18-02-1956;F;40
78;16;13-06-1944;F;52
79;37;10-03-1969;F;27
80;64;25-02-1979;F;17
81;8;29-04-1976;M;20
82;8;25-12-1979;F;17
83;1;25-12-1978;F;18
84;1;05-05-1979;M;17
85;1;27-08-1961;M;35
86;1;20-07-1969;F;27
87;72;17-11-1946;F;50
89;1;05-05-1951;F;45
90;52;17-08-1975;M;21
91;63;07-08-1940;M;56
92;74;12-06-1966;F;30
93;3;16-02-1925;M;71
94;43;09-09-1947;M;49
95;43;03-08-1952;F;44
96;74;29-02-1972;M;24
97;26;28-11-1965;M;31
98;33;04-05-1973;F;23
99;33;26-01-1973;M;23
100;44;11-08-1942;F;54
101;68;23-01-1943;M;53
102;74;10-09-1958;F;38
103;74;11-07-1955;M;41
105;31;26-05-1980;M;16
106;68;30-12-1968;F;28
107;1;23-06-1972;M;24
108;17;13-09-1963;M;33
110;2;13-04-1967;F;29
112;1;25-01-1935;M;61
113;1;15-08-1940;F;56
114;74;24-06-1969;F;27
115;74;24-12-1969;M;27
116;74;28-01-1942;M;54
117;74;20-09-1936;F;60
118;55;19-07-1922;M;74
119;55;28-02-1922;F;74
120;1;10-05-1976;M;20
121;41;29-10-1978;F;18
122;35;13-11-1963;F;33
123;11;12-02-1969;M;27
124;44;21-09-1967;M;29
125;37;31-10-1936;M;60
126;37;27-09-1929;F;67
127;21;27-12-1950;F;46
128;63;04-04-1973;F;23
129;64;31-05-1947;F;49
130;53;14-02-1942;M;54
131;53;31-01-1977;F;19
132;36;26-01-1953;M;43
134;6;18-01-1932;M;64
135;6;10-09-1938;F;58
136;55;26-01-1921;F;75
137;60;14-09-1923;M;73
138;54;21-10-1972;F;24
139;8;25-07-1959;F;37
140;8;06-06-1961;M;35
141;31;02-11-1925;M;71
142;68;21-06-1937;M;59
143;27;09-07-1978;M;18
144;65;06-12-1958;M;38
145;55;14-02-1978;M;18
146;31;19-12-1961;F;35
147;21;02-11-1933;F;63
148;21;25-12-1940;M;56
149;55;27-06-1948;M;48
150;2;27-09-1980;F;16
151;51;23-09-1971;F;25
152;29;02-12-1945;F;51
153;13;12-02-1981;F;15
154;74;27-08-1933;M;63
155;74;13-03-1939;F;57
156;54;22-07-1930;F;66
157;52;09-07-1943;F;53
158;40;03-07-1945;F;51
159;40;10-09-1938;M;58
160;64;26-04-1942;F;54
161;34;07-10-1943;F;53
162;65;17-10-1941;M;55
163;74;12-06-1933;M;63
164;70;04-04-1962;F;34
165;22;08-11-1968;M;28
166;22;22-10-1961;F;35
167;38;18-04-1978;F;18
168;24;05-11-1976;F;20
169;38;12-09-1953;M;43
170;38;16-06-1946;F;50
171;51;25-06-1929;M;67
172;51;05-10-1935;F;61
173;21;08-12-1918;F;78
174;10;10-11-1978;M;18
175;31;13-07-1960;M;36
176;4;11-03-1929;M;67
178;8;22-12-1960;M;36
179;43;29-12-1980;M;16
180;73;19-01-1982;M;14
181;76;06-07-1967;M;29
182;76;13-07-1959;F;37
183;1;19-03-1978;F;18
184;1;05-06-1972;M;24
185;77;30-05-1954;M;42
186;46;22-02-1961;F;35
187;58;23-08-1942;M;54
188;64;02-09-1960;M;36
189;11;10-08-1919;M;77
190;37;31-10-1947;F;49
191;37;03-09-1954;M;42
192;70;28-02-1971;M;25
193;1;01-05-1962;M;34
194;28;20-12-1924;F;72
195;74;18-11-1919;M;77
196;74;25-06-1927;F;69
197;30;25-04-1933;M;63
198;60;14-07-1976;M;20
199;29;21-06-1923;M;73
200;29;13-01-1928;F;68
201;17;19-08-1930;F;66
202;29;21-11-1976;F;20
203;31;10-06-1962;M;34
204;31;17-06-1967;F;29
205;4;15-06-1942;F;54
206;59;13-04-1963;F;33
207;46;20-05-1932;M;64
208;13;25-06-1940;F;56
209;13;20-08-1935;M;61
210;66;30-11-1939;M;57
211;66;28-06-1945;F;51
212;52;10-02-1975;M;21
215;71;24-09-1967;M;29
216;1;30-01-1960;M;36
217;59;22-12-1974;F;22
218;1;23-01-1980;F;16
219;60;02-04-1964;F;32
221;21;25-02-1977;F;19
222;47;29-06-1972;F;24
223;43;27-02-1952;F;44
224;77;11-05-1955;M;41
225;32;10-05-1936;M;60
226;1;16-06-1942;M;54
227;52;18-12-1926;F;70
228;48;16-03-1956;F;40
229;76;22-07-1969;M;27
230;74;10-03-1967;F;29
231;41;18-02-1941;M;55
232;55;17-06-1921;F;75
233;69;03-12-1958;F;38
234;69;21-06-1955;M;41
235;44;28-08-1943;F;53
236;70;01-09-1961;M;35
237;70;22-02-1969;F;27
238;6;28-11-1961;F;35
239;1;10-09-1974;F;22
240;34;17-06-1929;F;67
241;70;23-01-1959;M;37
242;17;01-08-1961;F;35
243;63;10-02-1954;M;42
246;67;28-12-1970;F;26
247;1;08-05-1957;M;39
248;61;12-12-1969;F;27
249;61;05-05-1970;M;26
250;8;25-11-1979;F;17
251;54;03-03-1976;F;20
252;37;01-09-1969;F;27
253;48;12-05-1947;F;49
254;28;30-05-1963;M;33
255;27;11-10-1951;F;45
256;73;27-02-1963;F;33
257;22;04-11-1942;F;54
258;22;31-05-1937;M;59
259;31;08-06-1966;M;30
260;31;24-02-1962;F;34
261;38;07-12-1937;F;59
262;77;25-11-1945;M;51
263;68;20-05-1962;M;34
264;28;22-08-1978;M;18
265;72;07-01-1933;F;63
266;19;28-08-1967;F;29
267;37;12-06-1967;M;29
268;39;02-05-1982;F;14
269;15;03-12-1923;F;73
270;46;08-03-1947;M;49
271;46;27-07-1945;F;51
272;70;25-10-1944;F;52
273;27;15-05-1972;F;24
274;17;25-11-1970;F;26
275;1;12-11-1918;F;78
276;1;11-06-1957;M;39
277;1;28-11-1961;F;35
278;22;27-12-1972;F;24
279;22;16-05-1970;M;26
280;45;18-12-1969;F;27
282;73;24-02-1938;F;58
283;73;04-11-1933;M;63
284;10;06-08-1974;M;22
285;72;03-06-1954;M;42
286;72;18-04-1952;F;44
287;50;09-09-1980;M;16
288;6;21-04-1962;M;34
289;54;27-03-1958;M;38
290;72;12-01-1959;M;37
291;72;27-04-1955;F;41
292;15;06-09-1958;F;38
293;69;27-09-1943;M;53
294;58;21-03-1968;M;28
295;12;27-03-1939;M;57
296;65;01-03-1974;M;22
297;65;15-03-1924;F;72
298;65;13-06-1921;M;75
300;1;30-07-1957;F;39
301;28;10-01-1942;M;54
302;56;23-02-1971;M;25
303;74;06-05-1946;M;50
304;19;11-03-1934;F;62
305;46;08-06-1938;M;58
308;68;12-06-1976;F;20
309;37;14-12-1969;F;27
310;11;16-04-1950;M;46
311;64;16-09-1930;F;66
312;2;03-07-1924;M;72
313;24;11-05-1942;F;54
314;24;22-03-1945;M;51
315;54;01-05-1967;M;29
316;75;28-04-1955;M;41
317;64;06-10-1957;F;39
318;15;02-04-1943;F;53
319;19;04-04-1929;F;67
320;19;12-11-1934;M;62
321;47;24-10-1943;F;53
322;38;01-02-1933;M;63
323;38;04-04-1938;F;58
324;3;03-12-1960;M;36
325;3;21-02-1960;M;36
326;27;18-09-1967;F;29
327;27;13-10-1968;M;28
328;1;24-01-1918;F;78
329;11;03-12-1964;M;32
330;65;05-08-1944;F;52
331;1;02-03-1942;M;54
332;29;25-07-1978;M;18
333;38;19-10-1971;M;25
334;32;31-10-1969;M;27
335;73;22-07-1967;F;29
336;39;11-02-1964;F;32
337;39;08-05-1957;M;39
338;8;19-06-1951;F;45
339;1;30-07-1966;M;30
340;1;19-08-1970;F;26
341;69;16-03-1977;M;19
342;69;30-06-1972;F;24
343;44;19-11-1919;M;77
344;54;16-07-1963;F;33
345;17;07-12-1953;M;43
346;17;02-11-1960;F;36
347;71;13-12-1959;M;37
348;71;24-01-1953;F;43
349;39;27-05-1927;F;69
350;25;02-04-1925;F;71
351;1;01-05-1973;M;23
352;56;27-08-1940;M;56
353;7;26-10-1965;M;31
354;49;27-04-1922;F;74
355;49;31-05-1930;M;66
356;1;07-12-1979;F;17
357;1;30-03-1979;M;17
358;7;26-06-1959;F;37
359;66;16-02-1970;M;26
360;49;27-04-1943;M;53
361;74;25-05-1977;F;19
362;35;27-04-1950;F;46
363;35;01-07-1942;M;54
364;54;05-12-1942;F;54
365;1;09-01-1930;M;66
366;1;10-11-1936;F;60
367;60;03-09-1963;F;33
368;60;14-10-1968;M;28
369;7;06-11-1930;F;66
370;71;05-01-1956;F;40
371;4;16-07-1942;M;54
372;34;03-04-1932;M;64
373;16;28-02-1936;M;60
374;26;14-06-1967;M;29
375;61;29-09-1969;F;27
376;14;08-01-1973;F;23
378;50;15-05-1978;M;18
379;50;13-10-1983;F;13
380;41;19-01-1973;M;23
381;73;26-01-1977;F;19
382;73;30-06-1978;M;18
383;15;17-05-1939;F;57
384;15;08-10-1935;M;61
385;45;24-03-1948;M;48
386;62;21-08-1980;M;16
387;76;06-06-1927;M;69
388;36;30-10-1950;F;46
389;47;30-06-1974;F;22
390;47;27-01-1977;F;19
391;47;22-05-1933;F;63
392;74;01-04-1950;F;46
393;74;31-08-1956;M;40
394;52;18-05-1924;F;72
395;52;05-07-1919;M;77
396;1;02-05-1920;M;76
397;75;27-03-1930;M;66
398;61;26-03-1925;F;71
399;45;14-04-1952;M;44
400;1;27-12-1933;M;63
401;1;19-11-1928;F;68
402;3;25-12-1943;M;53
403;42;26-05-1973;F;23
404;42;20-04-1967;M;29
405;65;19-10-1934;F;62
406;36;15-05-1977;M;19
407;73;27-05-1975;F;21
408;35;22-02-1978;F;18
409;74;18-06-1925;M;71
410;62;20-12-1962;M;34
411;17;14-04-1941;F;55
412;17;17-04-1944;M;52
413;49;18-11-1972;F;24
414;46;19-10-1947;F;49
415;46;01-04-1945;M;51
416;1;07-10-1932;F;64
417;1;10-06-1930;M;66
418;28;13-10-1966;M;30
419;64;07-10-1970;F;26
420;18;13-03-1978;M;18
421;54;31-07-1965;M;31
422;69;07-12-1946;M;50
423;37;23-06-1957;M;39
424;1;08-10-1947;M;49
425;25;12-02-1948;M;48
426;72;01-06-1937;M;59
427;72;14-09-1941;F;55
428;47;16-11-1919;F;77
429;50;20-01-1981;F;15
430;39;28-07-1920;M;76
431;24;01-10-1927;F;69
432;59;26-03-1952;F;44
433;62;07-02-1955;M;41
434;70;30-01-1943;F;53
435;20;23-10-1967;M;29
436;2;15-06-1955;M;41
437;11;17-01-1920;F;76
438;32;28-09-1938;M;58
439;51;12-09-1968;F;28
440;15;07-07-1970;F;26
441;1;14-09-1959;M;37
442;1;16-12-1971;F;25
443;1;20-12-1971;M;25
444;74;01-08-1960;F;36
445;1;27-04-1947;F;49
446;1;19-03-1952;M;44
447;23;04-09-1946;M;50
448;77;15-08-1970;F;26
450;25;27-11-1953;M;43
451;12;14-04-1979;M;17
452;55;22-10-1953;F;43
453;67;16-07-1969;M;27
454;38;15-06-1949;F;47
455;68;26-07-1920;M;76
456;25;28-02-1940;M;56
457;70;26-09-1950;M;46
458;68;24-07-1961;M;35
459;32;23-07-1967;F;29
461;68;13-08-1970;F;26
462;14;21-12-1970;M;26
463;38;05-04-1944;M;52
464;24;30-07-1959;F;37
465;5;01-09-1952;M;44
466;1;19-11-1947;F;49
467;1;17-04-1950;M;46
468;72;27-04-1959;M;37
469;59;13-10-1970;F;26
470;30;21-04-1954;F;42
471;44;11-01-1977;M;19
472;36;27-12-1981;M;15
473;1;25-09-1939;F;57
474;46;31-05-1949;M;47
476;1;01-06-1947;F;49
477;1;20-07-1954;M;42
478;21;21-06-1978;M;18
479;11;20-08-1947;M;49
480;11;24-01-1946;F;50
481;69;22-01-1927;M;69
482;69;22-01-1934;F;62
483;1;19-06-1944;M;52
484;28;13-09-1959;F;37
485;32;16-05-1978;M;18
486;68;12-04-1944;M;52
487;1;01-04-1922;F;74
488;1;02-08-1917;M;79
489;41;07-10-1940;M;56
490;55;23-10-1950;M;46
491;63;05-08-1966;M;30
492;72;26-10-1935;M;61
493;41;04-06-1942;F;54
494;1;19-05-1980;M;16
495;49;07-04-1937;F;59
496;70;21-05-1951;F;45
497;74;02-02-1953;M;43
498;74;15-01-1948;F;48
499;18;08-07-1935;F;61
500;1;06-01-1971;M;25
501;62;28-10-1937;M;59
502;6;08-12-1919;M;77
503;73;24-07-1959;M;37
504;36;01-08-1979;M;17
505;13;21-12-1977;M;19
506;75;16-08-1946;M;50
507;75;16-11-1954;M;42
508;53;28-04-1971;M;25
509;73;02-05-1980;M;16
510;12;15-04-1976;M;20
511;9;18-02-1959;M;37
512;60;03-08-1965;F;31
513;8;11-01-1974;F;22
514;8;15-11-1968;M;28
515;1;26-05-1932;M;64
516;1;27-04-1930;F;66
517;63;25-07-1965;M;31
518;54;28-04-1979;F;17
519;18;13-04-1980;M;16
520;46;27-09-1947;F;49
521;69;25-12-1975;M;21
522;1;04-03-1956;F;40
523;38;17-12-1922;M;74
524;30;02-01-1963;F;33
525;30;14-08-1969;M;27
526;43;01-02-1964;M;32
527;43;18-08-1966;F;30
528;37;11-02-1977;M;19
529;69;05-11-1978;M;18
530;29;27-09-1957;F;39
531;27;04-10-1976;M;20
532;27;03-09-1980;F;16
533;54;19-05-1941;F;55
534;74;22-07-1957;M;39
535;26;09-09-1937;M;59
536;47;25-08-1939;M;57
537;1;16-01-1935;M;61
538;5;10-05-1948;F;48
540;19;28-07-1921;M;75
541;19;09-03-1927;F;69
542;59;09-02-1921;F;75
543;11;15-04-1958;F;38
544;63;16-11-1948;M;48
545;75;11-10-1973;F;23
546;7;25-08-1953;M;43
547;54;31-03-1949;M;47
548;49;04-12-1937;M;59
550;7;30-11-1961;M;35
551;47;05-07-1976;F;20
552;1;08-05-1934;F;62
553;1;07-04-1941;M;55
554;30;19-04-1925;F;71
555;30;21-10-1926;M;70
556;29;08-07-1946;M;50
557;51;17-07-1939;M;57
558;43;05-07-1920;F;76
559;32;05-09-1972;F;24
560;71;16-12-1967;F;29
561;74;10-11-1962;F;34
562;49;22-09-1975;F;21
563;72;09-09-1961;F;35
564;72;24-01-1955;M;41
565;64;03-07-1959;F;37
566;47;05-03-1946;F;50
567;47;02-05-1950;M;46
568;8;19-07-1960;F;36
569;73;15-06-1962;M;34
570;61;31-01-1941;F;55
571;3;27-09-1924;M;72
572;3;04-08-1920;F;76
573;69;10-08-1967;M;29
574;1;25-12-1972;M;24
575;58;04-04-1970;M;26
576;58;12-05-1974;F;22
577;1;05-12-1963;F;33
578;23;07-07-1977;F;19
579;72;31-05-1933;F;63
581;70;04-02-1949;F;47
582;1;26-09-1950;M;46
583;75;01-01-1965;F;31
584;33;13-05-1976;F;20
585;40;21-02-1942;F;54
586;40;03-11-1947;M;49
587;25;08-07-1945;F;51
588;61;20-10-1960;F;36
589;45;17-09-1961;M;35
590;44;15-02-1949;M;47
591;65;29-10-1974;F;22
592;26;18-07-1965;M;31
593;60;10-07-1954;F;42
596;69;24-10-1948;M;48
597;55;22-02-1943;M;53
598;1;31-12-1970;M;26
599;1;18-05-1977;F;19
601;56;12-03-1966;M;30
602;56;16-01-1965;F;31
603;13;09-03-1966;F;30
604;1;31-07-1965;F;31
605;1;27-08-1970;F;26
606;10;25-01-1949;F;47
607;64;30-03-1964;M;32
608;67;31-08-1972;M;24
609;52;02-09-1962;M;34
610;74;10-08-1979;F;17
611;36;13-10-1952;M;44
612;36;10-11-1960;F;36
613;1;10-08-1977;F;19
614;14;03-02-1947;F;49
615;68;13-09-1949;F;47
616;58;01-01-1975;M;21
617;70;14-03-1974;M;22
618;57;16-03-1932;F;64
619;6;07-09-1920;M;76
620;6;13-02-1918;F;78
621;54;17-03-1939;M;57
622;74;23-11-1931;F;65
623;24;04-09-1925;M;71
624;24;26-07-1932;F;64
625;60;24-11-1978;F;18
626;9;13-04-1980;M;16
627;17;11-04-1972;M;24
628;17;27-05-1970;F;26
629;16;10-03-1976;M;20
630;61;03-03-1952;M;44
631;70;22-03-1956;F;40
632;67;16-03-1946;M;50
633;67;12-06-1938;F;58
635;17;29-06-1927;F;69
636;17;17-02-1935;M;61
637;39;15-12-1970;F;26
638;54;03-02-1961;F;35
639;31;02-08-1978;M;18
640;26;15-04-1979;M;17
641;40;04-07-1962;F;34
642;40;25-10-1963;M;33
643;1;13-06-1949;F;47
644;35;23-04-1961;F;35
645;14;21-12-1925;M;71
646;34;29-09-1922;F;74
647;34;06-04-1929;M;67
648;70;28-09-1935;F;61
649;13;02-05-1978;F;18
651;54;27-01-1976;F;20
652;61;08-12-1938;M;58
653;1;21-11-1930;F;66
654;64;17-05-1942;F;54
655;32;10-12-1942;M;54
656;1;06-06-1956;M;40
657;8;10-07-1926;F;70
658;8;21-12-1926;M;70
659;24;07-12-1965;M;31
660;16;22-03-1923;M;73
661;16;15-01-1919;F;77
662;5;07-08-1945;M;51
663;24;20-01-1923;M;73
664;77;19-03-1980;F;16
665;62;05-04-1932;F;64
666;26;23-05-1982;M;14
667;26;20-07-1981;F;15
668;1;25-12-1942;F;54
669;12;19-12-1956;F;40
670;1;21-01-1959;M;37
671;10;27-02-1971;F;25
672;46;09-11-1929;F;67
673;36;29-10-1939;M;57
674;11;11-01-1927;F;69
675;50;12-11-1975;M;21
676;70;07-02-1953;M;43
677;5;24-05-1963;M;33
678;39;28-05-1933;F;63
679;8;19-03-1940;M;56
680;8;09-05-1940;F;56
681;15;15-01-1977;M;19
682;18;21-10-1979;M;17
683;76;29-08-1945;F;51
684;3;10-04-1976;F;20
685;72;13-12-1930;F;66
686;32;03-10-1971;F;25
687;32;28-01-1975;M;21
688;1;04-05-1954;M;42
689;70;02-08-1964;M;32
690;38;07-11-1942;M;54
691;38;13-01-1944;F;52
692;74;11-01-1936;F;60
693;74;17-03-1935;M;61
694;29;28-02-1936;M;60
695;28;27-06-1955;M;41
696;28;01-12-1952;F;44
697;1;01-05-1974;M;22
698;75;27-02-1954;M;42
699;26;22-04-1922;F;74
700;12;20-11-1929;M;67
702;31;07-11-1968;F;28
703;4;26-04-1959;M;37
704;54;01-05-1975;M;21
705;19;10-12-1938;M;58
706;1;05-08-1948;M;48
707;1;14-12-1941;M;55
708;50;27-11-1977;F;19
709;1;29-12-1934;M;62
710;23;28-11-1925;M;71
711;48;16-08-1963;F;33
712;54;04-12-1962;M;34
713;20;29-03-1980;F;16
714;31;08-10-1970;M;26
715;1;15-01-1952;F;44
716;1;04-12-1954;F;42
717;54;02-05-1968;M;28
718;54;28-02-1960;F;36
719;46;09-08-1974;M;22
720;29;06-09-1954;M;42
721;43;15-02-1940;M;56
722;62;25-11-1970;F;26
723;12;26-07-1957;F;39
724;65;02-02-1953;F;43
725;75;11-12-1956;M;40
726;16;13-02-1935;M;61
727;32;20-07-1930;F;66
728;32;20-01-1932;M;64
729;63;17-03-1969;F;27
730;63;14-08-1973;M;23
731;74;22-01-1979;F;17
732;74;05-07-1978;M;18
733;46;28-07-1978;M;18
734;46;14-01-1985;F;11
735;1;26-11-1973;M;23
736;1;26-04-1977;F;19
737;74;04-11-1952;M;44
738;25;26-03-1920;M;76
739;72;16-04-1942;M;54
740;55;07-11-1923;M;73
741;74;09-07-1941;M;55
742;1;15-10-1951;F;45
743;1;17-02-1941;M;55
744;26;18-07-1940;M;56
745;52;14-02-1966;F;30
746;52;16-04-1962;M;34
747;24;20-08-1953;F;43
748;25;15-10-1936;M;60
749;25;29-07-1933;F;63
750;70;29-09-1956;F;40
751;70;09-03-1959;M;37
752;72;20-12-1944;M;52
753;72;24-09-1940;F;56
754;63;04-06-1947;F;49
755;72;21-11-1947;M;49
756;31;13-05-1920;M;76
757;71;20-12-1970;F;26
758;68;26-07-1961;F;35
759;29;20-05-1955;M;41
760;57;25-08-1936;F;60
762;21;20-04-1937;M;59
763;75;24-08-1927;F;69
764;49;13-10-1955;F;41
765;65;31-12-1969;M;27
766;1;03-07-1926;F;70
767;1;16-06-1923;M;73
768;32;23-09-1931;F;65
769;40;15-12-1977;M;19
772;64;10-12-1944;M;52
773;4;30-10-1935;M;61
774;70;03-03-1973;M;23
775;51;30-11-1940;F;56
776;1;03-05-1953;F;43
777;1;20-05-1961;M;35
778;13;04-06-1940;M;56
779;69;12-06-1944;F;52
780;3;26-02-1924;M;72
781;72;20-09-1945;M;51
782;5;18-03-1963;F;33
783;27;25-03-1971;F;25
784;27;28-12-1964;M;32
785;63;09-09-1934;M;62
786;53;06-09-1978;M;18
787;3;08-12-1947;M;49
788;47;03-09-1974;M;22
789;4;21-09-1931;M;65
790;63;09-05-1967;F;29
791;68;29-09-1950;F;46
793;21;04-02-1978;M;18
794;21;16-07-1979;F;17
796;1;30-08-1919;M;77
797;8;27-01-1948;M;48
798;27;12-02-1940;F;56
799;27;19-02-1936;M;60
803;35;15-02-1951;M;45
804;35;23-01-1956;F;40
806;60;22-04-1980;M;16
807;53;21-10-1969;F;27
808;31;28-11-1963;M;33
809;49;15-10-1919;M;77
810;58;24-09-1945;F;51
811;58;28-05-1940;M;56
812;39;06-12-1940;M;56
813;70;29-01-1964;M;32
814;19;01-10-1959;M;37
815;22;27-10-1964;F;32
816;17;01-02-1958;F;38
818;54;27-04-1966;M;30
819;74;08-07-1958;M;38
820;74;06-11-1960;F;36
821;49;12-05-1948;M;48
822;37;08-05-1959;F;37
823;41;24-10-1956;M;40
824;27;05-09-1952;M;44
825;74;02-04-1977;M;19
826;1;23-01-1978;M;18
827;10;04-09-1965;F;31
828;10;10-12-1958;M;38
829;24;19-05-1957;M;39
830;69;27-08-1948;M;48
831;2;02-05-1948;M;48
832;67;23-12-1923;F;73
833;5;11-06-1960;M;36
834;54;17-12-1922;M;74
835;28;20-10-1943;F;53
836;28;14-06-1948;M;48
837;71;14-10-1974;M;22
838;71;04-02-1968;F;28
839;47;18-05-1955;F;41
840;20;26-04-1937;M;59
841;69;10-02-1981;M;15
842;12;03-07-1933;F;63
843;54;03-09-1957;F;39
844;22;14-01-1945;M;51
845;22;30-01-1953;F;43
846;35;01-12-1949;M;47
847;49;25-12-1979;M;17
849;26;06-06-1939;F;57
850;19;21-09-1969;M;27
851;25;16-06-1919;M;77
852;25;04-06-1916;F;80
853;70;02-06-1949;M;47
854;72;02-11-1941;F;55
855;58;28-01-1930;M;66
856;23;22-01-1919;M;77
857;32;21-02-1948;M;48
858;47;29-03-1959;F;37
859;1;29-07-1968;F;28
860;1;08-12-1967;M;29
861;1;13-09-1956;F;40
862;30;05-01-1952;M;44
863;54;29-11-1968;F;28
864;11;27-03-1953;M;43
865;11;03-11-1946;F;50
866;38;24-11-1975;F;21
870;70;06-05-1957;M;39
871;76;11-03-1974;M;22
872;35;22-02-1963;M;33
873;60;05-01-1944;M;52
874;14;05-09-1952;F;44
875;14;07-12-1956;M;40
876;1;25-11-1960;M;36
877;5;21-01-1927;F;69
878;5;17-04-1920;M;76
879;38;08-12-1943;F;53
880;49;17-02-1960;M;36
881;5;22-02-1975;F;21
882;70;09-09-1933;F;63
883;75;06-01-1920;F;76
884;75;14-10-1918;M;78
885;34;08-02-1923;M;73
886;34;02-02-1948;M;48
887;66;28-11-1973;F;23
888;28;26-10-1973;M;23
889;54;24-10-1981;F;15
890;77;30-03-1919;M;77
891;33;31-01-1931;M;65
892;42;24-05-1922;F;74
893;43;23-10-1935;F;61
894;75;18-08-1934;M;62
895;39;03-07-1970;M;26
896;36;24-04-1973;F;23
897;36;25-03-1981;M;15
898;38;27-04-1943;F;53
899;38;13-02-1944;M;52
900;73;10-04-1977;M;19
901;39;21-12-1919;M;77
902;23;15-08-1950;M;46
903;31;06-03-1934;M;62
904;1;08-02-1932;M;64
905;38;23-10-1940;M;56
906;65;16-06-1978;M;18
907;51;11-03-1948;M;48
908;51;07-03-1961;F;35
909;23;07-09-1975;M;21
910;1;27-09-1961;M;35
911;43;28-11-1939;M;57
912;76;29-10-1920;M;76
913;1;18-11-1938;M;58
914;1;19-01-1921;F;75
915;12;03-05-1975;M;21
916;3;29-06-1958;M;38
917;25;16-09-1973;F;23
918;26;23-12-1964;M;32
921;7;13-02-1954;F;42
922;22;16-08-1972;F;24
923;22;22-08-1978;M;18
924;1;12-07-1953;M;43
925;54;13-08-1959;M;37
926;1;22-01-1981;M;15
927;1;26-10-1974;M;22
928;66;10-10-1951;F;45
929;30;23-04-1935;M;61
930;68;25-08-1959;F;37
931;16;07-06-1968;M;28
932;3;27-09-1947;M;49
933;33;11-03-1978;F;18
934;33;19-08-1982;M;14
935;42;17-05-1946;F;50
936;42;30-07-1943;M;53
937;1;14-11-1931;M;65
938;59;07-08-1944;F;52
939;21;03-08-1952;M;44
940;53;11-08-1960;M;36
941;10;05-10-1935;M;61
942;12;02-09-1931;F;65
943;12;26-09-1936;M;60
944;39;18-12-1970;M;26
945;39;10-01-1977;F;19
946;54;06-08-1951;M;45
948;49;22-04-1924;M;72
949;3;27-07-1976;M;20
950;76;12-04-1965;F;31
951;76;17-09-1960;M;36
952;63;01-05-1951;F;45
953;25;17-10-1937;M;59
954;1;20-10-1942;F;54
955;57;28-01-1970;M;26
956;1;21-10-1966;M;30
957;56;23-12-1941;F;55
958;56;04-05-1942;M;54
959;11;12-09-1962;F;34
960;16;13-04-1957;F;39
961;15;04-10-1931;F;65
962;19;19-02-1966;M;30
963;64;17-12-1966;F;30
964;10;21-10-1953;F;43
965;13;01-12-1972;F;24
966;13;02-09-1978;M;18
967;76;20-06-1979;M;17
968;69;17-02-1957;M;39
970;36;29-03-1957;M;39
971;46;01-01-1919;F;77
972;46;06-05-1917;M;79
973;14;06-10-1970;F;26
974;14;24-06-1963;M;33
975;1;12-07-1959;F;37
976;16;19-11-1955;F;41
977;76;10-05-1926;F;70
978;56;09-06-1968;F;28
979;56;18-11-1966;M;30
980;40;30-09-1961;M;35
981;5;28-06-1960;M;36
984;20;03-07-1949;M;47
985;20;13-01-1947;F;49
986;74;16-05-1955;M;41
987;60;20-05-1952;M;44
988;40;01-10-1939;F;57
989;40;15-08-1933;M;63
990;71;24-12-1961;M;35
991;32;27-06-1941;M;55
992;19;21-05-1948;M;48
993;44;31-10-1969;F;27
994;36;27-04-1971;M;25
995;36;30-10-1973;F;23
996;1;26-06-1980;F;16
997;59;11-11-1950;M;46
998;59;28-06-1953;F;43
999;74;01-09-1966;F;30
1000;74;27-10-1961;M;35
1001;44;14-04-1947;M;49
1002;42;08-03-1944;F;52
1003;31;31-10-1937;F;59
1004;3;25-09-1957;M;39
1006;46;28-06-1942;F;54
1007;46;05-01-1938;M;58
1008;6;06-07-1956;M;40
1009;33;27-04-1962;F;34
1010;33;16-08-1955;M;41
1011;16;13-07-1939;M;57
1012;70;13-02-1966;F;30
1013;70;12-03-1973;M;23
1014;1;08-02-1931;M;65
1015;62;13-03-1934;M;62
1016;62;21-07-1940;F;56
1017;6;12-02-1943;F;53
1018;53;28-02-1945;M;51
1019;14;22-12-1946;F;50
1020;72;10-05-1977;F;19
1021;2;05-08-1977;M;19
1022;31;23-07-1940;M;56
1023;1;28-12-1938;M;58
1024;25;29-03-1956;M;40
1025;15;08-07-1964;M;32
1026;57;12-08-1979;M;17
1027;1;04-11-1940;F;56
1028;1;02-10-1934;M;62
1029;1;16-03-1954;F;42
1030;1;11-10-1947;M;49
1031;2;11-12-1968;F;28
1032;1;30-10-1938;F;58
1033;1;14-10-1937;M;59
1034;52;11-11-1974;F;22
1035;13;28-03-1971;F;25
1036;13;06-12-1976;M;20
1037;1;01-11-1965;F;31
1038;69;23-09-1961;F;35
1039;70;11-10-1980;F;16
1040;1;17-06-1960;M;36
1041;72;05-07-1961;M;35
1042;17;25-09-1966;F;30
1043;17;16-11-1963;M;33
1044;9;13-09-1971;F;25
1045;60;24-12-1947;F;49
1046;1;24-08-1975;M;21
1047;16;11-07-1963;F;33
1048;70;03-10-1974;F;22
1049;1;11-11-1942;M;54
1050;27;01-07-1971;F;25
1051;73;26-08-1971;F;25
1052;56;11-03-1964;M;32
1053;56;03-06-1958;F;38
1054;63;20-08-1924;M;72
1055;4;17-05-1919;M;77
1056;1;19-06-1963;M;33
1057;52;21-02-1939;M;57
1058;9;01-08-1975;F;21
1059;26;03-06-1960;M;36
1060;26;17-12-1957;F;39
1062;16;08-01-1975;M;21
1063;16;12-06-1976;F;20
1064;1;03-02-1951;F;45
1065;2;26-11-1957;M;39
1066;1;18-10-1940;M;56
1067;1;14-05-1952;M;44
1068;13;20-10-1926;F;70
1069;54;21-02-1938;F;58
1070;54;02-12-1938;M;58
1071;43;25-01-1925;M;71
1072;60;08-12-1966;F;30
1073;34;10-04-1924;M;72
1074;34;25-08-1928;F;68
1075;65;04-06-1934;F;62
1076;53;11-05-1979;F;17
1077;46;23-06-1920;M;76
1078;24;15-12-1978;F;18
1079;3;15-07-1961;M;35
1080;54;06-10-1950;F;46
1081;71;16-12-1970;M;26
1082;9;23-02-1967;M;29
1083;48;15-12-1937;M;59
1084;48;09-04-1944;F;52
1085;60;19-12-1932;F;64
1086;74;04-05-1973;M;23
1087;74;30-07-1978;F;18
1088;47;23-08-1969;F;27
1089;1;09-12-1939;M;57
1090;35;20-06-1939;F;57
1091;59;27-06-1940;F;56
1092;41;20-07-1962;F;34
1093;62;28-07-1976;F;20
1094;30;04-10-1960;F;36
1095;30;16-02-1954;M;42
1096;1;03-03-1926;F;70
1097;1;02-09-1930;M;66
1098;60;10-09-1948;F;48
1099;65;21-11-1979;F;17
1100;59;04-07-1951;M;45
1101;74;22-06-1946;M;50
1102;72;29-01-1935;M;61
1103;1;18-08-1951;M;45
1104;1;09-02-1955;F;41
1105;56;03-01-1942;M;54
1106;56;25-02-1940;F;56
1107;60;26-04-1961;M;35
1108;62;22-12-1955;F;41
1109;58;01-09-1931;F;65
1110;10;24-03-1928;F;68
1111;61;04-06-1979;M;17
1112;13;25-07-1930;F;66
1113;11;20-08-1976;M;20
1114;59;18-06-1980;M;16
1115;36;24-08-1920;F;76
1116;69;19-04-1973;F;23
1117;20;01-11-1976;F;20
1118;20;03-11-1969;M;27
1119;54;05-01-1980;F;16
1120;41;21-10-1973;F;23
1121;59;02-03-1939;M;57
1122;20;18-02-1921;M;75
1123;20;26-08-1922;F;74
1124;21;12-04-1928;M;68
1125;9;30-03-1934;F;62
1126;9;23-10-1935;M;61
1127;23;12-11-1974;M;22
1128;7;16-07-1930;M;66
1129;43;24-09-1931;M;65
1130;70;26-11-1940;F;56
1131;55;28-10-1947;F;49
1132;55;21-03-1948;M;48
1133;37;15-09-1958;F;38
1134;37;01-10-1959;M;37
1135;8;21-07-1952;M;44
1136;9;18-09-1976;F;20
1137;1;05-03-1977;F;19
1138;70;30-09-1970;F;26
1139;70;22-09-1973;M;23
1140;18;24-02-1946;M;50
1141;21;22-04-1941;F;55
1142;59;19-11-1946;F;50
1143;59;15-05-1946;M;50
1145;58;14-09-1968;F;28
1146;54;14-11-1965;M;31
1147;3;12-05-1930;M;66
1148;41;15-05-1941;M;55
1149;14;25-09-1976;F;20
1150;74;24-06-1945;F;51
1151;59;06-03-1973;M;23
1152;74;12-03-1981;M;15
1153;70;15-11-1980;F;16
1154;72;31-01-1924;M;72
1155;72;10-07-1922;F;74
1156;1;11-11-1933;F;63
1157;4;30-12-1958;F;38
1158;1;21-08-1954;F;42
1159;64;03-02-1944;M;52
1160;64;28-07-1938;F;58
1161;7;25-05-1973;M;23
1162;26;19-02-1975;F;21
1163;20;28-08-1964;M;32
1164;15;14-09-1959;F;37
1165;15;02-10-1942;F;54
1166;74;27-06-1959;M;37
1167;74;17-03-1954;F;42
1168;19;31-05-1978;M;18
1169;18;24-01-1941;F;55
1170;12;28-04-1977;M;19
1171;46;28-03-1974;F;22
1172;54;13-06-1923;F;73
1173;54;02-06-1922;M;74
1174;29;13-03-1970;F;26
1175;1;25-10-1925;M;71
1176;1;31-08-1918;F;78
1177;77;21-06-1939;F;57
1178;1;04-10-1971;F;25
1179;1;05-10-1930;F;66
1180;21;06-10-1944;M;52
1181;1;12-11-1939;M;57
1182;66;16-10-1946;F;50
1183;54;29-11-1942;M;54
1186;2;05-08-1947;F;49
1187;32;06-09-1961;F;35
1188;32;19-09-1968;M;28
1189;74;15-02-1932;F;64
1190;15;12-04-1976;F;20
1191;15;02-06-1977;M;19
1192;10;01-01-1925;F;71
1193;19;29-01-1926;M;70
1194;17;14-06-1939;F;57
1195;39;22-01-1939;F;57
1196;22;16-04-1943;M;53
1197;6;02-10-1966;F;30
1198;72;17-02-1975;F;21
1199;64;24-10-1976;F;20
1200;47;17-11-1931;F;65
1201;54;10-09-1945;M;51
1202;47;11-10-1980;F;16
1204;77;09-11-1974;F;22
1206;50;21-06-1957;M;39
1207;28;17-09-1939;F;57
1208;70;01-09-1975;F;21
1209;36;09-04-1957;F;39
1210;6;12-10-1961;M;35
1211;1;14-07-1978;M;18
1212;13;19-09-1927;F;69
1213;1;28-04-1966;M;30
1214;61;15-11-1940;M;56
1215;45;06-05-1944;M;52
1216;65;12-06-1945;F;51
1217;59;17-04-1937;M;59
1218;74;27-05-1980;M;16
1219;1;31-07-1944;M;52
1220;40;16-12-1953;F;43
1221;14;18-05-1973;F;23
1222;7;30-11-1939;F;57
1223;14;13-08-1955;F;41
1224;56;12-05-1938;M;58
1225;42;21-08-1946;M;50
1226;33;14-04-1951;F;45
1227;33;02-10-1955;M;41
1228;21;28-08-1949;F;47
1229;19;02-02-1971;M;25
1231;20;27-09-1965;F;31
1232;20;13-04-1959;M;37
1233;68;22-10-1942;M;54
1234;23;15-01-1975;M;21
1235;23;12-07-1979;F;17
1236;26;28-04-1967;F;29
1237;57;07-11-1923;M;73
1238;74;01-09-1935;M;61
1239;11;09-09-1976;F;20
1240;32;24-08-1976;F;20
1241;73;17-12-1942;F;54
1242;73;21-08-1944;F;52
1243;11;05-10-1974;F;22
1244;1;02-05-1964;M;32
1245;64;13-08-1979;M;17
1246;70;19-11-1962;M;34
1247;70;09-10-1969;F;27
1248;19;24-06-1971;M;25
1250;43;01-08-1952;F;44
1251;1;30-05-1959;M;37
1252;1;19-08-1953;F;43
1253;14;28-08-1967;F;29
1254;3;31-08-1939;F;57
1255;1;07-08-1966;F;30
1256;46;13-11-1955;F;41
1257;35;01-09-1928;F;68
1258;35;20-09-1924;M;72
1259;18;29-09-1966;M;30
1260;57;03-01-1945;F;51
1261;57;28-09-1951;M;45
1262;35;03-04-1952;M;44
1263;35;25-02-1959;F;37
1264;61;03-10-1976;F;20
1265;57;21-12-1958;F;38
1266;71;24-11-1952;F;44
1267;29;11-02-1954;F;42
1268;29;30-03-1949;M;47
1269;1;31-12-1948;F;48
1270;13;16-05-1930;M;66
1271;47;29-11-1935;M;61
1272;8;15-04-1944;M;52
1273;6;15-06-1978;M;18
1274;44;25-01-1976;M;20
1275;1;10-10-1951;F;45
1276;68;26-04-1942;F;54
1277;70;07-04-1931;M;65
1278;72;12-09-1978;M;18
1279;16;11-07-1956;M;40
1280;34;08-05-1952;M;44
1281;34;28-12-1949;F;47
1282;52;27-11-1936;M;60
1283;66;09-02-1939;F;57
1284;66;04-08-1943;M;53
1285;62;26-11-1939;M;57
1286;52;13-03-1950;F;46
1287;65;09-08-1944;F;52
1288;73;20-05-1972;M;24
1289;59;18-09-1946;M;50
1290;35;29-01-1976;M;20
1291;1;18-04-1964;F;32
1292;14;28-04-1977;M;19
1293;1;29-01-1927;M;69
1294;1;29-05-1930;F;66
1295;74;09-02-1944;F;52
1296;55;01-08-1959;F;37
1297;64;28-01-1918;F;78
1298;64;15-03-1921;M;75
1299;2;16-10-1920;F;76
1300;45;27-10-1979;M;17
1303;42;16-08-1940;F;56
1304;37;28-07-1936;M;60
1305;55;28-04-1945;F;51
1306;32;08-10-1922;F;74
1307;74;08-04-1953;M;43
1308;69;18-02-1954;M;42
1309;1;17-06-1975;M;21
1310;41;24-09-1977;F;19
1311;54;18-12-1956;F;40
1312;35;03-04-1935;F;61
1313;54;20-11-1970;M;26
1314;54;09-06-1975;F;21
1315;34;26-02-1923;M;73
1316;67;13-11-1946;F;50
1317;67;18-05-1945;M;51
1318;47;10-03-1931;M;65
1321;35;09-11-1977;F;19
1322;4;22-09-1945;F;51
1323;70;06-01-1944;M;52
1324;66;07-08-1956;F;40
1325;39;19-09-1945;M;51
1326;55;12-05-1956;F;40
1327;20;31-12-1963;F;33
1328;42;05-06-1937;F;59
1329;26;16-02-1918;M;78
1330;66;17-09-1968;M;28
1331;54;24-11-1963;M;33
1332;5;27-11-1957;F;39
1333;48;20-04-1949;M;47
1334;8;06-02-1978;M;18
1335;1;25-01-1961;F;35
1336;1;04-11-1962;M;34
1337;56;29-03-1979;F;17
1338;56;26-07-1983;M;13
1339;22;04-05-1959;M;37
1340;68;20-03-1939;F;57
1341;69;17-06-1962;F;34
1343;1;16-08-1939;F;57
1344;1;18-02-1935;M;61
1345;32;22-05-1968;M;28
1346;13;29-08-1954;M;42
1347;13;06-03-1970;M;26
1348;13;07-06-1975;F;21
1349;26;07-01-1968;F;28
1350;1;28-04-1959;M;37
1351;1;24-09-1951;F;45
1352;54;01-04-1971;F;25
1353;27;13-02-1959;M;37
1354;64;14-01-1921;M;75
1355;35;01-02-1976;F;20
1356;1;18-09-1932;M;64
1359;1;04-09-1951;F;45
1360;1;19-08-1946;M;50
1361;1;29-09-1922;F;74
1362;1;03-01-1929;M;67
1363;6;27-12-1979;F;17
1364;1;28-12-1933;M;63
1365;1;23-02-1938;F;58
1366;12;02-03-1980;F;16
1367;60;27-10-1965;F;31
1368;60;30-12-1957;M;39
1369;41;23-10-1978;M;18
1370;34;11-01-1965;F;31
1371;49;22-10-1948;F;48
1372;28;07-12-1976;F;20
1373;74;08-02-1975;F;21
1375;69;27-01-1977;M;19
1376;18;03-09-1958;M;38
1377;18;23-07-1951;F;45
1378;74;25-11-1941;F;55
1379;74;18-02-1937;M;59
1380;44;29-07-1953;F;43
1382;18;23-11-1979;F;17
1383;29;05-10-1982;M;14
1384;40;24-04-1953;F;43
1385;22;30-08-1953;M;43
1386;22;09-08-1956;F;40
1387;1;22-02-1977;F;19
1388;5;06-09-1962;F;34
1389;43;04-03-1927;F;69
1390;59;27-05-1979;F;17
1391;41;22-11-1965;M;31
1392;50;06-02-1932;M;64
1393;50;01-05-1934;F;62
1394;49;22-08-1942;F;54
1395;49;18-10-1941;M;55
1396;39;14-03-1946;F;50
1397;66;25-12-1921;F;75
1401;35;24-07-1981;M;15
1402;44;25-11-1936;M;60
1403;44;02-01-1944;F;52
1404;11;20-12-1968;F;28
1406;29;12-11-1948;F;48
1407;29;04-08-1941;M;55
1408;49;07-08-1969;M;27
1409;25;30-04-1951;M;45
1410;18;03-02-1944;M;52
1411;18;06-08-1939;F;57
1412;6;05-11-1979;M;17
1413;11;16-07-1969;F;27
1414;70;13-11-1974;F;22
1416;19;02-12-1927;M;69
1417;27;12-11-1966;F;30
1418;41;16-06-1974;F;22
1419;74;25-01-1918;F;78
1420;74;20-01-1916;M;80
1421;20;10-02-1956;F;40
1422;69;23-02-1976;F;20
1423;69;11-04-1982;M;14
1424;8;05-01-1952;M;44
1425;12;27-08-1968;M;28
1426;12;30-04-1964;F;32
1427;14;16-12-1965;F;31
1428;12;23-04-1920;M;76
1429;12;04-09-1927;F;69
1430;64;29-05-1982;F;14
1431;55;08-11-1930;F;66
1432;16;17-08-1961;F;35
1433;72;10-07-1959;F;37
1434;72;25-03-1967;M;29
1435;52;25-06-1953;M;43
1438;29;25-10-1963;F;33
1439;29;10-09-1974;M;22
1440;1;17-01-1978;M;18
1441;42;05-12-1931;F;65
1442;42;18-04-1933;M;63
1443;29;25-01-1935;M;61
1444;29;14-07-1942;F;54
1445;68;24-07-1941;M;55
1446;70;29-07-1954;M;42
1447;70;21-06-1952;F;44
1448;50;09-10-1957;F;39
1449;41;29-06-1949;M;47
1450;61;17-03-1969;F;27
1452;72;28-05-1940;F;56
1453;29;29-03-1966;F;30
1454;73;03-10-1925;M;71
1455;73;02-09-1927;F;69
1456;70;24-04-1928;M;68
1457;70;12-10-1934;F;62
1458;67;08-04-1938;M;58
1459;4;08-09-1976;M;20
1460;23;13-03-1933;F;63
1461;28;21-12-1969;M;27
1462;49;02-03-1941;M;55
1463;70;26-01-1936;F;60
1464;36;01-04-1928;F;68
1465;36;06-01-1931;M;65
1466;39;22-08-1953;M;43
1467;65;30-09-1924;M;72
1468;77;16-04-1940;F;56
1469;54;14-09-1966;F;30
1470;1;04-05-1942;M;54
1471;1;15-09-1938;F;58
1472;1;10-09-1967;F;29
1473;1;06-12-1931;F;65
1474;45;15-12-1971;F;25
1475;19;31-03-1932;M;64
1476;70;30-11-1970;M;26
1478;4;21-08-1969;M;27
1479;1;22-06-1956;M;40
1480;69;28-05-1943;M;53
1481;62;23-11-1933;F;63
1482;46;28-03-1950;F;46
1483;1;10-05-1951;F;45
1484;1;18-06-1952;M;44
1485;7;14-05-1978;M;18
1486;7;13-09-1974;F;22
1487;48;27-08-1976;F;20
1488;31;09-01-1961;M;35
1489;6;24-01-1928;M;68
1490;42;20-04-1928;M;68
1491;19;21-04-1982;M;14
1492;9;09-05-1968;F;28
1493;1;29-12-1922;M;74
1494;1;22-03-1915;F;81
1495;1;10-02-1931;F;65
1496;1;08-06-1942;F;54
1497;53;03-08-1948;F;48
1498;53;09-02-1941;M;55
1499;74;29-11-1951;F;45
1500;1;12-12-1981;M;15
1501;68;22-01-1946;M;50
1502;68;24-01-1973;M;23
1503;58;01-09-1922;M;74
1504;58;16-01-1918;F;78
1505;65;25-06-1971;F;25
1506;22;25-06-1931;M;65
1507;22;22-11-1929;F;67
1508;67;30-06-1954;F;42
1509;62;19-04-1942;F;54
1510;34;30-01-1948;F;48
1511;13;06-03-1962;F;34
1512;5;11-08-1942;F;54
1513;74;21-08-1959;M;37
1514;68;02-08-1957;M;39
1516;38;17-10-1946;F;50
1517;66;02-10-1956;M;40
1518;3;28-07-1960;F;36
1519;3;06-07-1959;M;37
1520;72;05-11-1956;M;40
1521;5;10-10-1979;M;17
1522;52;14-05-1968;F;28
1523;29;30-08-1931;F;65
1524;30;13-01-1962;F;34
1525;1;09-03-1943;M;53
1526;1;15-03-1935;F;61
1527;49;18-12-1934;M;62
1528;57;20-03-1964;M;32
1529;43;20-06-1972;F;24
1530;74;06-08-1945;F;51
1531;52;28-06-1960;F;36
1532;52;30-10-1962;M;34
1533;55;22-12-1960;M;36
1534;17;22-12-1952;F;44
1535;40;28-10-1936;M;60
1536;37;13-10-1967;F;29
1537;54;07-12-1979;M;17
1539;32;19-11-1923;M;73
1540;36;07-11-1937;M;59
1541;36;06-03-1933;F;63
1542;31;08-12-1919;M;77
1543;31;02-06-1927;F;69
1546;28;13-04-1930;M;66
1547;28;20-12-1927;F;69
1548;70;04-03-1923;M;73
1549;70;14-11-1928;F;68
1550;8;21-11-1946;F;50
1554;55;15-12-1944;M;52
1555;30;14-09-1950;M;46
1556;66;02-04-1950;M;46
1557;35;14-12-1959;F;37
1558;11;25-01-1927;F;69
1559;72;20-10-1940;M;56
1561;1;16-09-1923;F;73
1562;1;14-08-1919;M;77
1563;3;06-08-1978;M;18
1564;40;25-06-1947;F;49
1565;71;19-05-1960;M;36
1566;15;20-10-1966;F;30
1567;50;19-04-1930;M;66
1568;50;29-06-1927;F;69
1569;54;17-07-1956;F;40
1570;54;17-06-1958;M;38
1571;7;15-10-1967;F;29
1572;1;12-12-1963;F;33
1574;18;18-02-1979;M;17
1575;55;06-10-1923;F;73
1576;55;02-05-1919;M;77
1577;23;19-04-1944;M;52
1578;40;15-08-1971;F;25
1579;27;13-10-1963;M;33
1580;1;18-06-1968;F;28
1581;56;15-04-1963;F;33
1582;54;14-02-1934;M;62
1583;1;08-01-1972;F;24
1584;1;29-01-1962;F;34
1585;60;20-07-1935;M;61
1586;60;12-01-1934;F;62
1587;23;05-05-1928;M;68
1588;45;29-10-1950;M;46
1589;48;27-11-1951;F;45
1590;13;10-08-1940;F;56
1591;42;07-07-1953;F;43
1592;56;11-04-1928;M;68
1593;56;31-05-1925;F;71
1594;56;29-09-1939;M;57
1595;56;16-12-1954;F;42
1596;58;22-10-1978;F;18
1597;60;10-05-1956;M;40
1598;67;25-04-1925;M;71
1599;43;08-10-1964;M;32
1600;43;15-06-1965;F;31
1601;42;29-03-1969;F;27
1602;42;30-12-1968;M;28
1603;26;27-08-1968;M;28
1604;26;21-07-1969;F;27
1605;52;21-09-1980;F;16
1606;65;02-09-1982;M;14
1607;8;26-05-1941;F;55
1608;53;11-11-1941;M;55
1609;53;30-05-1944;F;52
1610;68;23-04-1942;F;54
1611;59;02-12-1963;F;33
1612;59;30-06-1959;M;37
1613;50;15-01-1961;M;35
1614;21;18-05-1938;M;58
1615;74;28-04-1952;F;44
1616;54;23-05-1938;M;58
1617;5;30-04-1950;F;46
1618;17;07-12-1979;F;17
1619;74;27-01-1942;F;54
1620;74;15-05-1936;M;60
1621;76;05-04-1952;F;44
1622;52;12-10-1950;M;46
1623;36;09-07-1963;M;33
1624;9;10-09-1965;M;31
1625;9;12-07-1973;F;23
1628;12;25-03-1957;F;39
1629;28;01-09-1966;M;30
1630;28;19-02-1964;F;32
1631;74;30-04-1976;M;20
1632;8;20-02-1943;F;53
1633;55;28-08-1972;F;24
1634;55;10-11-1969;M;27
1635;75;02-09-1930;F;66
1636;75;12-09-1932;M;64
1637;21;20-10-1943;M;53
1638;40;30-01-1954;F;42
1639;1;01-05-1959;F;37
1640;51;13-06-1953;F;43
1641;31;28-01-1923;F;73
1642;1;10-10-1959;F;37
1643;39;17-04-1976;F;20
1644;56;06-06-1976;M;20
1645;39;10-03-1961;F;35
1646;8;17-03-1966;M;30
1647;71;26-03-1978;F;18
1648;46;12-03-1952;M;44
1649;46;16-03-1950;F;46
1650;1;29-03-1953;M;43
1651;11;10-07-1966;F;30
1653;42;19-06-1944;M;52
1654;60;08-12-1963;M;33
1655;74;04-02-1972;M;24
1656;22;18-06-1968;F;28
1657;32;02-10-1935;M;61
1658;52;21-08-1929;F;67
1659;1;15-12-1937;F;59
1660;1;11-12-1982;F;14
1661;47;16-04-1953;F;43
1662;53;07-09-1967;M;29
1663;19;29-04-1957;M;39
1664;64;10-11-1918;F;78
1665;64;02-03-1912;M;84
1666;1;31-08-1941;M;55
1667;1;13-08-1940;F;56
1668;20;17-08-1949;F;47
1669;47;25-10-1952;M;44
1670;53;07-05-1961;M;35
1671;57;15-09-1931;F;65
1672;57;07-01-1928;M;68
1673;48;09-07-1972;M;24
1674;11;27-10-1920;F;76
1675;74;15-02-1940;M;56
1676;53;03-02-1953;M;43
1677;53;07-09-1946;F;50
1679;67;17-04-1942;F;54
1680;29;28-03-1975;F;21
1681;34;25-11-1940;M;56
1682;69;07-09-1956;M;40
1683;15;24-12-1951;F;45
1684;15;25-10-1946;M;50
1685;61;21-04-1944;F;52
1686;1;08-11-1947;F;49
1687;1;27-02-1947;M;49
1688;32;10-08-1923;M;73
1689;1;04-12-1936;M;60
1690;46;17-08-1947;F;49
1691;21;08-02-1978;F;18
1692;62;07-02-1972;M;24
1693;45;06-07-1980;F;16
1694;45;27-12-1979;M;17
1696;1;21-03-1923;F;73
1697;55;10-01-1964;F;32
1698;55;21-11-1967;M;29
1699;17;11-03-1955;M;41
1700;7;09-03-1949;M;47
1701;7;11-06-1945;F;51
1702;53;07-04-1973;F;23
1703;50;11-01-1918;M;78
1704;50;03-10-1914;F;82
1705;19;01-07-1946;F;50
1706;19;19-07-1944;M;52
1707;10;18-02-1951;M;45
1709;74;13-12-1952;F;44
1710;54;11-02-1944;M;52
1711;64;14-06-1962;F;34
1712;64;01-01-1964;M;32
1713;65;21-04-1935;M;61
1714;58;22-05-1945;M;51
1717;73;07-03-1979;F;17
1718;75;27-07-1938;M;58
1719;35;09-08-1970;M;26
1720;33;24-02-1934;F;62
1721;33;02-07-1934;M;62
1722;68;01-10-1933;M;63
1723;71;28-02-1981;F;15
1724;68;21-10-1934;F;62
1725;76;18-01-1959;F;37
1726;76;03-06-1952;M;44
1727;32;21-01-1951;M;45
1728;32;18-08-1946;F;50
1729;76;16-05-1947;M;49
1730;40;15-12-1932;M;64
1731;17;30-11-1968;F;28
1733;57;20-07-1974;F;22
1734;26;10-11-1975;M;21
1735;26;31-05-1976;F;20
1736;41;17-04-1979;F;17
1737;27;30-07-1955;M;41
1738;27;25-01-1963;F;33
1741;70;02-07-1932;M;64
1742;1;06-06-1954;M;42
1743;3;27-07-1959;M;37
1744;50;28-12-1969;F;27
1745;23;18-10-1959;F;37
1746;11;10-09-1959;F;37
1747;11;20-02-1956;M;40
1748;64;31-12-1976;M;20
1749;50;17-11-1928;F;68
1750;23;31-12-1964;M;32
1751;54;24-01-1959;M;37
1752;70;23-11-1978;M;18
1753;60;26-02-1979;F;17
1754;57;29-05-1979;M;17
1755;65;18-08-1965;F;31
1756;1;08-07-1936;M;60
1757;1;30-09-1937;F;59
1758;35;13-11-1947;M;49
1759;63;16-01-1923;F;73
1760;77;07-03-1923;M;73
1761;45;23-04-1948;M;48
1762;61;30-12-1956;M;40
1763;46;07-12-1967;M;29
1764;66;09-07-1971;M;25
1765;9;03-08-1975;M;21
1768;29;27-04-1951;M;45
1769;12;05-08-1949;M;47
1770;12;15-10-1951;F;45
1771;54;20-10-1927;F;69
1772;73;21-09-1979;F;17
1774;32;05-10-1971;F;25
1775;73;08-12-1943;M;53
1776;30;24-10-1954;F;42
1777;69;08-01-1963;F;33
1778;69;02-09-1968;M;28
1779;37;26-11-1935;M;61
1780;54;09-12-1954;F;42
1781;67;16-08-1924;M;72
1782;19;24-12-1948;M;48
1783;1;05-10-1946;F;50
1784;2;02-11-1980;F;16
1785;39;25-11-1975;M;21
1786;63;25-06-1934;F;62
1787;63;28-11-1931;M;65
1788;1;23-03-1950;M;46
1789;61;07-08-1933;F;63
1790;1;28-05-1953;M;43
1791;5;12-05-1966;F;30
1792;54;01-09-1975;M;21
1793;41;17-03-1945;F;51
1794;54;30-03-1940;F;56
1795;38;28-02-1960;F;36
1796;10;23-11-1938;M;58
1797;10;04-11-1941;F;55
1798;70;08-07-1933;M;63
1799;36;26-06-1959;M;37
1800;63;28-09-1943;F;53
1801;66;01-01-1970;M;26
1802;66;16-10-1964;F;32
1803;25;12-05-1946;F;50
1806;5;03-01-1952;M;44
1807;47;30-06-1935;M;61
1808;47;26-06-1933;F;63
1809;24;12-05-1931;M;65
1810;41;30-06-1919;M;77
1811;1;29-03-1939;M;57
1812;36;17-05-1947;F;49
1813;36;28-09-1949;M;47
1814;57;12-03-1940;M;56
1815;16;24-02-1977;F;19
1816;62;24-07-1951;M;45
1817;47;06-12-1953;F;43
1818;47;02-10-1956;M;40
1819;43;20-04-1979;F;17
1820;50;20-11-1928;F;68
1821;1;24-04-1941;M;55
1822;71;13-09-1922;F;74
1823;1;07-08-1978;F;18
1824;69;03-08-1960;M;36
1825;51;24-04-1974;F;22
1826;13;12-09-1937;M;59
1827;13;16-08-1941;F;55
1828;69;14-11-1962;M;34
1829;51;16-08-1942;F;54
1830;33;03-02-1952;M;44
1831;51;09-10-1976;M;20
1832;1;31-07-1966;F;30
1833;30;15-11-1966;M;30
1834;7;19-02-1927;M;69
1835;7;11-03-1928;F;68
1836;36;07-03-1944;F;52
1837;67;13-01-1957;M;39
1838;67;27-11-1959;F;37
1839;5;18-12-1936;F;60
1840;5;28-10-1935;M;61
1841;67;23-03-1953;F;43
1842;9;13-09-1943;M;53
1843;48;25-01-1939;F;57
1844;74;03-02-1922;F;74
1845;74;14-11-1918;M;78
1846;48;12-12-1980;M;16
1847;52;30-01-1979;F;17
1848;6;02-07-1924;F;72
1849;57;24-09-1922;F;74
1850;52;05-07-1942;F;54
1851;31;12-09-1975;F;21
1852;50;05-09-1962;M;34
1853;1;18-08-1965;M;31
1854;70;27-05-1932;F;64
1856;54;22-08-1968;F;28
1857;54;16-03-1964;M;32
1860;1;31-10-1964;F;32
1861;29;15-07-1957;M;39
1862;50;09-10-1977;F;19
1863;54;16-02-1952;M;44
1864;22;14-03-1948;M;48
1865;22;09-06-1949;F;47
1866;64;11-06-1942;F;54
1867;1;24-09-1944;F;52
1868;60;16-02-1980;M;16
1869;1;14-02-1933;F;63
1870;1;29-04-1935;M;61
1871;1;20-02-1980;F;16
1872;52;24-01-1963;F;33
1873;52;26-10-1968;M;28
1874;1;20-10-1946;M;50
1875;15;19-10-1976;M;20
1876;1;01-07-1951;M;45
1877;47;21-08-1957;F;39
1878;47;02-09-1963;M;33
1879;21;02-04-1944;F;52
1880;1;08-08-1974;M;22
1881;72;24-01-1934;M;62
1882;72;24-05-1932;F;64
1883;18;27-10-1961;F;35
1884;59;26-01-1976;F;20
1885;47;07-01-1970;F;26
1886;34;07-04-1920;M;76
1887;54;15-07-1926;M;70
1888;66;24-09-1918;F;78
1889;32;28-07-1957;F;39
1890;14;14-08-1955;F;41
1891;62;04-03-1959;F;37
1892;66;26-03-1928;M;68
1893;66;11-02-1934;F;62
1894;1;05-11-1947;F;49
1895;47;03-11-1965;F;31
1896;48;08-02-1982;M;14
1897;36;07-03-1969;F;27
1898;73;01-08-1961;M;35
1899;10;03-07-1941;M;55
1900;23;22-11-1965;M;31
1901;23;07-11-1962;F;34
1903;1;30-08-1939;F;57
1904;66;22-02-1941;M;55
1905;72;18-05-1949;F;47
1906;63;07-07-1922;M;74
1907;75;08-09-1928;F;68
1908;33;17-01-1920;M;76
1909;35;16-03-1944;F;52
1910;67;08-11-1946;M;50
1911;48;21-04-1938;F;58
1912;57;26-02-1972;M;24
1913;69;15-04-1968;M;28
1914;39;20-06-1942;F;54
1915;39;09-09-1939;M;57
1916;28;19-07-1926;M;70
1917;69;13-03-1969;F;27
1919;30;04-05-1949;M;47
1920;42;07-08-1975;M;21
1921;1;26-10-1946;F;50
1922;1;03-04-1949;M;47
1923;1;07-05-1958;F;38
1924;67;29-05-1938;M;58
1925;37;23-06-1938;M;58
1926;37;08-02-1935;F;61
1927;77;26-04-1952;M;44
1928;77;14-08-1952;F;44
1929;65;15-08-1955;F;41
1930;38;21-02-1934;F;62
1931;16;14-11-1942;F;54
1932;15;21-01-1940;F;56
1934;70;21-11-1933;F;63
1935;68;12-05-1929;F;67
1936;15;16-10-1955;F;41
1937;15;27-03-1960;M;36
1938;57;30-09-1939;F;57
1939;1;14-08-1925;M;71
1940;1;22-01-1923;F;73
1941;10;12-07-1921;F;75
1942;10;10-05-1915;M;81
1943;39;11-02-1926;M;70
1944;31;22-01-1957;F;39
1945;54;03-06-1954;M;42
1946;72;19-07-1935;M;61
1947;23;08-02-1981;M;15
1948;71;19-02-1939;F;57
1949;71;23-06-1942;M;54
1950;26;06-07-1929;M;67
1951;41;29-04-1971;M;25
1952;52;09-03-1971;F;25
1953;52;22-09-1965;M;31
1954;69;28-07-1952;M;44
1955;66;28-10-1971;F;25
1956;1;09-07-1925;F;71
1957;63;04-03-1972;M;24
1958;63;21-11-1977;F;19
1959;1;26-12-1920;M;76
1960;22;23-08-1946;M;50
1961;31;04-06-1920;F;76
1962;6;18-11-1950;M;46
1963;38;12-06-1945;M;51
1964;17;05-08-1931;M;65
1965;75;10-08-1939;M;57
1966;19;01-07-1948;F;48
1967;1;15-11-1963;F;33
1968;1;13-08-1960;M;36
1969;53;26-08-1926;F;70
1970;1;05-11-1947;F;49
1971;3;14-03-1969;F;27
1972;1;29-04-1946;F;50
1973;60;13-09-1931;F;65
1974;10;14-07-1918;M;78
1975;10;27-09-1915;F;81
1976;72;12-10-1918;M;78
1977;10;25-10-1935;F;61
1978;18;22-05-1952;F;44
1979;51;19-03-1926;F;70
1980;77;30-04-1959;M;37
1981;19;22-09-1970;F;26
1982;53;08-07-1977;M;19
1983;53;05-02-1982;F;14
1984;1;29-08-1926;M;70
1985;6;13-12-1937;M;59
1986;6;13-08-1942;F;54
1988;13;04-05-1952;M;44
1989;50;13-01-1939;F;57
1990;50;25-11-1943;M;53
1991;64;09-11-1918;M;78
1993;1;21-06-1975;M;21
1994;1;06-07-1967;F;29
1995;50;10-04-1941;F;55
1996;1;20-03-1937;M;59
1997;1;09-11-1977;F;19
1998;40;15-12-1978;F;18
1999;74;10-02-1982;F;14
2000;39;09-05-1942;F;54
2001;34;05-08-1977;F;19
2002;70;26-11-1918;F;78
2003;70;15-06-1921;M;75
2004;1;03-02-1974;F;22
2005;30;03-10-1979;M;17
2006;41;22-08-1962;F;34
2007;41;13-09-1958;M;38
2008;47;07-06-1940;M;56
2009;12;16-01-1936;M;60
2010;37;12-08-1952;M;44
2011;46;18-11-1925;F;71
2012;46;27-06-1923;M;73
2013;1;10-07-1940;F;56
2015;1;15-11-1968;F;28
2016;55;09-10-1934;M;62
2017;55;23-01-1931;F;65
2018;56;25-08-1945;F;51
2019;73;28-09-1932;M;64
2020;73;20-12-1925;F;71
2021;67;08-12-1919;M;77
2022;56;12-11-1939;M;57
2023;56;02-09-1931;F;65
2024;62;15-04-1934;M;62
2025;39;31-12-1941;M;55
2026;39;03-12-1934;F;62
2027;12;22-01-1930;M;66
2028;12;17-10-1924;F;72
2029;5;19-09-1923;F;73
2030;5;04-08-1980;F;16
2031;54;15-12-1926;M;70
2032;1;21-03-1943;M;53
2033;1;02-07-1937;F;59
2034;13;12-06-1926;M;70
2035;13;27-07-1928;F;68
2037;69;26-08-1948;F;48
2038;1;29-03-1980;F;16
2039;68;20-01-1969;F;27
2040;59;07-08-1944;M;52
2041;68;11-08-1956;M;40
2042;49;04-07-1982;M;14
2043;77;15-09-1954;F;42
2044;32;18-09-1961;F;35
2045;28;22-08-1956;M;40
2046;28;26-08-1952;F;44
2047;11;25-07-1943;F;53
2048;23;03-06-1928;F;68
2049;70;20-02-1927;M;69
2050;70;23-05-1932;F;64
2051;74;07-12-1918;F;78
2052;74;19-05-1914;M;82
2053;16;07-02-1918;M;78
2054;48;06-12-1948;M;48
2055;56;31-08-1976;F;20
2056;1;09-12-1978;M;18
2057;6;02-01-1976;F;20
2058;76;02-03-1971;M;25
2059;43;30-06-1972;M;24
2060;43;04-06-1971;F;25
2061;63;27-07-1953;M;43
2062;63;22-05-1954;F;42
2063;68;26-09-1950;F;46
2064;53;30-07-1926;M;70
2065;64;20-08-1978;M;18
2066;1;27-10-1972;M;24
2067;56;20-10-1979;M;17
2068;72;24-05-1930;F;66
2069;70;01-01-1923;F;73
2070;70;23-07-1972;F;24
2071;1;19-12-1973;M;23
2072;75;09-02-1944;F;52
2073;22;08-02-1956;M;40
2074;24;16-09-1961;F;35
2075;74;29-01-1922;M;74
2076;63;07-02-1957;F;39
2077;44;01-03-1930;F;66
2078;10;03-08-1978;F;18
2079;72;29-05-1925;F;71
2080;60;26-12-1963;M;33
2081;46;06-11-1972;F;24
2082;67;04-02-1933;M;63
2083;71;12-03-1943;M;53
2084;1;16-02-1929;F;67
2085;1;28-11-1928;M;68
2086;35;29-10-1954;F;42
2087;68;29-09-1977;M;19
2088;32;26-08-1948;F;48
2089;70;09-06-1967;F;29
2090;70;07-10-1970;M;26
2091;48;17-01-1928;F;68
2092;72;21-03-1945;M;51
2093;48;24-06-1970;M;26
2094;48;06-09-1975;F;21
2095;9;30-04-1974;M;22
2096;74;06-09-1974;F;22
2097;53;11-11-1936;M;60
2098;53;28-05-1939;F;57
2099;1;16-01-1918;M;78
2100;33;29-09-1931;F;65
2101;33;24-06-1935;M;61
2102;51;27-05-1941;M;55
2103;18;04-02-1944;F;52
2104;37;08-01-1948;M;48
2105;42;18-07-1947;F;49
2106;74;21-03-1921;F;75
2107;74;18-04-1923;M;73
2108;77;21-04-1945;F;51
2109;15;14-05-1950;F;46
2110;3;03-11-1967;F;29
2111;57;29-05-1924;F;72
2112;21;15-09-1927;M;69
2113;68;04-04-1937;M;59
2114;51;21-08-1918;M;78
2115;51;01-03-1914;F;82
2116;76;14-06-1930;M;66
2117;53;28-02-1945;M;51
2118;1;12-11-1970;M;26
2119;30;18-05-1960;F;36
2121;64;25-09-1979;M;17
2122;1;17-07-1970;F;26
2123;53;17-05-1982;M;14
2124;68;14-01-1949;F;47
2125;71;12-04-1975;M;21
2126;52;28-03-1975;F;21
2128;38;13-08-1955;F;41
2129;75;07-12-1962;M;34
2130;21;29-10-1945;F;51
2131;39;11-02-1975;F;21
2132;39;06-02-1969;M;27
2133;53;28-11-1921;F;75
2134;53;14-12-1917;M;79
2135;24;08-08-1940;F;56
2136;28;24-07-1940;F;56
2137;73;09-11-1962;F;34
2138;68;19-12-1980;M;16
2139;18;06-03-1932;F;64
2140;18;18-10-1926;M;70
2141;28;06-09-1951;M;45
2142;21;20-12-1941;F;55
2143;21;12-11-1948;M;48
2144;15;28-01-1960;F;36
2145;39;24-12-1968;F;28
2146;65;04-01-1973;M;23
2147;69;14-08-1963;F;33
2148;31;20-07-1953;F;43
2149;33;09-04-1923;F;73
2150;61;17-04-1941;M;55
2151;61;30-12-1945;F;51
2152;17;07-09-1929;F;67
2153;36;16-05-1949;F;47
2154;60;28-11-1957;F;39
2155;15;10-06-1958;M;38
2156;33;27-12-1966;F;30
2157;11;17-11-1945;M;51
2158;10;06-05-1981;M;15
2159;74;23-01-1930;F;66
2160;70;31-05-1945;M;51
2161;1;06-03-1920;F;76
2162;1;12-09-1913;M;83
2163;52;08-04-1918;M;78
2164;47;29-10-1941;M;55
2165;47;02-03-1945;F;51
2166;30;22-07-1947;F;49
2167;1;13-12-1981;M;15
2168;46;12-07-1963;F;33
2169;46;01-01-1971;M;25
2170;70;30-04-1942;M;54
2171;1;28-11-1958;M;38
2172;7;21-08-1929;F;67
2173;56;17-12-1951;F;45
2174;74;08-08-1952;F;44
2175;53;03-01-1942;F;54
2176;18;16-07-1946;M;50
2177;24;30-05-1942;F;54
2178;46;09-08-1939;M;57
2179;9;27-10-1939;F;57
2180;51;17-10-1972;F;24
2181;46;22-07-1968;M;28
2182;75;01-12-1929;F;67
2183;75;21-08-1931;M;65
2184;24;07-07-1970;M;26
2185;20;20-06-1957;F;39
2186;48;26-07-1942;F;54
2187;40;12-03-1933;M;63
2188;40;25-08-1925;F;71
2189;21;15-11-1962;F;34
2190;28;22-10-1974;M;22
2191;28;04-08-1979;F;17
2192;1;12-04-1956;F;40
2193;1;26-07-1952;M;44
2194;50;22-08-1961;F;35
2195;68;13-09-1942;F;54
2196;31;16-02-1955;F;41
2197;47;10-12-1962;F;34
2198;17;22-02-1920;F;76
2199;17;09-12-1911;M;85
2200;66;31-07-1953;M;43
2201;44;23-02-1929;M;67
2202;44;17-08-1928;F;68
2203;10;01-10-1939;M;57
2204;54;19-08-1946;F;50
2205;55;12-12-1952;M;44
2206;10;04-06-1964;F;32
2207;70;17-02-1961;F;35
2208;70;09-01-1959;M;37
2209;30;13-06-1927;F;69
2210;30;23-04-1933;M;63
2211;3;24-02-1920;F;76
2212;52;27-05-1972;M;24
2213;3;07-11-1968;M;28
2214;5;07-11-1946;M;50
2215;10;29-01-1925;M;71
2216;1;04-07-1972;F;24
2217;1;20-02-1974;M;22
2218;43;08-11-1968;M;28
2219;43;28-11-1964;F;32
2220;20;17-02-1952;F;44
2221;20;15-03-1945;M;51
2222;1;03-08-1934;F;62
2223;70;24-05-1943;F;53
2224;54;04-10-1932;M;64
2225;4;06-11-1960;F;36
2226;74;09-10-1964;F;32
2227;42;25-07-1975;M;21
2228;43;20-03-1940;F;56
2229;68;07-09-1944;M;52
2230;5;31-05-1969;M;27
2231;21;13-10-1971;F;25
2232;36;27-05-1967;M;29
2233;36;24-12-1964;F;32
2235;14;20-04-1940;F;56
2236;44;27-06-1978;F;18
2237;47;03-10-1958;M;38
2238;47;19-02-1954;F;42
2239;6;09-01-1976;F;20
2240;47;12-03-1932;F;64
2241;47;30-12-1926;M;70
2242;1;05-06-1976;F;20
2243;1;04-07-1980;M;16
2246;55;01-08-1953;F;43
2247;35;13-01-1978;F;18
2248;7;24-10-1975;M;21
2249;32;07-12-1945;F;51
2250;34;08-12-1938;F;58
2251;26;13-10-1971;F;25
2252;37;15-11-1965;M;31
2253;37;09-09-1957;F;39
2254;72;09-12-1927;F;69
2255;50;24-08-1923;F;73
2256;70;05-06-1974;M;22
2257;62;31-08-1979;F;17
2258;62;03-11-1979;M;17
2259;19;02-01-1950;F;46
2260;62;22-04-1962;F;34
2261;62;13-11-1956;M;40
2263;1;17-08-1934;M;62
2264;4;08-05-1943;M;53
2265;52;18-09-1977;M;19
2266;16;23-01-1939;M;57
2267;1;10-04-1966;F;30
2268;10;26-12-1938;M;58
2269;48;10-11-1963;F;33
2270;61;21-04-1960;F;36
2271;61;07-11-1964;M;32
2274;9;14-10-1964;M;32
2275;9;24-07-1965;F;31
2276;44;27-04-1932;F;64
2277;1;25-03-1979;M;17
2278;76;01-07-1921;M;75
2279;52;06-11-1953;M;43
2280;10;24-04-1974;F;22
2281;76;06-06-1978;F;18
2282;60;11-03-1973;M;23
2283;1;09-08-1961;M;35
2286;54;26-11-1966;F;30
2287;47;21-10-1979;M;17
2288;32;23-08-1957;F;39
2289;32;21-08-1954;M;42
2290;31;30-05-1954;F;42
2291;6;19-09-1957;M;39
2292;59;10-11-1921;M;75
2293;1;22-11-1969;M;27
2294;32;27-12-1952;F;44
2295;22;28-02-1939;F;57
2296;22;13-06-1942;M;54
2297;48;18-01-1965;M;31
2298;48;15-05-1969;F;27
2299;6;20-02-1940;F;56
2300;35;07-07-1961;F;35
2301;35;19-12-1960;M;36
2302;74;26-01-1957;M;39
2303;61;01-04-1939;F;57
2304;61;11-02-1939;M;57
2305;70;10-06-1949;F;47
2306;70;21-08-1943;M;53
2307;26;06-09-1923;M;73
2308;27;31-10-1974;F;22
2309;15;13-05-1976;F;20
2310;40;23-07-1939;M;57
2311;40;01-10-1935;F;61
2312;11;15-02-1975;F;21
2313;70;29-10-1980;M;16
2314;34;16-12-1959;F;37
2315;34;08-10-1963;M;33
2316;1;25-03-1970;M;26
2317;1;22-02-1976;M;20
2318;20;19-09-1923;F;73
2319;40;16-05-1970;F;26
2320;60;23-05-1951;M;45
2321;68;12-01-1968;F;28
2322;15;11-06-1928;M;68
2323;48;29-06-1942;F;54
2324;27;16-07-1978;M;18
2325;2;03-02-1955;F;41
2326;72;14-12-1945;F;51
2327;73;27-10-1919;M;77
2328;24;02-10-1968;M;28
2329;18;02-01-1973;M;23
2330;40;17-11-1948;F;48
2331;42;31-05-1957;F;39
2332;60;22-12-1949;F;47
2333;60;12-10-1949;M;47
2335;66;28-03-1934;F;62
2336;12;17-07-1922;M;74
2337;12;09-04-1917;F;79
2338;58;25-07-1957;F;39
2339;58;06-12-1956;M;40
2340;42;02-05-1953;M;43
2341;42;13-07-1947;F;49
2342;70;18-12-1948;M;48
2343;1;18-03-1959;M;37
2344;3;27-04-1924;F;72
2345;33;19-07-1942;M;54
2346;33;25-10-1947;F;49
2347;35;17-12-1943;F;53
2348;35;24-04-1933;M;63
2349;46;10-07-1968;F;28
2350;46;09-06-1967;M;29
2351;38;17-04-1965;M;31
2352;70;29-09-1977;F;19
2353;4;17-09-1929;F;67
2354;1;21-12-1967;M;29
2355;6;30-06-1948;F;48
2356;52;10-07-1930;M;66
2357;52;10-01-1937;F;59
2358;74;16-10-1946;F;50
2359;74;01-07-1953;M;43
2361;9;24-09-1968;M;28
2362;9;02-09-1974;F;22
2363;43;18-06-1947;M;49
2364;56;26-04-1971;F;25
2365;46;26-06-1953;F;43
2366;35;01-01-1930;M;66
2367;35;05-04-1931;F;65
2368;64;22-12-1943;F;53
2369;64;19-12-1940;M;56
2370;41;21-08-1956;F;40
2371;70;07-02-1956;F;40
2372;23;09-04-1971;F;25
2373;15;19-01-1954;M;42
2374;9;27-07-1968;M;28
2375;72;25-07-1965;F;31
2376;72;19-08-1964;M;32
2377;49;17-11-1950;M;46
2378;63;13-03-1953;F;43
2379;33;19-06-1964;F;32
2380;40;17-08-1927;M;69
2381;40;11-10-1931;F;65
2382;62;25-10-1927;F;69
2383;31;01-01-1947;F;49
2384;31;17-12-1946;M;50
2385;13;05-05-1933;M;63
2386;13;10-03-1934;F;62
2387;77;16-07-1945;F;51
2388;42;29-07-1971;M;25
2389;25;20-07-1924;M;72
2390;57;13-05-1938;M;58
2391;1;24-01-1942;M;54
2392;26;21-05-1955;M;41
2393;16;23-08-1976;F;20
2394;5;04-06-1962;M;34
2395;8;11-03-1953;M;43
2396;41;29-08-1949;F;47
2397;46;14-07-1918;M;78
2398;71;25-08-1955;F;41
2399;42;02-05-1943;F;53
2400;19;10-04-1959;M;37
2401;26;26-01-1948;F;48
2402;41;26-10-1948;M;48
2403;1;25-01-1963;F;33
2404;27;05-07-1977;F;19
2405;27;21-08-1975;M;21
2406;49;06-10-1956;F;40
2407;51;27-08-1975;M;21
2408;6;28-04-1940;F;56
2409;54;27-05-1964;M;32
2410;73;08-02-1973;F;23
2411;73;17-08-1968;M;28
2412;20;26-10-1980;M;16
2413;46;09-08-1961;M;35
2414;54;13-07-1950;F;46
2415;54;24-04-1957;M;39
2416;72;23-12-1954;F;42
2417;48;21-06-1938;F;58
2418;1;27-12-1953;F;43
2419;1;23-06-1954;F;42
2420;48;06-06-1972;F;24
2421;48;10-11-1970;M;26
2422;68;09-06-1976;F;20
2423;42;09-07-1957;M;39
2424;54;10-11-1920;M;76
2425;6;18-07-1977;F;19
2426;74;09-06-1927;M;69
2427;74;30-11-1934;F;62
2428;1;27-06-1946;F;50
2429;70;22-11-1973;M;23
2430;5;28-10-1937;M;59
2431;75;10-10-1966;M;30
2432;27;08-03-1924;F;72
2433;32;19-06-1964;M;32
2434;42;24-05-1945;F;51
2435;16;18-10-1943;F;53
2436;25;06-08-1934;F;62
2437;45;27-12-1936;M;60
2438;52;19-09-1946;F;50
2439;52;26-11-1944;M;52
2440;17;09-09-1935;M;61
2441;1;06-10-1928;M;68
2442;1;08-07-1927;F;69
2443;75;23-05-1949;M;47
2444;4;26-08-1934;M;62
2445;54;26-02-1969;M;27
2447;68;07-10-1972;M;24
2448;68;01-07-1971;F;25
2449;1;28-12-1967;M;29
2450;54;17-05-1975;F;21
2451;42;06-12-1939;M;57
2452;64;07-06-1952;F;44
2453;13;13-01-1924;M;72
2454;69;04-09-1940;F;56
2455;72;04-11-1919;M;77
2456;72;04-12-1923;F;73
2457;68;17-08-1940;M;56
2458;68;09-08-1932;F;64
2459;20;22-07-1974;F;22
2460;19;05-01-1963;F;33
2461;64;02-04-1967;M;29
2462;19;06-06-1934;M;62
2463;7;17-12-1944;M;52
2464;30;01-09-1945;M;51
2465;51;17-10-1973;M;23
2467;36;16-05-1946;F;50
2468;71;18-03-1965;M;31
2469;54;10-09-1957;F;39
2470;53;14-06-1943;M;53
2471;53;05-01-1942;F;54
2472;70;29-03-1976;F;20
2473;20;17-10-1976;F;20
2474;42;06-04-1957;M;39
2475;44;02-02-1982;F;14
2476;75;16-02-1957;F;39
2477;75;14-06-1952;M;44
2478;48;24-05-1940;F;56
2479;31;31-03-1959;F;37
2480;46;08-12-1976;F;20
2481;6;22-06-1948;M;48
2482;34;07-01-1925;M;71
2483;34;30-12-1929;F;67
2484;68;21-12-1969;M;27
2485;20;15-05-1933;M;63
2486;76;05-10-1961;F;35
2487;67;25-09-1967;F;29
2488;9;22-09-1980;F;16
2489;64;28-01-1975;F;21
2490;61;26-03-1961;F;35
2491;5;20-03-1939;F;57
2492;5;13-12-1943;M;53
2493;1;09-10-1962;M;34
2494;37;06-01-1971;M;25
2495;58;14-12-1939;F;57
2496;1;07-07-1972;M;24
2497;34;06-04-1962;F;34
2498;37;12-03-1980;M;16
2499;13;04-08-1944;M;52
2500;24;20-08-1946;F;50
2501;70;04-12-1940;F;56
2502;1;13-03-1935;F;61
2503;54;23-09-1977;F;19
2504;61;09-01-1950;M;46
2505;25;30-04-1960;F;36
2506;76;27-09-1976;M;20
2507;37;26-08-1952;F;44
2508;72;07-08-1965;F;31
2509;72;06-02-1971;M;25
2510;72;10-06-1959;F;37
2511;35;27-03-1975;F;21
2512;35;27-07-1974;M;22
2513;41;08-05-1941;M;55
2514;59;11-02-1957;M;39
2515;12;03-06-1958;M;38
2516;33;05-01-1942;F;54
2517;18;09-09-1924;M;72
2518;18;07-05-1921;F;75
2519;29;06-08-1970;F;26
2520;62;30-07-1944;M;52
2521;55;30-03-1947;F;49
2522;74;08-09-1937;M;59
2523;74;02-12-1937;F;59
2524;36;31-07-1959;M;37
2525;36;10-07-1952;F;44
2526;1;26-07-1964;M;32
2527;44;31-07-1947;F;49
2528;25;16-02-1977;M;19
2529;70;22-06-1939;M;57
2530;8;11-02-1950;M;46
2531;5;24-01-1954;F;42
2532;29;09-05-1937;M;59
2533;40;17-07-1929;F;67
2534;1;10-01-1943;M;53
2535;1;10-01-1945;M;51
2536;64;22-10-1961;M;35
2537;73;10-10-1957;M;39
2538;56;23-02-1980;M;16
2539;32;21-01-1972;F;24
2540;46;26-06-1981;M;15
2542;3;19-12-1944;M;52
2543;3;27-08-1952;F;44
2545;9;28-09-1953;F;43
2546;41;03-12-1961;F;35
2547;48;29-10-1953;F;43
2548;48;06-10-1953;M;43
2549;70;05-05-1923;F;73
2550;1;12-10-1976;F;20
2551;70;11-08-1939;F;57
2552;74;24-01-1964;F;32
2553;34;24-11-1976;M;20
2554;64;20-09-1941;M;55
2555;42;23-09-1963;M;33
2556;44;10-02-1951;F;45
2557;7;18-02-1957;M;39
2558;30;18-01-1959;M;37
2559;8;31-03-1965;F;31
2560;70;20-06-1974;F;22
2561;48;26-07-1945;M;51
2562;42;01-11-1952;M;44
2563;74;08-09-1971;M;25
2565;64;22-05-1946;M;50
2566;29;25-03-1963;F;33
2567;64;30-05-1943;M;53
2568;64;11-06-1938;F;58
2569;69;01-04-1948;M;48
2570;69;19-06-1947;F;49
2571;43;25-04-1979;F;17
2572;1;08-10-1953;M;43
2573;1;10-03-1965;F;31
2574;29;22-04-1932;F;64
2576;46;16-05-1979;F;17
2577;70;07-01-1918;M;78
2578;76;08-07-1954;M;42
2579;11;02-01-1935;F;61
2580;11;07-03-1935;M;61
2581;52;19-11-1953;F;43
2582;51;15-12-1938;M;58
2583;75;17-06-1937;M;59
2584;4;15-12-1944;F;52
2585;75;28-08-1971;F;25
2586;8;14-05-1966;M;30
2587;8;03-01-1973;F;23
2588;33;19-05-1958;M;38
2589;21;17-02-1963;M;33
2590;42;19-10-1964;F;32
2591;42;27-02-1960;M;36
2592;1;31-08-1980;F;16
2593;1;10-06-1977;M;19
2594;55;31-07-1963;M;33
2596;31;08-10-1961;M;35
2597;28;06-08-1969;F;27
2598;28;25-10-1965;M;31
2599;1;09-01-1946;M;50
2600;7;17-04-1923;F;73
2601;37;25-07-1961;M;35
2602;37;20-08-1966;F;30
2603;38;03-11-1972;F;24
2604;22;11-07-1926;M;70
2605;22;17-04-1925;F;71
2606;31;04-01-1943;M;53
2607;63;27-03-1943;M;53
2608;58;15-09-1943;F;53
2609;1;09-05-1977;M;19
2610;1;03-05-1980;F;16
2611;77;09-11-1938;M;58
2612;38;03-02-1975;M;21
2613;1;26-10-1977;M;19
2614;72;14-03-1946;M;50
2615;64;26-08-1945;F;51
2616;50;07-07-1970;M;26
2617;50;26-06-1962;F;34
2618;17;14-08-1942;M;54
2619;63;09-07-1969;F;27
2620;63;18-07-1968;M;28
2621;51;09-05-1956;M;40
2622;71;07-06-1973;M;23
2623;16;16-07-1965;F;31
2625;57;07-10-1972;M;24
2626;1;14-02-1940;M;56
2628;1;05-11-1931;F;65
2629;1;03-12-1931;M;65
2630;64;20-08-1937;F;59
2631;18;21-05-1970;M;26
2632;18;25-02-1963;F;33
2633;1;12-07-1967;F;29
2635;67;10-12-1966;F;30
2636;28;24-10-1918;M;78
2637;64;06-06-1935;M;61
2638;1;07-01-1942;M;54
2639;45;04-03-1950;F;46
2640;45;29-01-1951;M;45
2642;22;04-09-1973;M;23
2643;54;07-01-1946;F;50
2644;6;23-03-1964;F;32
2645;67;22-04-1920;M;76
2646;63;07-06-1937;F;59
2647;9;26-03-1940;M;56
2648;9;10-10-1934;F;62
2650;75;05-03-1975;M;21
2651;75;27-11-1969;F;27
2652;41;09-05-1949;F;47
2653;1;25-01-1950;M;46
2654;59;08-10-1939;F;57
2655;44;12-08-1963;M;33
2656;54;15-09-1955;M;41
2657;73;09-07-1948;M;48
2658;11;21-01-1933;M;63
2659;46;24-05-1941;M;55
2661;1;17-10-1961;F;35
2662;1;29-08-1978;M;18
2663;8;01-10-1976;M;20
2666;47;06-07-1935;F;61
2667;9;01-01-1972;M;24
2668;9;09-02-1975;F;21
2669;51;08-05-1927;M;69
2670;45;13-09-1936;M;60
2671;35;22-04-1972;F;24
2672;7;26-03-1940;F;56
2673;65;16-07-1959;M;37
2674;65;03-10-1952;F;44
2675;31;22-01-1924;M;72
2676;61;01-06-1961;M;35
2677;33;24-05-1922;M;74
2678;33;15-05-1918;F;78
2679;1;30-09-1938;M;58
2680;1;02-09-1945;F;51
2681;45;04-01-1971;F;25
2682;45;14-01-1975;M;21
2683;48;13-06-1929;F;67
2684;74;11-02-1953;F;43
2685;73;21-06-1969;F;27
2686;19;24-03-1951;F;45
2687;19;22-08-1949;M;47
2688;60;24-10-1967;F;29
2689;16;17-01-1923;M;73
2690;58;25-12-1971;F;25
2691;47;17-05-1964;M;32
2692;44;30-05-1925;M;71
2693;46;04-08-1976;F;20
2694;15;06-10-1927;F;69
2695;15;16-05-1929;M;67
2696;2;04-09-1947;M;49
2697;2;14-08-1948;F;48
2698;31;07-10-1970;F;26
2699;31;23-02-1977;M;19
2700;34;22-02-1945;M;51
2701;1;29-03-1952;M;44
2702;7;26-02-1919;M;77
2703;2;12-03-1973;F;23
2704;1;22-05-1949;F;47
2705;43;30-04-1924;M;72
2706;3;02-07-1967;M;29
2707;45;23-05-1969;M;27
2708;73;12-08-1958;M;38
2709;26;14-06-1946;M;50
2712;25;17-01-1956;M;40
2713;36;02-09-1962;M;34
2714;6;06-03-1970;F;26
2715;7;04-07-1957;M;39
2716;25;13-07-1969;F;27
2717;46;28-04-1930;M;66
2718;46;22-12-1932;F;64
2719;29;30-10-1964;F;32
2720;1;05-09-1949;F;47
2721;24;26-06-1950;F;46
2724;35;01-03-1975;M;21
2726;1;28-07-1973;F;23
2727;1;05-02-1968;M;28
2728;74;13-08-1922;M;74
2729;1;28-08-1966;M;30
2730;52;18-03-1947;M;49
2731;38;08-12-1927;M;69
2732;57;16-09-1953;F;43
2733;3;11-11-1927;F;69
2734;3;12-11-1934;M;62
2735;64;31-07-1928;M;68
2736;1;15-02-1958;F;38
2738;1;25-04-1951;M;45
2739;13;26-01-1950;M;46
2740;36;23-11-1967;F;29
2741;41;29-11-1930;F;66
2742;65;27-08-1948;F;48
2743;50;04-10-1939;F;57
2744;50;22-02-1943;M;53
2745;54;07-08-1939;F;57
2746;1;25-02-1971;M;25
2747;6;14-10-1936;M;60
2748;6;06-10-1936;F;60
2749;14;04-03-1921;F;75
2750;14;13-07-1913;M;83
2751;68;24-01-1957;F;39
2752;48;09-08-1971;M;25
2754;66;24-05-1978;F;18
2755;1;23-03-1970;F;26
2756;31;28-09-1919;F;77
2758;1;14-07-1946;M;50
2759;2;26-01-1974;M;22
2760;68;12-12-1975;F;21
2761;1;29-09-1977;F;19
2762;29;23-04-1953;F;43
2765;36;20-04-1981;F;15
2766;70;15-09-1959;M;37
2767;70;04-06-1954;F;42
2768;1;02-04-1964;M;32
2769;69;15-05-1937;M;59
2770;1;08-07-1954;M;42
2771;37;25-10-1920;M;76
2772;37;08-01-1923;F;73
2773;49;13-09-1919;F;77
2774;49;23-02-1921;M;75
2775;41;09-07-1978;F;18
2776;31;07-06-1934;F;62
2777;46;28-03-1970;F;26
2778;57;16-05-1964;M;32
2779;29;04-05-1948;M;48
2780;29;16-01-1947;F;49
2781;46;22-11-1960;F;36
2782;31;13-09-1940;M;56
2783;1;20-06-1940;M;56
2784;36;25-07-1958;F;38
2785;22;29-07-1962;M;34
2786;24;02-11-1951;M;45
2787;41;14-10-1976;F;20
2788;49;21-10-1951;F;45
2789;1;25-12-1951;F;45
2790;16;10-02-1975;M;21
2791;60;10-10-1921;M;75
2794;18;22-01-1965;M;31
2795;18;13-04-1968;F;28
2796;15;25-06-1974;M;22
2797;28;05-11-1950;M;46
2798;65;27-06-1931;M;65
2799;4;02-12-1961;F;35
2800;2;26-08-1949;M;47
2801;75;18-02-1919;M;77
2802;1;29-11-1966;F;30
2803;68;12-10-1931;M;65
2804;68;10-11-1936;F;60
2805;73;13-07-1964;M;32
2806;58;01-07-1955;F;41
2808;8;31-03-1974;F;22
2809;33;14-02-1979;M;17
2810;72;28-07-1971;M;25
2811;1;07-12-1946;F;50
2812;55;02-05-1970;F;26
2813;70;10-04-1941;M;55
2814;19;10-02-1973;F;23
2815;35;30-06-1930;M;66
2816;35;15-03-1938;F;58
2817;1;19-02-1977;F;19
2818;54;12-04-1963;M;33
2819;8;12-08-1980;M;16
2820;77;17-12-1966;M;30
2821;45;01-11-1980;F;16
2822;50;19-10-1958;M;38
2823;70;18-12-1946;F;50
2824;39;05-09-1941;M;55
2825;65;29-03-1958;M;38
2826;59;28-01-1935;M;61
2827;63;13-02-1923;M;73
2828;14;10-07-1949;F;47
2829;33;27-12-1939;F;57
2830;51;14-11-1974;M;22
2831;68;09-07-1980;F;16
2832;13;23-07-1927;M;69
2833;13;09-07-1923;F;73
2834;52;23-05-1949;M;47
2835;27;27-01-1966;M;30
2836;38;21-09-1919;F;77
2837;38;21-05-1927;M;69
2838;65;09-03-1965;M;31
2839;72;05-07-1928;F;68
2840;72;14-05-1934;M;62
2841;18;10-04-1973;F;23
2842;74;17-06-1958;M;38
2843;70;06-10-1966;F;30
2844;51;19-11-1962;M;34
2845;7;02-09-1952;M;44
2846;1;17-03-1969;F;27
2847;34;25-07-1942;F;54
2848;34;20-02-1939;M;57
2849;19;02-04-1928;M;68
2850;7;20-08-1970;M;26
2851;54;10-08-1939;M;57
2852;26;28-06-1942;F;54
2853;28;25-04-1956;F;40
2854;16;01-06-1949;M;47
2855;16;26-07-1957;F;39
2856;47;11-11-1923;M;73
2857;33;03-02-1927;M;69
2858;42;12-02-1926;F;70
2859;68;24-09-1928;F;68
2860;28;31-03-1958;M;38
2862;49;07-10-1964;F;32
2863;49;05-03-1968;M;28
2864;51;09-04-1952;F;44
2865;15;18-11-1948;M;48
2866;15;30-10-1949;F;47
2867;1;23-01-1960;F;36
2868;14;14-12-1933;M;63
2869;1;05-08-1975;M;21
2870;29;28-11-1959;M;37
2871;71;23-11-1967;F;29
2872;77;27-10-1933;F;63
2873;16;24-03-1975;F;21
2874;34;10-09-1972;M;24
2875;46;17-08-1936;M;60
2876;1;07-01-1977;M;19
2877;59;29-04-1932;M;64
2878;68;17-04-1947;M;49
2879;40;10-01-1977;M;19
2880;60;30-12-1952;M;44
2881;12;21-03-1967;F;29
2882;70;14-12-1931;M;65
2883;30;26-02-1953;M;43
2884;40;10-10-1958;F;38
2885;1;04-10-1965;F;31
2886;1;03-10-1958;M;38
2887;2;29-01-1961;F;35
2888;1;09-09-1978;F;18
2889;25;05-12-1943;M;53
2890;62;11-10-1951;M;45
2891;62;23-07-1957;F;39
2892;3;21-03-1941;F;55
2893;2;02-11-1927;F;69
2894;70;25-07-1948;F;48
2895;70;17-05-1977;F;19
2896;1;16-05-1975;F;21
2897;40;18-07-1925;M;71
2898;40;17-10-1920;F;76
2899;16;18-05-1918;M;78
2900;18;22-03-1923;M;73
2901;25;09-01-1939;F;57
2902;8;03-07-1959;F;37
2903;8;26-11-1959;M;37
2904;64;18-05-1946;F;50
2905;64;07-07-1951;M;45
2906;5;16-12-1934;M;62
2907;5;22-09-1932;F;64
2908;1;28-02-1971;M;25
2909;26;09-10-1936;M;60
2910;76;28-09-1936;M;60
2911;45;25-09-1932;M;64
2912;45;28-07-1925;F;71
2913;44;27-12-1962;M;34
2915;33;22-02-1954;F;42
2916;1;30-09-1972;M;24
2917;16;18-01-1940;M;56
2918;5;21-05-1967;M;29
2919;5;08-09-1970;F;26
2920;44;23-06-1962;F;34
2921;64;20-12-1976;F;20
2922;43;07-09-1940;M;56
2923;35;21-03-1977;F;19
2924;18;06-02-1941;F;55
2925;18;08-09-1947;M;49
2926;27;11-02-1934;M;62
2927;27;28-12-1929;F;67
2928;38;02-03-1932;M;64
2929;1;10-03-1958;M;38
2930;41;22-03-1941;M;55
2932;1;11-07-1940;F;56
2933;72;12-12-1942;M;54
2934;72;27-04-1948;F;48
2935;61;02-05-1944;F;52
2936;3;11-03-1945;F;51
2937;74;01-07-1949;M;47
2938;8;01-06-1921;F;75
2939;8;13-02-1918;M;78
2940;1;16-10-1965;M;31
2941;38;12-03-1951;M;45
2942;67;03-06-1966;F;30
2943;1;28-06-1980;F;16
2944;71;23-08-1943;F;53
2945;74;02-06-1921;M;75
2946;74;23-01-1926;F;70
2947;19;18-05-1957;F;39
2948;47;20-11-1978;M;18
2949;14;25-09-1943;M;53
2950;46;06-06-1944;M;52
2951;76;31-08-1950;F;46
2952;52;17-01-1978;F;18
2953;3;07-07-1936;M;60
2954;38;12-08-1959;F;37
2955;38;16-07-1952;M;44
2956;23;06-08-1939;M;57
2957;23;07-03-1978;M;18
2958;48;07-05-1975;M;21
2959;54;19-11-1957;M;39
2960;1;19-12-1928;M;68
2961;1;28-12-1933;F;63
2962;1;10-11-1938;M;58
2963;1;29-03-1939;F;57
2964;8;27-11-1978;M;18
2965;30;07-02-1918;F;78
2966;65;20-02-1955;M;41
2967;53;15-01-1961;F;35
2968;40;24-08-1962;M;34
2969;55;22-04-1923;M;73
2970;55;06-04-1922;F;74
2971;1;03-12-1977;F;19
2972;1;14-01-1976;M;20
2974;56;12-07-1951;F;45
2975;33;18-03-1943;F;53
2976;57;03-08-1922;F;74
2977;39;06-02-1963;M;33
2978;33;05-03-1948;F;48
2979;4;22-12-1961;F;35
2980;11;14-06-1974;M;22
2981;16;05-02-1949;F;47
2982;6;23-03-1973;F;23
2983;6;23-07-1967;M;29
2984;60;24-05-1963;F;33
2985;60;13-04-1960;M;36
2986;14;15-05-1952;M;44
2987;14;01-06-1946;F;50
2988;33;21-05-1961;M;35
2989;17;01-02-1949;F;47
2990;32;02-04-1938;F;58
2991;32;31-07-1941;M;55
2992;11;07-05-1966;M;30
2994;18;22-07-1963;M;33
2995;35;15-06-1941;F;55
2996;1;29-01-1965;M;31
2997;1;09-03-1941;F;55
2998;1;02-04-1961;M;35
2999;74;24-03-1979;F;17
3000;41;02-04-1928;F;68
3001;1;07-10-1958;M;38
3002;42;13-05-1955;F;41
3003;69;12-05-1973;F;23
3004;69;13-07-1971;M;25
3005;43;29-06-1931;M;65
3006;22;08-08-1973;F;23
3007;76;11-04-1964;M;32
3008;73;19-12-1919;M;77
3009;62;03-08-1957;F;39
3010;62;12-01-1960;M;36
3011;74;19-09-1955;M;41
3012;70;10-11-1955;F;41
3013;51;18-03-1950;F;46
3014;51;05-11-1953;M;43
3015;73;29-02-1952;M;44
3016;40;23-08-1977;M;19
3017;2;14-05-1941;M;55
3018;61;28-01-1978;M;18
3019;30;23-09-1969;M;27
3020;32;27-08-1942;F;54
3021;1;24-08-1961;M;35
3022;1;22-09-1954;F;42
3023;16;04-04-1959;M;37
3024;60;08-03-1929;M;67
3025;60;27-12-1932;F;64
3026;22;25-03-1947;M;49
3027;62;25-07-1959;M;37
3028;34;23-04-1932;F;64
3029;43;08-05-1970;M;26
3030;68;10-05-1976;F;20
3031;40;05-09-1965;F;31
3032;40;10-04-1959;M;37
3035;27;02-11-1964;M;32
3036;16;31-03-1941;F;55
3037;64;04-01-1942;M;54
3038;6;05-03-1946;F;50
3039;55;01-06-1969;F;27
3041;4;24-04-1927;F;69
3042;18;14-02-1968;F;28
3043;63;15-11-1951;F;45
3044;36;07-10-1945;M;51
3045;10;18-03-1950;F;46
3046;1;22-01-1925;F;71
3047;45;01-10-1975;M;21
3048;16;06-01-1923;F;73
3049;6;06-04-1967;M;29
3050;6;31-07-1967;F;29
3051;65;11-03-1928;M;68
3054;74;28-04-1958;M;38
3055;51;23-02-1931;M;65
3056;38;16-01-1959;F;37
3057;38;05-03-1962;M;34
3058;49;29-09-1943;F;53
3059;61;29-11-1977;M;19
3060;61;18-05-1960;M;36
3061;61;05-10-1965;F;31
3062;41;22-08-1930;F;66
3063;27;29-01-1971;M;25
3064;42;05-05-1930;M;66
3065;24;21-08-1921;F;75
3066;54;09-03-1982;F;14
3067;57;21-06-1952;F;44
3068;57;20-03-1954;M;42
3069;21;23-10-1943;M;53
3070;46;12-12-1920;M;76
3071;38;23-02-1967;F;29
3072;1;14-04-1936;M;60
3073;1;23-10-1937;F;59
3074;1;07-11-1958;M;38
3075;74;05-05-1941;M;55
3076;57;17-11-1962;F;34
3077;50;24-02-1934;F;62
3078;50;31-01-1932;M;64
3079;67;19-05-1943;M;53
3080;5;27-07-1951;F;45
3081;5;02-03-1945;M;51
3082;52;17-10-1979;F;17
3083;41;07-04-1971;M;25
3084;23;24-08-1951;F;45
3085;62;29-06-1946;F;50
3086;62;14-09-1948;M;48
3087;46;21-09-1959;F;37
3088;40;11-06-1950;M;46
3089;46;26-07-1974;M;22
3090;32;17-11-1968;M;28
3091;15;03-03-1966;F;30
3092;59;06-11-1967;F;29
3093;35;21-02-1966;M;30
3094;48;18-08-1950;M;46
3095;36;29-06-1953;M;43
3096;74;27-02-1982;M;14
3097;48;22-08-1948;M;48
3098;17;23-06-1938;M;58
3099;17;13-11-1965;M;31
3100;2;30-03-1931;M;65
3101;1;13-12-1941;M;55
3102;61;16-02-1979;F;17
3103;64;07-03-1973;F;23
3104;4;04-01-1982;F;14
3105;68;17-08-1947;M;49
3106;72;03-03-1928;F;68
3107;30;16-11-1960;M;36
3108;30;26-02-1962;F;34
3109;7;21-04-1932;F;64
3110;54;27-02-1931;M;65
3111;54;07-02-1924;F;72
3112;24;12-09-1939;M;57
3113;60;12-11-1971;F;25
3114;60;24-02-1971;M;25
3115;72;30-11-1961;M;35
3116;28;09-09-1951;M;45
3117;62;22-06-1941;F;55
3118;62;09-07-1940;M;56
3119;50;26-01-1936;F;60
3120;75;02-06-1964;M;32
3121;57;18-10-1956;F;40
3122;57;02-04-1959;M;37
3123;1;25-07-1979;M;17
3124;5;02-01-1958;F;38
3125;10;30-10-1922;F;74
3126;47;13-01-1938;M;58
3127;1;18-06-1920;F;76
3128;69;09-02-1944;F;52
3129;5;01-08-1946;F;50
3130;19;31-05-1955;F;41
3131;1;14-06-1935;F;61
3132;1;24-03-1975;F;21
3133;31;20-04-1973;F;23
3134;1;04-05-1938;M;58
3135;48;06-01-1969;M;27
3136;1;18-12-1963;M;33
3137;70;26-02-1947;M;49
3138;70;12-08-1943;F;53
3139;46;23-09-1956;F;40
3140;46;13-04-1959;M;37
3141;9;09-11-1925;F;71
3142;68;18-03-1919;M;77
3143;21;02-02-1944;F;52
3144;1;04-08-1919;M;77
3145;1;04-11-1921;F;75
3146;1;15-07-1948;M;48
3147;19;26-04-1964;F;32
3148;3;04-04-1942;M;54
3149;3;09-01-1935;F;61
3150;54;24-07-1932;F;64
3151;1;27-07-1951;F;45
3152;1;04-10-1936;M;60
3153;26;17-06-1924;M;72
3154;26;21-02-1926;F;70
3155;44;08-04-1973;F;23
3156;68;02-11-1954;F;42
3157;1;26-02-1942;F;54
3158;1;25-11-1940;F;56
3159;24;27-10-1930;M;66
3160;20;29-06-1951;M;45
3161;66;18-11-1980;M;16
3162;55;17-05-1960;M;36
3163;1;26-05-1964;F;32
3164;1;10-09-1962;M;34
3165;3;01-09-1976;F;20
3166;31;14-06-1955;M;41
3167;48;08-09-1943;F;53
3170;76;21-02-1921;M;75
3171;76;26-04-1924;F;72
3172;64;23-12-1951;M;45
3173;66;18-04-1946;F;50
3174;66;16-11-1952;M;44
3175;64;19-07-1950;F;46
3176;1;07-07-1937;M;59
3177;24;12-08-1938;M;58
3178;25;01-08-1969;F;27
3179;45;12-03-1948;F;48
3180;45;30-09-1944;M;52
3181;27;15-02-1943;M;53
3182;18;22-04-1925;F;71
3183;70;24-02-1980;M;16
3184;5;01-12-1959;F;37
3185;17;26-11-1972;F;24
3186;1;14-01-1955;F;41
3187;7;02-09-1952;M;44
3188;68;19-05-1976;F;20
3190;1;01-11-1920;F;76
3191;56;05-11-1975;F;21
3192;6;14-07-1939;M;57
3193;28;22-02-1950;F;46
3194;51;17-08-1975;F;21
3195;2;13-06-1971;F;25
3196;72;14-08-1978;F;18
3197;1;10-07-1958;M;38
3198;1;05-03-1953;F;43
3199;1;18-12-1957;F;39
3200;1;15-11-1954;M;42
3201;66;06-08-1953;F;43
3202;56;19-07-1922;M;74
3203;1;23-04-1959;F;37
3204;1;26-03-1956;M;40
3205;1;25-06-1921;F;75
3206;1;21-05-1921;M;75
3207;55;03-12-1925;F;71
3208;27;06-02-1947;M;49
3209;27;03-01-1939;F;57
3210;14;30-08-1963;M;33
3211;17;07-08-1967;F;29
3213;1;04-10-1941;M;55
3214;71;12-05-1922;M;74
3215;64;06-05-1936;F;60
3216;58;28-11-1959;M;37
3217;61;02-05-1977;M;19
3218;49;16-12-1965;M;31
3219;49;18-10-1959;F;37
3220;23;17-02-1957;M;39
3221;23;16-07-1953;F;43
3222;21;06-05-1977;M;19
3225;13;17-03-1957;M;39
3226;1;22-11-1951;M;45
3227;59;28-10-1950;F;46
3228;34;22-02-1957;M;39
3229;50;18-04-1979;M;17
3230;1;06-06-1982;F;14
3231;21;03-06-1961;M;35
3232;5;05-11-1976;M;20
3233;1;30-11-1980;M;16
3234;67;04-08-1919;F;77
3235;46;12-06-1950;F;46
3236;28;15-04-1960;F;36
3239;7;16-11-1981;F;15
3240;67;10-12-1937;F;59
3241;26;14-09-1934;M;62
3242;26;04-03-1937;F;59
3243;71;30-09-1920;F;76
3244;72;29-09-1933;M;63
3245;70;02-12-1952;M;44
3246;66;20-04-1931;M;65
3247;69;21-04-1958;F;38
3248;28;02-08-1929;F;67
3249;17;20-01-1959;M;37
3250;17;20-01-1962;F;34
3251;52;28-12-1962;F;34
3252;52;26-03-1961;M;35
3253;70;02-07-1946;M;50
3254;1;13-02-1930;M;66
3255;8;04-01-1970;F;26
3256;49;18-07-1976;M;20
3257;73;11-05-1978;F;18
3258;74;30-07-1960;F;36
3259;71;15-10-1950;M;46
3260;74;08-09-1942;F;54
3261;74;10-04-1950;M;46
3262;61;14-08-1941;F;55
3264;63;20-10-1950;F;46
3265;47;11-06-1963;F;33
3266;47;08-10-1960;M;36
3267;61;26-08-1951;M;45
3268;1;31-03-1956;F;40
3269;2;05-11-1974;M;22
3270;12;22-01-1940;M;56
3271;58;03-01-1942;F;54
3272;9;18-07-1920;F;76
3273;9;02-01-1918;M;78
3274;26;22-01-1929;M;67
3275;26;19-09-1924;F;72
3276;52;21-03-1980;M;16
3277;42;26-03-1966;M;30
3278;42;20-04-1962;F;34
3279;66;04-08-1954;F;42
3280;66;31-05-1958;M;38
3281;74;27-12-1950;M;46
3282;29;02-09-1981;M;15
3283;10;23-11-1933;M;63
3284;2;02-07-1936;M;60
3285;2;17-09-1943;F;53
3286;74;15-03-1972;F;24
3287;74;01-04-1978;M;18
3288;69;28-01-1926;M;70
3289;75;09-06-1977;F;19
3290;11;12-07-1969;F;27
3291;52;23-01-1947;M;49
3292;18;21-01-1940;M;56
3293;1;20-01-1953;F;43
3294;52;08-03-1957;M;39
3295;40;13-03-1966;F;30
3296;23;11-06-1969;M;27
3297;1;17-04-1968;M;28
3298;5;05-08-1942;F;54
3299;76;17-09-1961;F;35
3300;53;29-06-1950;M;46
3302;52;17-02-1964;F;32
3303;52;09-01-1965;M;31
3304;69;31-08-1939;M;57
3305;41;11-10-1971;F;25
3306;27;26-04-1948;M;48
3307;14;01-07-1979;F;17
3308;15;16-02-1948;M;48
3309;15;29-04-1942;F;54
3310;23;13-02-1954;M;42
3311;51;25-08-1954;M;42
3312;70;05-11-1971;F;25
3313;60;10-02-1946;F;50
3314;24;18-12-1931;F;65
3315;24;21-06-1934;M;62
3316;1;15-12-1947;F;49
3317;1;24-04-1950;M;46
3319;1;24-04-1979;F;17
3320;1;14-02-1972;M;24
3321;13;30-05-1969;F;27
3322;31;29-02-1948;M;48
3323;74;22-02-1981;F;15
3324;26;13-04-1971;F;25
3325;26;28-09-1963;M;33
3326;57;26-12-1952;F;44
3327;20;04-07-1937;F;59
3328;24;11-10-1966;M;30
3329;54;20-03-1961;M;35
3330;54;15-04-1955;F;41
3331;70;05-02-1970;F;26
3332;46;15-11-1969;F;27
3333;10;24-07-1949;F;47
3334;1;01-07-1967;M;29
3335;11;10-02-1967;M;29
3336;64;30-05-1951;F;45
3337;53;13-04-1952;M;44
3338;69;29-11-1942;F;54
3339;31;29-01-1976;F;20
3340;54;16-02-1976;M;20
3341;54;20-12-1968;F;28
3342;73;29-09-1973;M;23
3344;42;16-09-1961;M;35
3345;37;27-01-1941;F;55
3346;37;25-02-1941;M;55
3347;11;19-01-1936;M;60
3348;38;14-02-1978;F;18
3349;42;21-12-1963;M;33
3350;30;19-03-1950;M;46
3351;30;15-09-1942;F;54
3352;23;12-09-1919;M;77
3353;23;21-04-1919;F;77
3354;62;28-10-1943;F;53
3355;38;15-01-1953;M;43
3356;73;23-04-1974;M;22
3357;63;21-07-1954;F;42
3358;16;07-10-1975;M;21
3359;1;24-02-1945;M;51
3360;43;31-08-1976;F;20
3361;40;02-10-1930;F;66
3365;1;30-07-1966;F;30
3366;54;12-02-1959;F;37
3367;54;23-04-1952;M;44
3368;14;24-10-1952;F;44
3369;1;16-04-1952;M;44
3370;25;28-03-1919;M;77
3371;25;07-10-1919;F;77
3372;1;30-10-1970;M;26
3373;5;29-11-1952;M;44
3374;5;13-08-1960;F;36
3375;74;06-11-1954;M;42
3376;11;19-01-1945;F;51
3377;11;05-05-1938;M;58
3378;5;21-04-1957;M;39
3379;5;01-07-1949;F;47
3380;74;03-04-1978;F;18
3381;70;01-09-1965;F;31
3382;54;28-02-1954;M;42
3383;54;23-04-1956;F;40
3384;41;03-08-1942;F;54
3385;11;13-02-1924;F;72
3386;49;08-03-1940;F;56
3387;58;14-08-1943;M;53
3388;53;26-10-1965;F;31
3389;39;16-01-1967;F;29
3390;53;17-11-1972;F;24
3391;42;07-04-1971;M;25
3392;1;31-10-1975;F;21
3393;73;24-08-1954;F;42
3394;66;04-07-1980;F;16
3395;4;28-12-1962;M;34
3396;18;03-03-1977;F;19
3397;24;08-06-1974;F;22
3398;24;13-09-1969;M;27
3399;72;25-02-1932;M;64
3402;74;02-05-1952;F;44
3403;74;18-10-1957;M;39
3404;56;11-10-1940;F;56
3405;40;15-12-1949;M;47
3406;40;13-07-1947;F;49
3407;35;13-04-1973;F;23
3408;35;20-12-1973;M;23
3409;36;03-04-1919;M;77
3410;54;16-02-1965;M;31
3412;57;18-07-1975;M;21
3413;57;25-11-1969;F;27
3414;11;17-10-1947;F;49
3415;54;30-09-1973;F;23
3416;35;01-06-1978;M;18
3417;35;18-03-1985;F;11
3418;70;07-08-1963;F;33
3420;66;24-06-1979;M;17
3421;20;05-03-1947;M;49
3422;1;02-05-1951;F;45
3423;12;05-09-1971;F;25
3424;64;14-11-1918;M;78
3425;70;07-05-1970;M;26
3426;73;07-02-1978;M;18
3427;42;16-06-1980;M;16
3428;42;27-09-1987;F;9
3429;46;16-10-1941;M;55
3430;3;25-09-1951;M;45
3431;70;05-04-1979;F;17
3432;15;08-11-1973;M;23
3433;71;07-09-1962;M;34
3434;71;20-09-1956;F;40
3435;4;27-05-1945;F;51
3436;30;18-02-1958;M;38
3437;30;08-08-1959;F;37
3438;43;12-01-1942;M;54
3439;62;27-01-1967;M;29
3440;1;13-02-1938;F;58
3441;75;09-02-1958;M;38
3443;1;06-12-1934;F;62
3444;57;06-04-1977;M;19
3445;17;26-03-1979;F;17
3446;70;01-10-1957;M;39
3447;54;21-04-1949;F;47
3448;1;24-12-1954;M;42
3449;27;21-03-1928;M;68
3450;25;12-09-1976;M;20
3451;19;17-07-1974;M;22
3452;19;28-08-1975;F;21
3453;56;02-08-1950;M;46
3454;11;17-10-1949;F;47
3455;11;28-02-1957;M;39
3456;54;21-01-1945;F;51
3457;75;14-06-1923;F;73
3458;33;30-06-1953;M;43
3459;14;30-08-1964;F;32
3460;14;11-10-1965;M;31
3461;54;22-02-1958;M;38
3462;54;18-03-1965;F;31
3463;1;02-03-1979;F;17
3464;43;14-01-1953;M;43
3465;30;17-04-1942;M;54
3466;1;31-05-1936;F;60
3467;1;06-12-1939;M;57
3468;68;31-12-1933;F;63
3469;1;23-02-1975;F;21
3470;52;23-04-1937;F;59
3471;1;29-09-1952;F;44
3472;70;11-05-1946;F;50
3473;70;21-05-1948;M;48
3474;32;08-12-1954;F;42
3475;19;13-03-1957;M;39
3476;60;05-01-1968;F;28
3477;37;28-08-1965;M;31
3478;1;30-05-1926;M;70
3479;1;19-09-1933;F;63
3480;15;10-04-1951;F;45
3481;15;10-11-1957;M;39
3482;71;09-02-1941;F;55
3483;70;02-12-1940;M;56
3484;44;30-04-1972;M;24
3485;77;27-05-1922;M;74
3486;77;09-03-1962;M;34
3487;1;06-09-1959;M;37
3488;1;09-10-1955;M;41
3489;76;13-08-1966;M;30
3490;19;16-10-1920;M;76
3491;19;18-11-1922;F;74
3492;8;27-12-1970;F;26
3493;69;04-05-1965;F;31
3494;42;02-07-1969;M;27
3495;64;10-05-1941;F;55
3496;64;11-07-1949;M;47
3497;39;11-09-1970;F;26
3498;77;01-04-1938;M;58
3499;19;16-03-1969;M;27
3500;29;07-06-1960;M;36
3501;51;21-03-1964;M;32
3502;54;03-08-1952;M;44
3503;54;14-01-1953;F;43
3504;40;25-01-1952;M;44
3505;20;06-12-1977;M;19
3506;1;20-08-1961;F;35
3507;32;02-12-1946;F;50
3508;38;09-11-1970;M;26
3509;38;13-02-1965;F;31
3510;13;26-10-1939;M;57
3511;74;11-09-1963;M;33
3512;49;25-05-1946;M;50
3513;70;20-07-1922;M;74
3514;70;05-02-1918;F;78
3515;61;02-01-1975;F;21
3516;58;07-09-1971;F;25
3517;68;24-06-1953;F;43
3518;33;02-09-1955;F;41
3519;74;15-12-1949;M;47
3520;8;17-05-1928;F;68
3521;4;20-07-1964;M;32
3522;57;02-02-1963;M;33
3523;6;29-04-1964;M;32
3524;68;20-11-1945;F;51
3525;15;21-05-1974;M;22
3526;15;06-07-1977;F;19
3527;77;11-08-1978;M;18
3528;73;06-10-1970;F;26
3529;54;15-03-1973;M;23
3530;16;18-09-1971;F;25
3531;43;14-06-1920;M;76
3532;56;24-02-1935;M;61
3533;1;01-12-1963;F;33
3534;50;21-03-1971;F;25
3535;37;12-05-1973;M;23
3536;55;20-08-1922;M;74
3537;51;16-04-1946;M;50
3538;1;02-05-1944;F;52
3539;36;31-08-1920;M;76
3540;51;04-08-1936;M;60
3541;51;01-05-1934;F;62
3542;10;02-09-1939;M;57
3543;10;19-08-1941;F;55
3544;1;15-08-1961;F;35
3545;68;01-11-1966;M;30
3546;3;28-02-1971;M;25
3547;1;15-03-1924;F;72
3548;1;03-05-1975;M;21
3549;5;08-09-1937;F;59
3550;54;14-09-1969;F;27
3552;44;16-11-1940;M;56
3554;22;21-12-1965;F;31
3555;22;06-02-1968;M;28
3556;6;27-11-1927;M;69
3557;6;24-11-1928;F;68
3558;54;01-07-1928;F;68
3559;57;23-10-1939;F;57
3560;57;02-02-1944;M;52
3562;1;05-04-1931;M;65
3563;1;22-11-1926;F;70
3564;62;23-03-1948;M;48
3565;44;29-07-1962;M;34
3566;65;19-02-1932;F;64
3567;1;09-03-1948;M;48
3568;1;25-01-1941;M;55
3569;67;09-04-1933;M;63
3570;15;27-04-1945;F;51
3571;25;17-06-1970;M;26
3572;48;18-12-1928;F;68
3573;8;09-02-1972;F;24
3574;19;17-02-1946;F;50
3575;9;12-10-1937;F;59
3576;1;15-03-1939;F;57
3577;31;15-12-1942;F;54
3578;72;20-10-1927;M;69
3579;72;07-08-1930;F;66
3580;6;27-04-1929;F;67
3581;33;23-12-1967;M;29
3582;38;17-02-1955;M;41
3583;15;09-09-1942;F;54
3584;15;25-03-1941;M;55
3585;29;02-10-1968;F;28
3586;60;11-04-1943;M;53
3587;60;01-12-1939;F;57
3588;76;04-11-1953;F;43
3589;73;13-07-1961;F;35
3590;23;23-09-1976;F;20
3591;74;28-09-1930;M;66
3592;74;30-03-1925;F;71
3594;13;07-05-1961;F;35
3595;28;01-01-1965;M;31
3596;74;22-03-1975;M;21
3597;10;17-08-1933;F;63
3598;66;11-09-1923;M;73
3599;66;02-03-1931;F;65
3600;46;26-07-1943;F;53
3601;19;03-08-1938;M;58
3602;19;10-12-1940;F;56
3603;42;13-06-1954;M;42
3605;71;24-07-1934;M;62
3606;63;06-06-1958;M;38
3607;18;29-07-1946;F;50
3608;66;09-12-1947;M;49
3609;66;26-10-1955;F;41
3610;36;08-05-1919;M;77
3611;30;27-05-1972;F;24
3612;19;04-09-1962;F;34
3613;19;12-02-1969;M;27
3614;43;09-10-1971;F;25
3615;1;04-07-1974;M;22
3616;77;14-04-1964;F;32
3617;51;30-11-1954;F;42
3618;54;21-02-1953;M;43
3619;40;09-08-1955;M;41
3620;21;14-09-1937;M;59
3621;66;21-07-1939;M;57
3622;66;17-04-1938;F;58
3623;28;20-04-1965;F;31
3624;1;27-02-1982;F;14
3627;18;08-06-1981;F;15
3628;11;26-02-1927;F;69
3629;42;13-12-1947;M;49
3630;64;28-11-1923;F;73
3631;64;19-11-1921;M;75
3632;15;29-09-1943;F;53
3633;72;14-10-1933;M;63
3634;1;25-06-1923;M;73
3635;1;31-01-1921;F;75
3636;46;19-05-1978;M;18
3637;64;10-01-1959;M;37
3638;49;11-12-1943;F;53
3639;73;17-04-1928;M;68
3640;75;24-07-1978;M;18
3641;75;01-02-1979;F;17
3642;19;27-08-1961;M;35
3643;26;11-11-1980;M;16
3644;75;14-06-1951;M;45
3645;34;26-02-1975;M;21
3646;33;16-06-1943;F;53
3647;33;23-08-1948;M;48
3648;3;03-01-1980;M;16
3649;10;25-10-1959;F;37
3650;64;17-02-1918;M;78
3651;35;01-10-1918;M;78
3652;1;20-02-1920;M;76
3653;1;03-01-1917;F;79
3654;25;01-03-1924;F;72
3655;59;06-02-1968;M;28
3656;62;26-08-1925;F;71
3657;62;18-05-1921;M;75
3658;58;05-04-1924;M;72
3659;42;10-11-1930;F;66
3660;65;09-07-1974;M;22
3661;51;25-11-1932;M;64
3662;27;22-09-1931;M;65
3663;69;25-06-1947;F;49
3664;69;19-03-1951;M;45
3667;70;18-09-1971;M;25
3668;70;23-12-1972;F;24
3669;10;22-08-1962;M;34
3670;44;17-09-1980;F;16
3671;10;16-07-1943;M;53
3672;10;06-12-1948;F;48
3673;1;07-12-1951;F;45
3674;17;10-11-1980;F;16
3675;70;18-03-1952;M;44
3676;10;14-10-1965;F;31
3677;10;16-09-1960;M;36
3678;1;12-08-1934;F;62
3679;72;23-04-1931;M;65
3680;72;07-04-1923;F;73
3681;1;26-04-1921;M;75
3682;1;12-01-1924;F;72
3683;74;22-02-1977;F;19
3684;16;31-12-1961;F;35
3685;74;06-03-1974;M;22
3686;61;11-10-1962;F;34
3687;49;06-02-1972;M;24
3688;49;02-05-1975;F;21
3689;9;12-07-1979;F;17
3690;44;02-08-1960;M;36
3691;18;17-04-1965;M;31
3693;15;31-03-1922;M;74
3694;15;29-04-1920;F;76
3695;55;04-10-1934;M;62
3696;55;11-04-1939;F;57
3697;9;16-01-1954;F;42
3698;44;25-04-1971;M;25
3699;1;08-08-1968;M;28
3700;1;24-05-1976;F;20
3701;73;06-05-1954;F;42
3702;76;27-11-1952;M;44
3703;17;15-06-1931;M;65
3704;69;11-04-1962;M;34
3705;1;04-06-1965;F;31
3707;74;24-06-1941;M;55
3708;46;16-03-1958;F;38
3709;46;03-05-1955;M;41
3710;59;25-01-1928;M;68
3711;25;07-05-1968;M;28
3712;56;30-05-1969;F;27
3713;41;23-02-1944;F;52
3714;8;01-10-1953;F;43
3716;74;15-04-1953;M;43
3717;71;30-01-1925;M;71
3718;71;29-06-1929;F;67
3719;54;30-08-1930;M;66
3720;54;07-12-1936;F;60
3721;64;16-12-1954;F;42
3722;1;29-04-1956;F;40
3723;18;01-09-1968;M;28
3724;57;23-09-1925;F;71
3727;33;13-01-1970;M;26
3728;66;06-01-1936;M;60
3729;66;22-08-1941;F;55
3730;59;07-08-1945;F;51
3732;66;27-08-1946;M;50
3733;1;09-05-1946;F;50
3734;15;02-12-1943;M;53
3735;18;17-01-1938;M;58
3736;18;22-07-1932;F;64
3737;12;30-04-1948;M;48
3738;1;31-03-1978;F;18
3739;3;21-08-1956;F;40
3740;46;03-11-1929;M;67
3741;16;04-05-1936;M;60
3742;56;27-11-1961;F;35
3743;56;06-11-1958;M;38
3745;2;19-01-1971;F;25
3746;66;25-01-1975;M;21
3747;1;02-12-1964;M;32
3748;59;05-03-1930;F;66
3749;65;21-03-1943;F;53
3750;1;03-10-1938;M;58
3751;33;12-10-1966;M;30
3752;33;06-02-1961;F;35
3753;1;14-04-1959;F;37
3754;1;13-07-1947;F;49
3755;37;09-07-1951;F;45
3756;12;03-10-1971;F;25
3757;5;16-04-1922;M;74
3758;53;14-09-1963;F;33
3759;53;12-10-1961;M;35
3760;18;04-01-1955;M;41
3761;48;05-08-1975;M;21
3762;60;18-02-1959;F;37
3763;38;12-08-1977;F;19
3764;38;29-01-1978;M;18
3765;45;24-01-1956;F;40
3766;1;10-03-1980;F;16
3767;14;07-09-1936;M;60
3768;14;04-03-1944;F;52
3769;54;10-09-1957;M;39
3770;35;03-01-1925;F;71
3771;48;27-03-1942;M;54
3772;48;23-08-1936;F;60
3773;33;29-07-1964;F;32
3774;1;29-10-1922;M;74
3775;46;27-11-1928;M;68
3776;74;09-07-1978;M;18
3777;74;04-09-1975;F;21
3779;6;15-05-1949;M;47
3780;37;22-11-1977;M;19
3781;17;12-03-1975;F;21
3782;1;10-09-1980;M;16
3783;1;08-07-1968;F;28
3784;1;08-11-1974;M;22
3785;66;18-07-1920;F;76
3786;13;10-07-1920;M;76
3787;21;07-05-1978;F;18
3788;56;05-07-1955;F;41
3789;66;17-10-1964;M;32
3790;48;28-08-1936;M;60
3791;72;18-03-1939;M;57
3792;74;21-09-1972;M;24
3793;39;20-06-1951;F;45
3794;37;06-05-1976;F;20
3795;12;03-05-1982;M;14
3796;3;29-06-1953;M;43
3797;3;14-07-1951;F;45
3798;1;17-11-1954;F;42
3799;2;24-03-1929;M;67
3800;38;15-06-1954;F;42
3801;38;15-08-1948;M;48
3802;67;28-07-1925;M;71
3803;1;15-07-1930;M;66
3804;1;11-04-1933;F;63
3805;68;20-12-1942;M;54
3806;54;27-06-1967;F;29
3807;33;07-11-1947;F;49
3808;57;24-01-1943;M;53
3811;6;20-06-1952;M;44
3812;1;08-02-1967;M;29
3813;2;25-08-1978;F;18
3814;1;13-09-1945;M;51
3815;28;12-04-1969;F;27
3816;1;26-01-1966;M;30
3817;77;21-10-1937;F;59
3818;71;28-07-1942;M;54
3819;71;24-05-1936;F;60
3821;22;16-05-1939;M;57
3822;48;26-11-1953;M;43
3823;63;08-12-1956;M;40
3824;41;07-01-1971;M;25
3825;41;20-04-1965;F;31
3826;33;08-03-1921;M;75
3827;33;05-05-1923;F;73
3829;59;13-03-1972;M;24
3830;18;24-02-1968;F;28
3831;11;11-02-1918;M;78
3832;11;04-09-1925;F;71
3833;19;01-03-1935;M;61
3834;1;12-09-1976;F;20
3835;50;12-05-1931;F;65
3836;77;21-11-1948;M;48
3837;39;22-08-1921;F;75
3838;65;27-10-1929;M;67
3839;65;05-07-1937;F;59
3840;50;12-06-1933;F;63
3841;26;08-07-1919;M;77
3842;74;26-06-1976;M;20
3843;4;21-04-1942;F;54
3844;71;26-12-1963;F;33
3845;1;09-05-1959;M;37
3846;27;11-07-1980;F;16
3847;6;14-09-1959;F;37
3848;45;14-08-1938;F;58
3849;1;11-12-1932;F;64
3850;45;26-01-1957;F;39
3851;45;20-11-1961;M;35
3852;10;12-09-1952;F;44
3853;59;04-07-1980;F;16
3854;24;30-08-1959;M;37
3855;29;20-03-1939;M;57
3856;1;09-06-1944;F;52
3857;72;03-12-1952;F;44
3858;18;14-06-1948;F;48
3859;18;03-05-1941;M;55
3860;74;10-04-1938;M;58
3861;11;27-01-1951;F;45
3862;40;13-07-1947;F;49
3863;1;27-10-1939;F;57
3864;1;17-11-1931;M;65
3865;75;06-11-1977;M;19
3866;75;03-07-1977;F;19
3868;66;14-11-1962;M;34
3869;17;24-02-1946;F;50
3870;4;08-08-1971;F;25
3871;4;25-03-1979;M;17
3872;8;19-04-1930;M;66
3873;23;16-12-1960;F;36
3874;61;10-08-1942;F;54
3875;1;27-07-1930;F;66
3876;1;22-05-1923;M;73
3877;38;13-09-1956;F;40
3880;29;24-08-1961;F;35
3881;45;07-05-1947;F;49
3882;45;10-05-1942;M;54
3883;18;27-09-1965;M;31
3884;72;18-11-1963;M;33
3885;70;17-01-1940;F;56
3886;8;17-07-1965;F;31
3887;67;17-01-1920;M;76
3888;67;27-10-1916;F;80
3890;3;22-10-1958;M;38
3891;75;14-12-1958;M;38
3892;1;19-04-1979;M;17
3893;1;26-12-1969;M;27
3894;29;21-01-1941;M;55
3895;29;03-05-1945;F;51
3896;5;03-10-1923;M;73
3897;16;28-03-1951;F;45
3898;57;17-01-1948;F;48
3899;55;20-09-1919;F;77
3900;55;23-09-1943;M;53
3901;55;12-04-1951;F;45
3902;65;20-12-1949;F;47
3903;1;18-03-1948;F;48
3904;29;15-01-1939;F;57
3905;29;05-08-1935;M;61
3906;64;23-12-1936;M;60
3907;1;09-12-1954;F;42
3908;73;25-11-1929;M;67
3909;73;16-09-1923;F;73
3910;37;23-08-1919;F;77
3911;31;13-10-1952;F;44
3912;1;07-03-1945;F;51
3913;8;01-08-1951;M;45
3914;52;24-08-1920;F;76
3915;20;05-01-1977;M;19
3916;47;27-08-1970;F;26
3917;47;28-12-1967;M;29
3918;5;10-01-1974;M;22
3919;35;17-06-1942;M;54
3920;44;13-08-1925;F;71
3921;28;21-01-1958;F;38
3922;1;08-04-1928;F;68
3923;1;20-10-1935;M;61
3924;56;09-01-1971;M;25
3925;45;14-08-1936;F;60
3926;54;01-10-1972;M;24
3927;61;23-02-1948;F;48
3928;77;08-08-1928;F;68
3929;74;01-11-1957;M;39
3930;1;17-01-1921;M;75
3931;1;15-10-1921;F;75
3932;59;06-10-1939;M;57
3933;59;07-09-1946;F;50
3934;12;15-10-1968;M;28
3935;71;27-11-1939;M;57
3936;36;08-04-1962;F;34
3937;36;09-06-1963;M;33
3938;27;22-01-1980;M;16
3939;40;06-11-1953;M;43
3942;53;13-08-1952;M;44
3943;1;04-12-1945;M;51
3944;8;01-01-1936;M;60
3945;8;25-10-1931;F;65
3946;1;11-05-1975;M;21
3947;23;25-05-1967;M;29
3948;44;23-05-1979;F;17
3949;44;26-08-1974;M;22
3950;38;21-03-1924;M;72
3951;38;22-07-1920;F;76
3952;52;28-12-1965;F;31
3953;14;09-06-1925;F;71
3954;64;31-10-1957;M;39
3955;64;31-05-1960;F;36
3956;21;02-06-1975;F;21
3957;21;12-08-1971;M;25
3958;37;30-04-1946;F;50
3959;30;15-07-1970;F;26
3960;8;06-01-1964;M;32
3961;53;03-04-1943;F;53
3962;74;28-11-1952;M;44
3963;76;07-02-1974;M;22
3964;74;07-05-1942;M;54
3965;1;16-05-1963;M;33
3966;1;07-10-1969;F;27
3967;18;26-09-1960;F;36
3968;18;15-06-1955;M;41
3969;4;19-02-1951;F;45
3970;46;09-08-1980;F;16
3971;1;20-02-1966;M;30
3972;1;01-06-1930;M;66
3973;1;20-08-1982;F;14
3974;68;24-08-1938;M;58
3975;1;19-07-1954;F;42
3976;43;13-09-1967;M;29
3977;8;27-09-1975;M;21
3978;18;15-12-1970;M;26
3979;54;14-10-1928;F;68
3980;1;13-07-1953;M;43
3981;19;16-06-1979;M;17
3982;45;15-01-1919;F;77
3983;1;22-05-1926;F;70
3984;1;13-03-1964;F;32
3985;75;16-04-1979;F;17
3987;67;07-11-1960;M;36
3988;53;04-09-1974;F;22
3989;53;27-03-1980;M;16
3990;29;03-02-1973;M;23
3991;11;17-05-1967;M;29
3992;71;10-11-1948;F;48
3993;14;07-03-1980;F;16
3994;21;31-01-1965;F;31
3995;1;15-08-1948;F;48
3996;36;16-07-1947;F;49
3997;13;05-01-1927;F;69
3998;59;03-06-1950;F;46
3999;30;16-01-1976;F;20
4000;40;22-10-1957;M;39
4001;69;29-01-1956;M;40
4002;25;29-06-1920;F;76
4003;8;23-04-1949;M;47
4004;30;12-08-1957;F;39
4006;25;07-05-1978;F;18
4007;23;07-11-1948;M;48
4008;23;08-05-1951;F;45
4009;4;29-06-1966;M;30
4010;4;17-06-1948;F;48
4011;62;19-12-1957;F;39
4012;56;09-10-1956;F;40
4013;1;06-12-1951;F;45
4014;17;06-09-1980;M;16
4015;65;27-12-1972;F;24
4016;13;25-05-1971;F;25
4017;13;15-05-1964;M;32
4018;3;07-09-1980;F;16
4019;11;16-09-1945;M;51
4020;45;31-03-1953;F;43
4021;45;10-12-1948;M;48
4022;1;10-02-1926;M;70
4023;1;17-05-1925;F;71
4024;3;16-10-1964;M;32
4025;3;07-10-1971;F;25
4026;76;24-09-1945;F;51
4027;16;28-06-1965;F;31
4028;16;08-08-1970;M;26
4029;17;03-01-1967;M;29
4030;44;21-09-1976;F;20
4031;67;22-05-1975;M;21
4032;35;02-08-1964;F;32
4033;51;15-10-1925;M;71
4034;58;17-07-1937;M;59
4035;58;20-08-1930;F;66
4036;25;09-07-1976;F;20
4037;1;22-10-1966;F;30
4040;59;17-05-1961;F;35
4041;59;26-01-1954;M;42
4042;1;04-09-1939;M;57
4043;70;09-05-1953;F;43
4044;44;29-04-1930;F;66
4046;1;18-12-1944;F;52
4047;1;28-01-1937;M;59
4048;4;24-11-1923;M;73
4049;4;13-09-1945;M;51
4050;47;30-12-1948;M;48
4051;74;06-10-1949;M;47
4052;74;17-10-1950;F;46
4053;70;23-09-1929;F;67
4054;72;08-02-1959;F;37
4055;74;01-06-1953;F;43
4056;63;26-07-1952;F;44
4057;70;11-06-1922;F;74
4059;54;11-05-1924;M;72
4060;44;21-06-1954;F;42
4061;8;24-12-1978;M;18
4062;71;08-08-1950;M;46
4063;61;16-02-1966;F;30
4064;61;08-02-1972;M;24
4065;73;27-06-1942;M;54
4066;30;28-11-1936;F;60
4067;21;08-07-1959;F;37
4068;11;25-06-1924;M;72
4069;68;07-03-1959;M;37
4070;68;23-05-1959;F;37
4071;45;15-12-1942;F;54
4072;45;08-05-1941;M;55
4073;24;10-02-1955;M;41
4074;24;08-06-1958;F;38
4075;8;18-09-1944;F;52
4076;49;17-11-1969;M;27
4077;68;06-03-1955;F;41
4078;23;04-06-1951;M;45
4079;27;29-06-1955;M;41
4080;21;26-09-1943;F;53
4081;9;03-06-1978;M;18
4082;58;15-01-1961;F;35
4083;74;30-01-1968;F;28
4084;55;05-10-1957;M;39
4085;55;04-12-1952;F;44
4086;63;22-12-1941;F;55
4087;64;16-02-1946;F;50
4088;68;18-12-1948;F;48
4089;68;27-02-1947;M;49
4090;23;22-06-1971;M;25
4091;29;07-09-1982;F;14
4092;14;11-11-1933;F;63
4093;1;29-09-1946;M;50
4094;2;19-12-1979;M;17
4095;25;14-09-1974;M;22
4096;25;16-03-1980;F;16
4098;13;28-03-1938;M;58
4099;12;03-05-1945;F;51
4100;74;13-03-1955;M;41
4101;1;07-05-1970;F;26
4102;4;15-08-1969;F;27
4103;4;19-05-1965;M;31
4104;23;10-04-1919;M;77
4105;16;15-11-1980;F;16
4106;1;09-11-1936;M;60
4107;49;09-09-1954;M;42
4108;43;26-01-1926;F;70
4109;63;11-08-1953;M;43
4112;38;28-11-1974;M;22
4113;76;09-09-1947;F;49
4114;63;09-02-1964;M;32
4115;33;27-03-1943;M;53
4116;36;24-11-1936;M;60
4117;53;01-07-1918;F;78
4118;28;17-06-1978;M;18
4119;62;20-02-1962;F;34
4120;62;06-03-1961;M;35
4121;23;12-02-1923;M;73
4122;39;18-09-1969;M;27
4123;39;12-11-1966;F;30
4124;19;10-11-1963;F;33
4125;31;17-04-1922;F;74
4126;74;09-09-1975;M;21
4127;74;26-05-1970;F;26
4129;75;31-03-1952;F;44
4131;48;02-06-1976;M;20
4132;42;15-10-1962;M;34
4133;42;22-03-1965;F;31
4134;1;12-02-1954;F;42
4136;31;06-01-1959;M;37
4137;21;30-08-1949;M;47
4138;11;18-09-1968;F;28
4139;74;20-07-1969;M;27
4140;70;04-10-1963;M;33
4141;9;18-03-1970;M;26
4142;36;11-06-1960;M;36
4143;27;24-08-1955;M;41
4144;27;11-09-1955;F;41
4145;73;02-12-1922;F;74
4146;9;13-06-1955;F;41
4147;64;23-12-1972;M;24
4148;64;08-02-1968;F;28
4149;1;07-03-1979;M;17
4150;1;10-08-1977;F;19
4151;73;17-07-1926;F;70
4152;73;07-06-1927;M;69
4153;32;12-04-1956;M;40
4154;32;25-10-1953;F;43
4155;1;13-05-1923;M;73
4156;5;02-11-1962;F;34
4157;1;09-05-1972;M;24
4158;35;10-07-1920;F;76
4159;35;06-12-1913;M;83
4160;16;27-06-1969;F;27
4161;22;09-09-1972;F;24
4163;4;07-06-1951;M;45
4164;45;22-10-1924;F;72
4165;53;13-03-1955;M;41
4166;1;26-02-1947;M;49
4167;6;31-05-1949;F;47
4169;58;19-02-1980;F;16
4170;58;27-08-1983;M;13
4171;1;18-05-1980;M;16
4172;1;29-04-1945;F;51
4173;52;04-06-1978;F;18
4174;63;11-02-1927;M;69
4175;13;06-01-1965;F;31
4176;32;31-08-1922;M;74
4177;34;25-12-1935;M;61
4178;32;31-08-1926;M;70
4179;54;29-07-1920;M;76
4180;63;17-06-1932;M;64
4181;76;15-05-1964;F;32
4182;16;23-06-1941;M;55
4183;16;13-11-1940;F;56
4184;8;26-04-1975;F;21
4185;51;23-04-1964;F;32
4186;38;14-10-1978;M;18
4187;25;28-08-1967;F;29
4188;1;17-08-1976;M;20
4189;64;07-12-1941;M;55
4190;17;17-11-1942;M;54
4191;32;06-01-1957;F;39
4192;72;21-11-1931;M;65
4193;8;28-02-1937;F;59
4194;63;03-01-1940;F;56
4195;63;30-07-1945;M;51
4196;55;16-01-1951;F;45
4198;23;17-10-1954;F;42
4199;23;19-12-1961;M;35
4201;3;19-07-1977;M;19
4202;3;20-05-1970;F;26
4203;1;08-01-1967;F;29
4204;1;03-06-1960;M;36
4205;30;05-02-1935;M;61
4206;22;09-10-1942;M;54
4207;70;02-03-1938;M;58
4209;70;23-02-1933;F;63
4210;40;15-09-1979;M;17
4211;22;17-04-1973;F;23
4212;53;27-05-1945;M;51
4213;64;27-06-1925;F;71
4214;64;03-07-1921;M;75
4215;49;08-06-1952;F;44
4217;9;25-06-1951;F;45
4218;48;06-10-1939;F;57
4219;51;04-01-1944;F;52
4220;33;15-09-1963;M;33
4221;63;26-09-1941;F;55
4222;60;16-08-1928;M;68
4223;54;30-05-1970;M;26
4224;42;03-04-1977;F;19
4225;76;08-08-1977;M;19
4226;31;08-04-1957;M;39
4227;51;24-12-1963;F;33
4229;36;05-10-1961;M;35
4230;74;11-11-1961;F;35
4231;1;08-08-1959;F;37
4232;70;15-02-1971;M;25
4233;46;15-02-1938;M;58
4234;70;08-11-1972;F;24
4235;9;15-11-1975;F;21
4236;42;17-01-1962;F;34
4237;16;31-07-1923;F;73
4238;41;26-04-1971;F;25
4239;70;11-12-1920;M;76
4240;46;21-10-1960;F;36
4241;20;30-03-1950;F;46
4242;20;27-04-1954;M;42
4243;7;26-01-1958;M;38
4244;68;12-08-1922;F;74
4245;68;23-09-1919;M;77
4246;36;09-09-1980;F;16
4247;26;16-01-1975;F;21
4248;9;07-05-1975;F;21
4249;52;21-05-1977;M;19
4250;72;06-09-1961;F;35
4251;44;26-04-1960;M;36
4252;44;28-05-1953;F;43
4253;16;19-05-1936;F;60
4254;65;05-03-1972;M;24
4255;66;28-06-1925;F;71
4256;70;29-03-1957;M;39
4257;1;29-06-1968;F;28
4258;44;11-05-1966;F;30
4259;10;16-06-1949;F;47
4260;12;01-06-1967;M;29
4261;34;04-08-1924;F;72
4262;59;24-04-1925;F;71
4263;73;26-06-1972;F;24
4264;74;21-06-1971;F;25
4265;59;19-01-1978;M;18
4266;1;26-01-1974;F;22
4267;24;21-04-1936;F;60
4268;24;11-06-1928;M;68
4269;45;07-09-1955;F;41
4270;58;05-02-1972;F;24
4271;58;23-07-1964;M;32
4272;42;30-08-1978;F;18
4273;18;29-11-1976;F;20
4274;70;24-05-1937;F;59
4275;49;26-06-1957;F;39
4276;74;05-08-1973;F;23
4277;74;05-11-1979;M;17
4278;33;18-11-1949;M;47
4279;51;13-10-1949;M;47
4280;55;08-01-1944;F;52
4281;54;13-04-1931;M;65
4282;3;09-06-1932;M;64
4283;27;05-09-1924;M;72
4284;68;26-11-1946;M;50
4285;68;28-12-1945;F;51
4286;6;28-09-1965;F;31
4287;62;07-10-1953;F;43
4288;70;08-03-1946;F;50
4289;66;23-11-1981;M;15
4290;32;09-03-1947;M;49
4291;58;07-05-1951;F;45
4292;72;19-07-1952;M;44
4293;4;16-12-1959;F;37
4294;4;22-06-1956;M;40
4295;18;16-03-1960;M;36
4296;57;06-11-1925;M;71
4297;57;16-10-1928;F;68
4298;33;18-04-1920;M;76
4299;50;15-09-1977;F;19
4300;1;15-11-1977;F;19
4301;14;03-05-1956;F;40
4302;30;04-01-1944;F;52
4303;21;05-03-1978;F;18
4304;5;15-06-1945;F;51
4305;40;21-06-1939;F;57
4306;40;17-10-1940;M;56
4307;1;14-04-1977;M;19
4308;44;10-01-1970;F;26
4309;39;26-04-1979;F;17
4310;65;30-05-1925;F;71
4311;59;12-04-1981;M;15
4312;72;20-10-1979;F;17
4313;53;21-02-1968;F;28
4314;58;24-05-1925;F;71
4315;74;25-04-1959;F;37
4316;1;26-08-1943;F;53
4317;53;11-10-1978;F;18
4318;43;11-09-1942;F;54
4319;43;06-11-1946;M;50
4320;66;04-11-1958;F;38
4321;19;18-10-1973;F;23
4322;19;01-10-1970;M;26
4323;40;20-03-1924;M;72
4324;40;22-07-1918;F;78
4325;55;19-07-1947;M;49
4326;1;20-09-1930;M;66
4327;1;23-08-1937;F;59
4328;59;13-06-1976;F;20
4329;64;18-05-1947;F;49
4330;33;02-07-1921;M;75
4331;5;03-09-1959;M;37
4332;57;11-01-1936;M;60
4333;1;20-04-1958;M;38
4334;1;19-02-1954;F;42
4335;54;25-12-1924;F;72
4336;19;02-08-1969;F;27
4337;48;21-04-1966;M;30
4338;30;25-10-1944;M;52
4339;59;15-09-1977;F;19
4340;1;18-07-1949;F;47
4341;76;01-05-1964;M;32
4342;63;07-04-1918;F;78
4343;27;09-08-1929;F;67
4344;54;15-06-1925;M;71
4345;18;29-09-1974;F;22
4346;3;20-09-1973;F;23
4347;54;20-06-1926;F;70
4348;3;17-04-1978;F;18
4349;1;22-08-1959;F;37
4350;1;20-08-1966;M;30
4352;72;24-07-1971;M;25
4353;28;19-09-1979;F;17
4354;28;13-08-1986;M;10
4355;1;29-12-1938;F;58
4358;70;24-10-1942;M;54
4359;64;02-08-1950;M;46
4360;19;10-07-1965;F;31
4361;46;04-05-1955;M;41
4362;50;16-09-1943;M;53
4363;50;01-07-1951;F;45
4364;22;05-12-1977;M;19
4365;10;12-05-1961;M;35
4367;14;30-03-1982;M;14
4368;32;21-10-1977;F;19
4369;53;15-06-1965;M;31
4370;59;28-06-1939;M;57
4371;32;12-12-1968;M;28
4372;3;11-10-1933;M;63
4373;51;20-12-1951;M;45
4376;70;05-03-1954;M;42
4377;48;31-01-1978;M;18
4380;1;13-05-1931;M;65
4381;56;25-01-1959;M;37
4382;18;20-10-1980;M;16
4383;21;01-08-1963;M;33
4384;10;12-01-1973;F;23
4385;21;02-10-1972;F;24
4386;53;27-12-1945;F;51
4387;52;18-02-1946;M;50
4388;4;16-09-1936;F;60
4389;10;01-07-1926;F;70
4390;7;29-04-1972;F;24
4393;1;11-09-1941;F;55
4394;64;30-12-1975;F;21
4395;36;16-05-1958;F;38
4396;63;07-11-1974;F;22
4397;63;26-11-1973;M;23
4398;77;23-07-1958;M;38
4399;61;20-11-1967;F;29
4400;54;29-08-1959;F;37
4401;8;20-07-1968;M;28
4402;23;11-04-1929;M;67
4403;36;19-10-1938;F;58
4404;31;09-04-1951;F;45
4405;47;17-04-1959;F;37
4406;1;01-11-1954;M;42
4407;70;06-07-1975;M;21
4408;62;19-05-1923;M;73
4409;62;22-01-1928;F;68
4410;24;12-01-1976;F;20
4411;54;02-01-1950;M;46
4412;54;26-11-1952;F;44
4413;74;04-05-1977;M;19
4414;50;19-06-1933;M;63
4415;4;09-07-1977;M;19
4416;67;25-12-1970;M;26
4417;1;24-04-1976;M;20
4418;28;19-05-1970;M;26
4420;55;06-05-1957;M;39
4421;1;27-06-1944;F;52
4422;76;31-07-1943;F;53
4423;27;24-05-1918;M;78
4424;21;06-05-1933;M;63
4425;21;15-10-1936;F;60
4426;26;13-09-1969;F;27
4427;30;03-11-1940;M;56
4428;38;09-03-1954;M;42
4429;64;02-04-1945;M;51
4430;64;27-06-1938;F;58
4431;58;30-09-1930;M;66
4432;1;14-03-1964;F;32
4433;1;22-02-1968;M;28
4434;64;29-03-1964;M;32
4435;64;30-10-1965;F;31
4436;27;28-04-1920;M;76
4437;70;26-10-1961;F;35
4438;70;04-12-1957;M;39
4439;70;25-03-1975;M;21
4440;33;26-12-1948;M;48
4441;33;07-10-1943;F;53
4442;23;29-04-1921;F;75
4444;77;28-03-1969;M;27
4445;77;14-04-1964;F;32
4446;71;11-10-1950;F;46
4447;71;16-08-1957;M;39
4448;72;02-05-1942;F;54
4449;8;08-11-1949;M;47
4450;67;05-01-1949;F;47
4451;50;19-10-1927;F;69
4452;70;08-06-1924;F;72
4453;61;29-05-1976;F;20
4454;61;09-02-1976;M;20
4455;70;29-07-1976;M;20
4456;30;23-10-1936;M;60
4457;1;17-01-1943;M;53
4458;22;23-12-1950;F;46
4459;1;21-05-1962;F;34
4460;1;24-02-1957;M;39
4461;54;22-04-1957;F;39
4462;1;13-09-1977;M;19
4463;76;17-08-1923;M;73
4464;53;19-11-1964;M;32
4465;74;02-06-1937;M;59
4466;75;07-10-1922;F;74
4467;20;17-11-1944;F;52
4468;20;04-05-1944;M;52
4469;8;28-02-1973;F;23
4471;64;11-06-1975;F;21
4472;74;25-07-1965;M;31
4473;1;27-12-1944;M;52
4474;3;09-12-1964;F;32
4476;3;13-01-1927;M;69
4477;74;18-01-1957;M;39
4478;74;14-05-1952;F;44
4479;2;24-07-1958;F;38
4480;74;30-03-1963;M;33
4481;1;16-06-1975;M;21
4482;56;17-01-1979;M;17
4483;63;29-08-1966;F;30
4484;37;11-04-1955;M;41
4485;36;20-07-1919;M;77
4486;36;14-06-1914;F;82
4487;22;14-08-1974;M;22
4488;22;03-04-1971;F;25
4489;76;24-03-1948;M;48
4490;76;18-02-1956;F;40
4491;2;13-07-1977;F;19
4492;16;08-09-1965;F;31
4493;33;05-10-1947;M;49
4494;54;09-11-1952;M;44
4495;66;11-04-1979;M;17
4496;10;19-02-1971;M;25
4497;10;14-09-1964;F;32
4498;31;28-12-1931;M;65
4499;31;28-09-1929;F;67
4500;17;12-08-1924;M;72
4501;70;18-03-1947;F;49
4502;21;10-01-1932;M;64
4503;21;28-05-1928;F;68
4504;33;24-11-1965;F;31
4505;33;06-07-1966;M;30
4506;11;30-11-1954;F;42
4507;1;03-08-1970;M;26
4508;54;14-11-1921;M;75
4509;54;12-03-1920;F;76
4510;34;28-12-1938;F;58
4511;51;27-04-1945;F;51
4512;1;19-10-1963;M;33
4514;65;25-12-1940;M;56
4515;59;28-09-1920;F;76
4516;1;27-09-1961;F;35
4518;39;04-04-1952;F;44
4519;70;31-10-1951;F;45
4520;1;28-06-1957;F;39
4521;1;09-09-1943;M;53
4522;68;01-11-1950;F;46
4523;68;09-03-1952;M;44
4524;77;14-07-1957;M;39
4525;77;17-07-1964;F;32
4526;70;24-04-1970;F;26
4527;1;04-02-1963;F;33
4528;28;09-01-1922;M;74
4529;37;16-09-1976;M;20
4530;37;18-09-1984;F;12
4531;64;25-06-1964;F;32
4532;39;09-10-1953;M;43
4533;64;29-01-1980;M;16
4534;38;24-12-1954;M;42
4535;1;03-12-1931;F;65
4536;41;14-10-1947;M;49
4539;55;12-12-1942;M;54
4540;69;16-01-1936;M;60
4541;32;02-03-1971;F;25
4542;29;06-02-1954;M;42
4543;1;01-12-1941;M;55
4544;52;13-06-1955;F;41
4545;3;20-01-1936;F;60
4546;23;20-04-1951;F;45
4547;9;30-12-1943;F;53
4548;7;05-01-1958;M;38
4549;10;30-10-1920;F;76
4550;72;17-10-1942;F;54
4551;60;29-04-1924;M;72
4552;60;28-02-1919;F;77
4553;1;23-02-1945;F;51
4554;70;24-07-1937;M;59
4555;52;07-08-1960;M;36
4556;74;31-05-1970;M;26
4557;44;24-10-1932;F;64
4558;44;27-09-1928;M;68
4559;35;09-03-1958;F;38
4560;9;20-10-1963;M;33
4561;40;29-06-1968;F;28
4562;25;11-10-1965;M;31
4563;10;25-07-1971;F;25
4564;10;25-08-1975;M;21
4565;14;03-03-1948;M;48
4567;70;12-02-1937;M;59
4568;70;26-04-1982;M;14
4569;6;09-07-1971;F;25
4570;1;03-11-1939;F;57
4571;1;07-11-1967;M;29
4572;28;21-05-1936;F;60
4573;5;12-10-1955;F;41
4574;20;12-11-1966;F;30
4575;36;20-09-1964;F;32
4576;53;27-06-1958;M;38
4577;64;25-07-1949;F;47
4578;15;27-12-1976;M;20
4579;74;01-07-1939;F;57
4580;30;24-11-1944;F;52
4581;1;16-06-1956;F;40
4582;44;12-10-1918;M;78
4583;61;24-08-1941;F;55
4584;7;24-06-1949;F;47
4585;9;10-09-1948;F;48
4586;9;13-08-1951;M;45
4587;36;06-05-1978;F;18
4588;53;05-11-1976;F;20
4589;2;15-09-1976;F;20
4590;1;17-03-1936;M;60
4591;43;19-08-1933;M;63
4592;1;29-03-1955;F;41
4593;72;03-07-1932;M;64
4594;1;25-11-1940;M;56
4595;1;29-11-1940;F;56
4596;74;31-08-1973;F;23
4597;1;19-05-1952;F;44
4598;25;12-04-1941;F;55
4599;25;05-12-1947;M;49
4600;70;13-03-1967;M;29
4601;1;02-04-1935;M;61
4602;1;04-04-1934;F;62
4603;69;26-07-1946;F;50
4604;67;02-10-1968;M;28
4605;18;09-09-1980;F;16
4606;8;14-10-1937;M;59
4607;74;16-11-1976;F;20
4608;41;18-01-1945;M;51
4609;7;19-12-1976;F;20
4610;34;02-01-1966;F;30
4611;1;10-05-1953;F;43
4612;44;23-09-1960;F;36
4615;56;31-07-1951;M;45
4617;45;20-12-1977;M;19
4618;45;27-03-1972;F;24
4619;77;20-02-1941;F;55
4620;54;01-11-1940;F;56
4621;54;10-02-1946;M;50
4622;50;25-05-1972;F;24
4623;68;09-05-1967;M;29
4624;48;24-05-1966;F;30
4625;48;04-03-1967;M;29
4626;3;24-11-1947;F;49
4627;1;24-03-1942;M;54
4628;1;31-05-1938;F;58
4629;76;10-05-1923;M;73
4630;76;27-09-1915;F;81
4631;8;01-04-1933;F;63
4632;1;18-04-1928;M;68
4633;62;31-10-1980;F;16
4634;67;09-03-1940;F;56
4635;67;28-02-1936;M;60
4636;48;22-09-1977;M;19
4637;61;13-02-1969;M;27
4638;33;26-02-1968;F;28
4639;20;16-05-1980;M;16
4640;75;07-05-1956;F;40
4641;33;12-02-1958;M;38
4642;33;03-08-1960;F;36
4643;1;21-07-1969;F;27
4644;20;19-01-1931;M;65
4647;8;20-08-1978;M;18
4648;33;24-01-1964;M;32
4649;45;25-06-1928;F;68
4650;54;15-07-1965;F;31
4651;2;24-01-1979;M;17
4652;53;26-02-1962;M;34
4653;4;18-12-1946;F;50
4654;2;15-02-1950;F;46
4655;2;14-10-1947;M;49
4656;1;16-09-1942;M;54
4657;15;13-09-1941;M;55
4658;33;11-10-1935;M;61
4659;50;14-04-1959;F;37
4660;60;06-07-1975;F;21
4661;1;11-05-1944;F;52
4662;1;10-02-1927;F;69
4663;72;29-10-1942;M;54
4664;38;05-08-1921;M;75
4665;9;27-08-1926;F;70
4666;9;12-06-1928;M;68
4667;25;26-04-1941;M;55
4668;25;25-06-1938;F;58
4670;51;14-08-1968;F;28
4671;51;27-07-1972;M;24
4672;44;28-08-1949;M;47
4673;69;16-08-1952;M;44
4674;59;27-12-1978;F;18
4675;23;02-10-1975;M;21
4677;3;29-09-1921;F;75
4678;21;06-12-1968;M;28
4679;20;31-01-1948;M;48
4680;72;24-05-1979;F;17
4681;1;08-10-1949;F;47
4682;1;11-08-1953;M;43
4683;51;02-08-1956;M;40
4684;1;05-03-1953;F;43
4685;62;14-07-1964;M;32
4686;39;02-07-1944;M;52
4687;16;19-12-1947;F;49
4688;16;11-09-1940;M;56
4689;50;26-04-1963;M;33
4690;66;26-08-1962;F;34
4691;66;28-01-1964;M;32
4692;76;06-04-1955;F;41
4693;42;02-03-1943;M;53
4694;42;15-04-1943;F;53
4695;52;11-12-1925;M;71
4696;52;12-04-1933;F;63
4697;27;25-09-1957;F;39
4698;45;31-03-1963;M;33
4699;13;12-11-1963;F;33
4700;70;15-06-1937;F;59
4701;22;28-06-1941;M;55
4704;12;29-04-1955;F;41
4705;1;12-09-1955;M;41
4706;58;11-07-1943;F;53
4707;58;05-11-1940;M;56
4708;18;14-07-1950;M;46
4709;54;16-04-1978;M;18
4710;52;09-05-1961;F;35
4711;52;23-07-1955;M;41
4712;37;06-06-1960;F;36
4713;13;04-11-1918;F;78
4714;13;20-08-1911;M;85
4715;15;12-08-1976;F;20
4716;10;02-08-1933;F;63
4717;32;09-08-1944;M;52
4718;2;22-11-1932;M;64
4719;23;18-02-1937;M;59
4720;33;06-05-1946;F;50
4721;65;21-03-1956;F;40
4722;8;28-01-1972;M;24
4723;1;06-02-1941;F;55
4724;53;14-10-1973;F;23
4725;34;17-11-1945;M;51
4726;34;04-07-1952;F;44
4727;74;23-11-1970;F;26
4728;74;31-10-1970;M;26
4729;18;07-07-1945;M;51
4730;68;04-05-1920;M;76
4731;52;11-02-1973;F;23
4732;70;17-03-1918;M;78
4733;1;17-07-1955;M;41
4734;72;21-03-1925;M;71
4735;72;23-10-1922;F;74
4736;56;28-05-1943;F;53
4737;24;01-06-1981;F;15
4739;37;08-03-1960;F;36
4740;28;12-06-1977;M;19
4741;74;29-07-1929;F;67
4742;61;13-04-1949;F;47
4743;61;25-09-1956;M;40
4744;6;18-12-1929;M;67
4745;68;04-08-1948;F;48
4746;39;20-07-1941;F;55
4747;76;27-04-1922;F;74
4748;76;26-01-1928;M;68
4749;57;19-01-1948;F;48
4750;70;04-04-1962;M;34
4751;35;08-01-1973;M;23
4752;7;09-10-1939;M;57
4753;7;18-02-1934;F;62
4754;27;28-12-1939;F;57
4755;71;05-09-1954;F;42
4756;22;08-01-1950;F;46
4757;22;09-10-1945;M;51
4758;50;09-01-1973;F;23
4759;50;21-02-1980;M;16
4760;70;27-03-1935;M;61
4761;70;28-11-1934;F;62
4762;76;13-02-1971;F;25
4763;77;23-02-1944;F;52
4764;54;15-10-1979;M;17
4765;48;06-03-1935;M;61
4766;22;27-05-1967;M;29
4767;26;21-09-1918;F;78
4768;1;03-04-1960;F;36
4769;22;23-01-1923;F;73
4770;22;13-12-1924;M;72
4771;64;07-01-1961;F;35
4772;6;29-01-1950;F;46
4773;33;13-06-1952;F;44
4774;59;14-08-1951;M;45
4775;59;22-07-1948;F;48
4776;1;22-12-1974;M;22
4777;64;23-06-1929;F;67
4778;64;07-03-1922;M;74
4779;52;10-02-1978;M;18
4780;54;01-02-1972;F;24
4781;9;15-08-1966;F;30
4782;25;28-12-1966;M;30
4783;31;16-10-1978;F;18
4784;42;08-12-1920;F;76
4785;42;06-10-1921;M;75
4786;54;16-08-1938;M;58
4787;36;12-03-1962;M;34
4788;39;27-04-1980;F;16
4789;24;26-09-1940;F;56
4790;75;09-02-1946;M;50
4791;51;15-02-1936;M;60
4792;20;25-05-1957;F;39
4793;55;15-02-1946;F;50
4794;20;16-11-1945;F;51
4795;74;18-09-1925;F;71
4796;7;11-03-1928;M;68
4797;59;03-09-1940;F;56
4798;37;02-01-1962;F;34
4799;75;20-03-1946;F;50
4800;75;14-08-1953;M;43
4801;23;25-11-1978;M;18
4802;75;06-07-1971;M;25
4803;45;07-08-1945;M;51
4804;51;07-02-1930;F;66
4805;1;13-03-1935;F;61
4806;19;01-02-1944;F;52
4807;25;28-12-1948;M;48
4808;23;24-11-1981;F;15
4809;19;01-11-1930;M;66
4810;19;26-01-1935;F;61
4811;77;26-03-1971;F;25
4812;1;26-06-1925;M;71
4813;43;25-10-1968;M;28
4814;54;28-02-1962;M;34
4815;15;17-09-1970;M;26
4816;15;04-03-1974;F;22
4817;12;04-09-1969;M;27
4818;1;13-03-1932;M;64
4819;62;13-04-1964;M;32
4820;2;19-09-1969;F;27
4821;35;08-06-1939;F;57
4822;35;13-10-1945;M;51
4823;7;16-04-1982;M;14
4824;54;05-03-1940;M;56
4826;25;27-12-1977;F;19
4831;27;14-08-1958;M;38
4832;56;09-01-1957;F;39
4833;30;28-02-1971;F;25
4836;49;31-12-1952;M;44
4837;56;13-03-1967;F;29
4853;58;01-03-1939;M;57
4861;57;01-11-1977;F;19
4862;1;23-11-1943;F;53
4863;1;02-03-1974;F;22
4877;45;19-02-1957;M;39
4882;36;21-12-1978;M;18
4886;23;09-12-1979;M;17
4892;26;08-03-1969;M;27
4901;72;08-05-1950;F;46
4904;38;19-04-1961;F;35
4906;64;19-10-1976;F;20
4907;64;31-05-1974;M;22
4915;40;19-07-1963;M;33
4916;52;09-01-1939;M;57
4918;11;06-05-1968;M;28
4919;49;26-05-1951;F;45
4923;66;02-07-1962;M;34
4925;45;18-06-1951;M;45
4927;72;16-03-1955;F;41
4928;9;09-02-1976;M;20
4929;74;30-07-1943;M;53
4930;1;30-07-1981;M;15
4937;54;09-11-1960;F;36
4941;60;25-02-1979;F;17
4942;38;05-07-1959;M;37
4944;58;07-04-1982;M;14
4949;54;20-10-1982;M;14
4956;6;10-10-1946;M;50
4959;77;25-04-1979;M;17
4961;54;31-07-1982;M;14
4968;50;26-05-1938;M;58
4969;64;20-07-1968;F;28
4972;70;13-07-1977;F;19
4974;5;30-06-1962;F;34
4975;5;21-10-1961;M;35
4976;36;18-01-1981;M;15
4979;7;28-06-1937;M;59
4989;28;04-09-1935;M;61
4992;55;14-07-1972;F;24
4993;1;27-06-1973;F;23
4994;1;21-06-1978;M;18
5002;65;17-07-1977;F;19
5010;42;08-09-1950;F;46
5012;27;22-09-1972;F;24
5013;1;15-09-1980;M;16
5016;1;05-01-1946;F;50
5028;28;10-04-1976;M;20
5030;1;15-01-1980;M;16
5046;1;22-08-1937;M;59
5050;62;19-01-1951;M;45
5056;67;04-02-1957;F;39
5067;21;10-09-1975;F;21
5072;1;24-03-1981;F;15
5081;1;31-10-1961;F;35
5093;55;12-04-1949;F;47
5107;50;06-10-1947;F;49
5108;50;22-05-1944;M;52
5111;50;12-12-1959;M;37
5117;52;21-03-1975;M;21
5126;43;03-04-1965;M;31
5127;33;05-04-1975;F;21
5128;70;24-12-1963;M;33
5132;51;21-10-1967;M;29
5133;66;10-08-1959;F;37
5134;58;19-07-1967;F;29
5137;5;05-05-1979;M;17
5138;45;05-08-1974;F;22
5141;54;19-05-1953;F;43
5143;77;09-03-1973;M;23
5144;77;07-06-1966;F;30
5145;26;31-10-1950;F;46
5149;15;18-12-1962;M;34
5152;43;09-09-1975;F;21
5159;39;02-12-1964;M;32
5163;43;28-10-1957;F;39
5164;9;30-11-1971;M;25
5171;64;23-09-1956;F;40
5175;63;18-09-1949;F;47
5180;1;20-12-1943;M;53
5189;74;10-01-1961;F;35
5200;33;23-04-1960;F;36
5201;33;19-04-1954;M;42
5203;61;08-09-1945;F;51
5204;47;22-01-1963;M;33
5212;72;12-10-1946;F;50
5213;1;10-10-1980;M;16
5214;47;12-09-1976;M;20
5215;47;15-10-1973;F;23
5217;74;16-07-1940;F;56
5223;2;11-01-1977;F;19
5224;29;24-07-1949;M;47
5232;74;06-04-1948;F;48
5233;66;30-10-1967;M;29
5236;25;03-06-1978;M;18
5237;1;03-08-1977;M;19
5240;74;17-02-1940;M;56
5241;63;26-06-1978;M;18
5243;2;18-04-1970;M;26
5245;38;18-03-1942;F;54
5246;70;15-05-1982;M;14
5247;47;14-04-1943;M;53
5249;5;05-01-1971;F;25
5253;69;07-10-1946;F;50
5254;69;16-09-1948;M;48
5263;1;27-02-1962;F;34
5273;39;10-01-1959;M;37
5275;28;21-05-1950;M;46
5277;44;07-11-1968;F;28
5281;73;24-12-1941;M;55
5283;17;10-03-1982;M;14
5284;51;24-09-1971;F;25
5287;77;02-01-1971;M;25
5308;41;09-07-1974;F;22
5312;71;08-01-1947;M;49
5313;71;16-01-1947;F;49
5318;74;28-03-1968;M;28
5319;74;23-09-1964;F;32
5320;17;07-04-1951;F;45
5321;17;01-02-1950;M;46
5322;73;13-03-1956;F;40
5323;14;17-02-1976;F;20
5325;66;18-09-1970;F;26
5326;66;12-08-1967;M;29
5333;39;29-05-1967;F;29
5334;48;29-12-1935;M;61
5337;1;02-05-1961;M;35
5338;1;25-05-1966;F;30
5347;41;31-03-1949;M;47
5352;40;18-08-1976;F;20
5353;48;22-05-1967;F;29
5354;30;05-01-1967;F;29
5358;54;31-08-1942;M;54
5362;47;09-12-1939;M;57
5364;62;14-03-1964;M;32
5365;62;01-05-1971;F;25
5366;60;20-09-1971;F;25
5367;60;06-06-1979;M;17
5374;63;26-11-1947;M;49
5376;14;23-01-1970;M;26
5379;60;20-03-1978;M;18
5384;73;21-07-1935;M;61
5385;67;01-02-1974;M;22
5389;17;31-08-1968;M;28
5392;16;28-03-1955;F;41
5393;4;03-12-1955;M;41
5395;45;01-06-1962;M;34
5397;72;30-07-1969;F;27
5398;72;23-03-1967;M;29
5399;24;27-12-1972;F;24
5402;30;29-05-1968;F;28
5404;58;18-09-1976;F;20
5409;15;25-03-1948;M;48
5413;33;10-04-1946;M;50
5420;61;19-07-1935;M;61
5433;50;24-09-1975;M;21
5441;18;25-01-1957;M;39
5445;69;16-09-1952;M;44
5450;8;28-08-1940;M;56
5460;63;01-10-1961;M;35
5461;9;20-09-1968;F;28
5462;9;08-09-1963;M;33
5468;68;27-05-1944;F;52
5469;63;02-03-1979;F;17
5472;53;10-05-1956;M;40
5473;70;09-08-1968;F;28
5478;33;27-10-1945;M;51
5487;56;17-09-1947;F;49
5517;57;13-03-1964;M;32
5521;9;15-05-1973;F;23
5526;27;19-03-1947;M;49
5527;27;28-11-1941;F;55
5530;12;29-03-1953;M;43
5531;4;15-05-1979;M;17
5539;74;05-06-1935;M;61
5563;1;01-01-1976;M;20
5565;3;22-12-1966;F;30
5574;9;12-09-1970;F;26
5579;77;16-02-1951;M;45
5580;77;01-03-1952;F;44
5606;4;06-08-1980;M;16
5617;56;01-08-1958;F;38
5618;63;22-03-1953;F;43
5642;70;04-11-1957;F;39
5684;8;02-03-1955;F;41
5699;73;08-10-1950;M;46
5701;2;22-11-1959;F;37
5704;66;09-10-1975;F;21
5722;64;07-10-1959;F;37
5727;54;24-02-1953;M;43
5736;1;16-05-1953;M;43
5753;39;23-05-1948;M;48
5760;66;08-05-1948;M;48
5761;66;11-05-1941;F;55
5774;46;15-01-1960;F;36
5775;46;10-03-1955;M;41
5788;72;04-05-1962;M;34
5801;26;10-12-1979;F;17
5826;15;09-09-1968;M;28
5827;15;28-01-1975;F;21
5858;52;17-07-1952;M;44
5859;52;29-01-1945;F;51
5860;47;22-04-1964;M;32
5866;67;03-04-1978;F;18
5873;5;06-04-1979;F;17
5911;14;03-10-1935;M;61
5928;42;10-09-1970;F;26
5965;50;10-04-1951;M;45
5977;43;31-05-1979;M;17
5978;33;27-01-1944;F;52
6001;60;01-05-1937;M;59
6015;54;21-11-1973;M;23
6033;1;27-05-1966;M;30
6034;20;15-08-1939;M;57
6039;1;03-07-1958;F;38
6040;1;10-04-1963;M;33
6042;53;12-10-1963;M;33
6052;40;06-04-1949;M;47
6067;70;13-03-1950;F;46
6077;54;30-04-1980;F;16
6112;43;28-12-1958;F;38
6114;66;15-02-1940;F;56
6115;13;25-12-1953;F;43
6122;6;16-02-1968;F;28
6144;54;19-12-1956;F;40
6175;72;17-05-1964;M;32
6178;1;15-10-1940;F;56
6183;1;16-11-1963;M;33
6185;58;05-03-1948;F;48
6186;58;27-05-1952;M;44
6191;74;24-12-1952;M;44
6196;68;09-03-1943;M;53
6235;5;04-04-1940;M;56
6255;54;01-01-1946;F;50
6256;54;21-05-1941;M;55
6257;75;20-08-1942;F;54
6272;1;10-10-1942;M;54
6275;13;30-12-1956;M;40
6299;1;09-08-1936;M;60
6301;55;08-03-1949;F;47
6317;77;27-01-1957;F;39
6318;77;05-03-1950;M;46
6342;8;04-06-1954;M;42
6349;72;03-12-1972;M;24
6359;64;06-07-1976;M;20
6363;4;20-10-1973;F;23
6366;49;21-02-1966;M;30
6367;44;28-04-1970;M;26
6383;15;07-01-1970;M;26
6391;34;30-01-1952;M;44
6408;47;29-06-1956;M;40
6417;40;07-01-1950;M;46
6422;28;23-09-1960;M;36
6452;64;17-07-1942;M;54
6468;70;23-02-1944;M;52
6469;4;16-03-1953;M;43
6473;76;30-09-1940;F;56
6474;76;30-11-1934;M;62
6478;3;20-05-1951;M;45
6481;1;24-12-1958;F;38
6485;48;21-05-1962;F;34
6499;44;01-02-1963;M;33
6501;1;04-11-1970;M;26
6511;47;07-08-1953;M;43
6544;66;04-08-1974;M;22
6545;66;09-09-1978;F;18
6546;1;22-08-1963;F;33
6551;24;12-08-1948;F;48
6552;71;21-02-1955;M;41
6567;5;21-11-1978;F;18
6571;72;24-03-1971;F;25
6604;72;26-07-1948;M;48
6610;57;03-06-1954;M;42
6616;1;18-06-1953;M;43
6619;43;18-12-1943;F;53
6644;1;06-09-1959;F;37
6691;43;15-10-1942;M;54
6698;43;13-07-1952;F;44
6729;15;27-12-1957;M;39
6731;13;26-11-1943;M;53
6749;9;29-09-1943;F;53
6750;9;04-06-1946;M;50
6753;15;23-05-1962;M;34
6764;19;12-04-1944;M;52
6789;57;26-03-1979;M;17
6798;61;03-08-1948;F;48
6803;5;07-12-1980;F;16
6804;5;07-06-1981;M;15
6827;59;28-04-1969;M;27
6829;10;24-12-1963;F;33
6844;53;05-09-1971;F;25
6886;66;13-03-1942;F;54
6892;1;22-03-1951;F;45
6893;1;14-01-1944;M;52
6895;42;24-06-1971;M;25
6906;64;25-09-1949;M;47
6922;14;27-04-1939;F;57
6924;17;23-08-1967;M;29
6936;52;27-02-1959;F;37
6944;43;13-03-1970;M;26
6946;74;29-01-1970;F;26
6967;44;17-12-1953;M;43
6978;38;05-04-1965;M;31
6987;1;29-01-1968;M;28
7010;70;30-06-1967;M;29
7011;70;14-04-1961;F;35
7043;77;30-06-1940;M;56
7065;5;07-07-1971;F;25
7100;30;23-09-1961;F;35
7102;75;20-07-1967;F;29
7112;76;24-06-1961;M;35
7127;3;29-09-1957;M;39
7150;45;16-09-1963;F;33
7166;15;13-05-1964;M;32
7186;27;01-06-1944;F;52
7195;50;11-09-1962;M;34
7234;28;04-08-1965;M;31
7241;57;06-09-1957;F;39
7286;47;10-02-1970;F;26
7291;77;02-12-1940;F;56
7299;1;16-09-1938;M;58
7311;56;18-05-1949;M;47
7324;1;18-03-1963;F;33
7325;24;24-01-1975;M;21
7327;49;22-05-1959;M;37
7339;19;28-02-1974;F;22
7348;6;26-10-1977;F;19
7366;29;12-04-1973;F;23
7390;1;04-11-1937;M;59
7411;54;25-01-1963;F;33
7412;54;17-10-1955;M;41
7422;74;26-11-1958;M;38
7423;74;08-09-1964;F;32
7434;34;04-04-1942;F;54
7435;67;16-04-1957;F;39
7521;74;09-02-1960;F;36
7567;5;15-03-1937;M;59
7576;38;10-07-1962;M;34
7586;56;28-01-1973;F;23
7594;64;07-04-1949;F;47
7614;64;05-03-1977;M;19
7632;1;11-01-1948;M;48
7672;26;05-04-1953;M;43
7678;3;07-04-1962;M;34
7683;12;01-04-1946;M;50
7723;48;14-06-1966;F;30
7724;48;23-02-1968;M;28
7727;31;13-06-1958;F;38
7753;70;23-09-1978;F;18
7765;1;24-02-1958;F;38
7772;1;30-12-1976;F;20
7787;34;10-07-1951;M;45
7796;50;27-09-1975;F;21
7797;50;30-07-1970;M;26
7800;16;30-08-1957;F;39
7814;61;06-01-1976;F;20
7815;4;19-01-1946;F;50
7843;6;11-05-1966;M;30
7855;7;30-01-1964;F;32
7862;74;17-10-1965;M;31
7863;72;12-03-1959;M;37
7864;34;14-12-1935;M;61
7914;38;24-10-1966;F;30
7959;1;29-06-1978;F;18
7970;74;20-11-1967;M;29
7980;16;08-08-1976;M;20
8013;43;22-06-1942;M;54
8030;1;19-07-1967;M;29
8064;54;29-11-1966;F;30
8074;61;07-10-1958;M;38
8076;16;27-07-1950;F;46
8089;35;06-04-1965;M;31
8091;5;10-02-1971;M;25
8096;38;02-11-1979;F;17
8105;72;12-03-1963;M;33
8130;62;08-05-1976;F;20
8200;1;31-05-1944;F;52
8217;69;02-08-1978;M;18
8276;43;08-06-1979;F;17
8287;14;26-09-1936;M;60
8295;15;23-01-1951;F;45
8327;48;31-08-1945;F;51
8333;60;01-02-1966;M;30
8342;76;30-07-1979;M;17
8356;3;04-09-1969;M;27
8359;74;06-12-1979;M;17
8362;74;15-09-1975;F;21
8366;41;21-05-1960;F;36
8392;36;08-05-1966;F;30
8393;36;06-05-1966;M;30
8432;38;06-01-1968;F;28
8433;38;11-09-1961;M;35
8463;75;04-09-1947;M;49
8489;75;27-12-1952;F;44
8502;51;19-04-1943;M;53
8506;69;25-12-1979;F;17
8510;55;24-05-1947;M;49
8548;57;10-05-1945;F;51
8568;1;03-12-1971;F;25
8571;54;26-10-1935;M;61
8598;46;31-12-1957;F;39
8610;55;02-05-1948;F;48
8611;55;26-10-1948;M;48
8615;12;13-04-1939;F;57
8636;71;12-11-1941;F;55
8661;1;11-05-1954;F;42
8666;7;28-08-1971;F;25
8667;77;12-02-1967;F;29
8670;5;07-01-1943;F;53
8677;49;14-08-1955;M;41
8678;49;12-07-1962;F;34
8692;71;07-07-1953;F;43
8726;10;10-08-1953;M;43
8737;17;11-04-1948;F;48
8738;17;10-07-1948;M;48
8764;70;07-07-1940;F;56
8777;11;11-04-1953;F;43
9173;1;04-02-1945;M;51
9174;1;09-10-1940;F;56
9196;21;23-04-1939;F;57
9202;68;09-02-1962;M;34
9217;19;30-01-1940;F;56
9226;64;25-12-1939;F;57
9231;29;24-09-1972;F;24
9236;31;07-05-1956;F;40
9250;1;14-01-1963;M;33
9273;39;26-08-1955;F;41
9274;39;05-04-1958;M;38
9276;4;06-11-1946;M;50
9313;9;17-04-1960;F;36
9316;63;26-10-1958;F;38
9340;54;22-08-1967;M;29
9346;43;10-12-1972;M;24
9362;56;19-07-1973;F;23
9366;72;26-06-1975;M;21
9370;59;20-12-1975;M;21
9403;16;22-03-1974;M;22
9417;21;08-03-1949;M;47
9418;1;10-04-1950;M;46
9419;1;09-11-1950;F;46
9427;62;09-11-1970;F;26
9428;62;09-05-1965;M;31
9433;72;22-03-1945;F;51
9450;68;11-10-1943;F;53
9451;68;05-05-1942;M;54
9456;40;07-12-1941;F;55
9457;46;26-09-1978;M;18
9458;46;21-11-1973;F;23
9505;1;21-08-1958;M;38
9546;50;02-11-1955;F;41
9555;13;15-05-1947;F;49
9569;19;18-07-1950;F;46
9582;2;14-04-1942;F;54
9593;74;28-01-1968;F;28
9606;52;16-02-1949;M;47
9611;23;27-05-1958;M;38
9616;74;19-09-1962;M;34
9641;64;26-01-1945;M;51
9642;64;03-09-1937;F;59
9663;19;24-09-1945;M;51
9664;19;13-11-1944;F;52
9670;38;04-05-1948;M;48
9675;60;19-02-1970;F;26
9680;36;21-08-1977;M;19
9702;33;16-11-1951;F;45
9715;35;30-11-1977;F;19
9717;52;10-11-1952;F;44
9718;52;03-02-1959;M;37
9721;34;05-12-1954;M;42
9755;23;05-06-1951;F;45
9760;27;17-02-1969;M;27
9775;70;23-06-1960;M;36
9776;70;05-03-1961;F;35
9798;69;02-03-1950;F;46
9820;59;21-01-1968;F;28
9833;51;21-09-1964;M;32
9834;51;17-03-1960;F;36
9844;55;03-08-1945;M;51
9845;55;15-06-1943;F;53
9846;54;01-07-1967;F;29
9872;9;17-03-1967;F;29
9880;10;10-12-1970;F;26
9914;36;08-12-1942;M;54
9915;27;10-07-1967;M;29
9929;47;19-07-1967;F;29
9930;9;23-06-1972;M;24
9933;74;15-10-1941;M;55
9945;31;14-04-1968;F;28
9946;31;20-04-1960;M;36
9973;24;03-10-1945;F;51
9987;73;19-06-1950;F;46
9995;54;07-07-1958;M;38
9997;67;07-06-1962;M;34
10023;59;20-03-1973;F;23
10040;37;30-10-1968;F;28
10041;37;17-04-1968;M;28
10043;45;29-10-1965;M;31
10046;5;17-09-1946;F;50
10066;64;23-05-1963;F;33
10070;9;23-04-1974;M;22
10075;48;01-07-1964;M;32
10076;26;25-12-1969;F;27
10077;26;27-06-1973;M;23
10090;29;14-03-1980;F;16
10095;1;06-02-1976;F;20
10096;1;05-01-1978;M;18
10145;4;25-07-1965;F;31
10159;50;06-01-1938;M;58
10198;31;24-05-1976;M;20
10199;31;13-08-1979;F;17
10200;13;16-02-1980;F;16
10201;13;19-10-1985;M;11
10209;59;27-10-1975;M;21
10269;70;11-05-1940;F;56
10273;51;27-09-1958;F;38
10274;51;11-10-1956;M;40
10275;77;25-01-1970;F;26
10276;77;16-11-1976;M;20
10282;1;19-06-1979;M;17
10287;48;03-09-1962;F;34
10288;48;07-06-1959;M;37
10303;64;05-04-1962;M;34
10350;29;14-09-1961;F;35
10351;29;10-11-1958;M;38
10355;14;10-07-1976;F;20
10382;20;17-02-1965;F;31
10389;20;15-08-1943;F;53
10459;17;09-08-1964;F;32
10475;51;28-08-1948;F;48
10476;51;04-12-1950;M;46
10479;2;20-10-1955;F;41
10492;70;11-11-1937;M;59
10510;23;26-01-1945;F;51
10511;23;15-01-1950;M;46
10517;54;12-09-1980;F;16
10528;47;16-02-1952;F;44
10543;14;23-02-1945;F;51
10555;1;15-12-1935;M;61
10563;68;07-01-1949;M;47
10564;68;19-03-1954;F;42
10566;74;09-11-1942;F;54
10636;64;03-08-1971;M;25
10639;2;29-01-1954;M;42
10654;46;16-07-1962;F;34
10662;60;25-08-1949;F;47
10702;17;03-05-1938;M;58
10703;17;28-04-1943;F;53
10714;66;31-03-1946;F;50
10746;53;04-08-1971;M;25
10777;70;27-01-1980;F;16
10778;70;19-03-1976;M;20
10798;1;23-03-1980;F;16
10813;1;13-05-1979;F;17
10818;64;04-08-1972;M;24
10828;1;23-11-1957;F;39
10912;15;09-01-1963;M;33
10960;28;20-02-1942;M;54
10963;1;15-06-1944;M;52
10987;62;03-10-1961;F;35
10988;62;13-06-1964;M;32
10997;1;06-02-1972;F;24
10998;1;19-12-1967;M;29
11004;63;16-11-1947;M;49
11008;51;19-05-1969;F;27
11034;1;19-02-1972;M;24
11050;70;04-05-1957;F;39
11063;64;04-11-1955;F;41
11064;64;09-07-1953;M;43
11083;61;17-10-1953;M;43
11093;40;29-01-1959;M;37
11105;70;01-02-1957;F;39
11114;1;26-07-1952;M;44
11121;72;10-04-1971;F;25
11122;72;10-06-1979;M;17
11123;47;29-01-1948;M;48
11126;1;22-01-1965;F;31
11130;1;08-04-1961;F;35
11131;1;26-07-1957;M;39
11136;3;27-07-1944;F;52
11147;5;12-07-1972;F;24
11149;43;14-07-1965;M;31
11195;58;05-12-1953;M;43
11208;10;05-03-1957;F;39
11250;26;23-09-1946;F;50
11252;32;08-12-1965;F;31
11266;9;25-09-1938;M;58
11267;9;26-08-1936;F;60
11271;18;08-12-1937;M;59
11274;64;14-04-1969;M;27
11275;64;18-04-1963;F;33
11286;56;27-11-1940;F;56
11304;28;20-10-1960;F;36
11314;45;02-06-1936;M;60
11319;1;14-04-1942;F;54
11327;72;21-10-1947;M;49
11329;69;31-01-1961;F;35
11331;70;14-12-1944;F;52
11337;29;03-04-1969;M;27
11359;11;20-08-1972;M;24
11360;11;19-04-1972;F;24
11362;51;11-01-1966;F;30
11371;37;04-11-1941;F;55
11372;11;28-09-1961;M;35
11379;74;28-05-1952;M;44
11380;74;06-04-1951;F;45
11381;57;26-07-1979;F;17
11405;68;29-07-1964;F;32
11406;68;15-11-1970;M;26
11409;32;02-05-1980;F;16
11461;70;08-07-1974;M;22
11491;36;16-05-1958;F;38
11497;11;17-07-1959;F;37
11516;59;09-11-1938;M;58
11517;59;21-05-1940;F;56
11545;1;22-01-1966;F;30
11574;1;20-04-1944;F;52
11596;70;04-12-1940;F;56
11598;54;23-09-1977;F;19
11609;59;11-02-1957;M;39
11637;73;12-06-1951;M;45
11638;73;24-08-1954;F;42
11662;76;03-04-1972;M;24
11676;5;12-03-1943;F;53
11683;7;28-01-1980;M;16
11685;64;23-07-1965;F;31
11686;21;18-10-1948;F;48
11687;21;23-01-1945;M;51
11701;9;14-04-1949;M;47
11709;1;03-08-1961;M;35
11710;1;19-06-1967;F;29
11713;59;11-04-1951;F;45
11714;59;04-07-1945;M;51
11732;19;20-05-1957;F;39
11754;62;03-11-1966;M;30
11755;4;16-07-1945;F;51
11768;1;12-09-1971;F;25
11794;31;07-10-1970;F;26
11795;31;23-02-1977;M;19
11804;74;12-12-1944;M;52
11851;65;02-04-1970;M;26
11855;11;01-12-1957;M;39
11857;70;26-08-1952;M;44
11860;70;30-08-1925;F;71
11866;1;02-09-1937;M;59
11867;1;19-11-1934;F;62
11873;38;20-11-1963;F;33
11874;1;19-01-1969;M;27
11875;1;23-06-1967;F;29
11886;61;13-09-1941;F;55
11906;76;03-12-1944;M;52
11907;76;16-11-1945;F;51
11911;8;24-10-1939;M;57
11943;1;09-07-1961;M;35
11947;70;29-05-1964;M;32
11976;54;27-10-1939;F;57
11977;54;01-07-1944;M;52
11978;54;09-10-1971;M;25
11979;54;09-12-1977;F;19
12003;74;23-06-1976;M;20
12050;52;30-05-1943;M;53
12051;52;30-09-1936;F;60
12079;64;12-08-1972;F;24
12092;68;15-05-1977;M;19
12095;47;27-02-1939;M;57
12102;21;07-09-1968;F;28
12133;27;26-06-1964;F;32
12144;2;23-11-1980;M;16
12145;2;25-06-1982;F;14
12163;1;16-06-1954;M;42
12181;1;19-08-1961;M;35
12220;60;12-11-1971;F;25
12221;60;24-02-1971;M;25
12303;24;05-04-1974;F;22
12308;64;29-11-1978;M;18
12324;8;06-03-1978;M;18
12325;8;30-10-1964;M;32
12328;1;08-04-1944;F;52
12344;26;20-06-1940;F;56
12358;17;05-07-1943;M;53
12359;17;13-10-1935;F;61
12376;4;17-02-1959;M;37
12378;76;27-08-1946;F;50
12382;1;29-11-1955;M;41
12383;1;13-05-1963;F;33
12396;62;17-01-1970;F;26
12397;62;02-06-1973;M;23
12416;1;30-05-1973;M;23
12417;1;03-01-1974;F;22
12432;55;07-03-1965;M;31
12464;39;17-12-1959;M;37
12468;22;04-07-1969;M;27
12485;34;10-04-1965;F;31
12490;34;14-08-1980;M;16
12547;70;13-10-1963;F;33
12561;38;20-06-1966;M;30
12568;44;01-03-1956;F;40
12577;62;05-05-1950;F;46
12586;27;30-01-1947;M;49
12599;44;01-01-1956;M;40
12616;27;26-01-1965;F;31
12625;54;07-12-1958;M;38
12643;69;20-07-1962;F;34
12662;14;01-06-1953;M;43
12695;68;16-03-1979;M;17
12726;8;09-08-1945;F;51
12729;36;21-03-1968;M;28
12730;36;29-09-1964;F;32
12738;23;29-10-1960;F;36
12739;23;17-01-1958;M;38
12750;21;25-05-1940;F;56
12754;55;20-08-1960;M;36
12755;55;01-11-1959;F;37
12756;22;21-01-1949;F;47
12802;1;12-08-1969;M;27
12810;39;14-10-1964;M;32
12840;60;27-07-1939;M;57
12843;66;05-05-1953;M;43
12844;45;15-10-1946;M;50
12850;72;26-08-1955;M;41
12851;72;27-09-1957;F;39
12859;1;21-05-1976;F;20
12890;70;20-01-1958;F;38
12908;12;12-03-1941;M;55
12943;55;12-10-1970;M;26
12986;40;08-05-1973;F;23
12991;51;16-01-1947;M;49
13044;52;01-03-1976;M;20
13051;55;13-01-1965;M;31
13071;41;18-02-1956;M;40
13089;16;14-02-1979;F;17
13090;2;18-04-1980;F;16
13095;76;16-03-1950;M;46
13098;1;15-12-1978;F;18
13102;8;15-04-1949;M;47
13113;11;25-11-1976;M;20
13123;56;17-02-1978;F;18
13134;1;03-11-1962;F;34
13151;73;22-12-1958;M;38
13171;19;26-06-1950;F;46
13172;36;19-10-1938;M;58
13190;71;28-11-1956;M;40
13201;31;17-05-1937;M;59
13231;1;01-07-1959;M;37
13246;46;13-01-1942;F;54
13260;72;27-05-1977;F;19
13261;75;01-08-1944;M;52
13262;75;09-02-1938;F;58
13276;76;20-01-1977;M;19
13285;34;25-12-1935;M;61
13290;16;23-06-1941;M;55
13291;16;13-11-1940;F;56
13346;50;15-04-1956;M;40
13380;65;18-09-1942;M;54
13404;48;25-09-1966;M;30
13405;32;13-08-1958;M;38
13406;42;18-04-1978;F;18
13412;1;20-03-1954;M;42
13417;25;17-11-1951;F;45
13447;13;05-05-1970;F;26
13448;13;08-07-1968;M;28
13451;44;18-11-1955;F;41
13468;25;31-10-1960;M;36
13469;25;08-12-1955;F;41
13480;16;01-06-1953;M;43
13490;18;25-05-1969;F;27
13539;63;07-09-1978;M;18
13548;1;18-03-1976;M;20
13556;32;19-07-1958;M;38
13576;72;07-07-1974;M;22
13588;46;29-01-1974;M;22
13590;59;03-08-1977;M;19
13603;46;28-07-1941;M;55
13608;37;15-05-1963;F;33
13620;16;26-07-1970;M;26
13640;28;09-06-1955;F;41
13657;59;12-05-1963;F;33
13658;59;23-04-1957;M;39
13673;39;20-02-1971;M;25
13687;75;23-05-1959;M;37
13690;70;16-05-1963;M;33
13694;1;20-01-1976;F;20
13750;12;13-11-1980;F;16
13751;12;20-07-1979;M;17
13803;1;14-11-1947;M;49
13820;33;31-07-1948;F;48
13845;15;16-02-1973;M;23
13852;5;26-01-1972;M;24
13886;44;12-04-1954;F;42
13912;50;20-11-1975;M;21
13915;77;23-11-1974;M;22
13921;62;20-12-1970;F;26
13923;7;22-02-1979;F;17
13924;54;09-09-1952;F;44
13931;8;01-01-1942;M;54
13955;1;30-10-1945;F;51
13956;1;06-04-1943;M;53
13968;61;13-04-1968;M;28
13971;67;19-10-1962;F;34
13998;74;12-08-1953;F;43
